Anomaly_Score,IF_Score,AE_Score,is_anomaly,is_high_return,is_whale_anomaly,is_suspicious,Recency,Frequency,Monetary,Return_Rate,Avg_Basket_Size,Max_Single_Order,Monetary_Percentile,Purchase_Rate,Unique_Products,Days_Since_Purchase,Interpurchase_Std,Revenue_Per_Day
0.05245924180624062,0.08807307933496489,0.023320647,False,False,False,False,0.0,0,0.0,0.0,130.0,201.60000000000002,0.20946196660482375,0.0,5,276.0,0.0,0.0
0.12413466650186396,0.2260216599358103,0.04077258,False,False,False,False,52.0,2,193.47000000000003,0.0,52.0,339.29,0.5810760667903525,0.0072992700729927005,26,222.0,9.253842330815775,0.706094890510949
0.09508863658109126,0.10011981362322564,0.090972215,False,False,False,False,0.0,0,0.0,0.0,212.0,227.68,0.20946196660482375,0.0,46,6.0,0.0,0.0
0.07476499562346242,0.04689708097959672,0.097566016,False,False,False,False,0.0,0,0.0,0.0,308.0,173.45,0.20946196660482375,0.0,19,58.0,0.0,0.0
0.29178994961364824,0.2591849381787636,0.31846678,False,False,False,False,99.0,1,15.0,0.0,181.0,1024.36,0.4217068645640074,0.004405286343612335,77,128.0,11.241370959657527,0.06607929515418502
0.05329627101288182,0.09424363832045357,0.01979388,False,False,False,False,0.0,0,0.0,0.0,128.0,228.67,0.20946196660482375,0.0,56,172.0,0.0,0.0
0.05494480491803967,0.09281592040430359,0.023959346,False,False,False,False,0.0,0,0.0,0.0,16.0,50.8,0.20946196660482375,0.0,3,190.0,0.0,0.0
0.05608255238321104,0.09470618866078673,0.024481395,False,False,False,False,0.0,0,0.0,0.0,40.0,123.24,0.20946196660482375,0.0,8,278.0,0.0,0.0
0.08110302231806923,0.13343673016403362,0.038284533,False,False,False,False,110.0,2,133.74,0.0,81.33333333333333,354.34999999999997,0.5024118738404453,0.014814814814814815,23,25.0,17.621141148762625,0.9906666666666667
0.02178152210292037,0.030052120222577694,0.015014669,False,False,False,False,0.0,0,0.0,0.0,106.0,359.73,0.20946196660482375,0.0,22,176.0,0.0,0.0
0.11380538321427507,0.1764723901813119,0.06253237,False,False,False,False,81.0,1,253.55,0.0,64.0,318.65000000000003,0.6515769944341373,0.011627906976744186,27,5.0,15.118578920369089,2.9482558139534887
0.04456394363904147,0.06767176738964514,0.025657542,False,False,False,False,0.0,0,0.0,0.0,107.0,378.85,0.20946196660482375,0.0,33,239.0,0.0,0.0
0.17619793119174443,0.24024844174345783,0.12379297,False,False,False,False,0.0,0,0.0,0.0,290.0,1289.5,0.20946196660482375,0.0,5,241.0,0.0,0.0
0.09489589155360564,0.14771217208536697,0.05168257,False,False,False,False,55.0,1,217.65,0.0,137.5,217.65,0.6133580705009276,0.007692307692307693,83,75.0,5.540283101259827,1.6742307692307692
0.11487993434649522,0.22869793749146583,0.021756113,False,False,False,False,172.0,2,83.35,0.0,65.33333333333333,149.41,0.44341372912801486,0.008130081300813009,18,74.0,31.189883352289275,0.3388211382113821
0.09074606902808076,0.14459331763916822,0.046689227,False,False,False,False,139.0,1,257.37,0.0,110.0,257.37,0.6564007421150279,0.004975124378109453,115,62.0,12.197591975467946,1.28044776119403
0.10627200246329195,0.19117689746342514,0.03680436,False,False,False,False,145.0,4,223.89249999999998,0.0,128.4,302.46,0.6207792207792208,0.026143790849673203,129,8.0,7.124775249806023,1.4633496732026143
0.1403355047152548,0.2388811459245746,0.059707254,False,False,False,False,91.0,4,125.7075,0.0,58.833333333333336,161.9,0.49165120593692024,0.034482758620689655,37,25.0,7.0177738393214115,1.0836853448275863
0.07706445603394192,0.15428556768317314,0.013883546,False,False,False,False,153.0,2,130.01999999999998,0.0,51.333333333333336,159.22,0.4972170686456401,0.010050251256281407,23,46.0,23.758525469134923,0.6533668341708542
0.14665630924191247,0.1896384544391581,0.111489095,False,False,False,False,183.0,1,301.52,0.0,176.5,681.05,0.7038961038961039,0.00425531914893617,29,52.0,32.17335854398791,1.2830638297872339
0.1200723527845082,0.19665861935004864,0.057410862,False,False,False,False,77.0,1,117.35999999999999,0.0,109.0,117.36,0.4753246753246753,0.012658227848101266,16,2.0,19.25,1.4855696202531643
0.047408056075852155,0.03207706039808644,0.059951596,False,False,False,False,0.0,0,0.0,0.0,336.0,307.72,0.20946196660482375,0.0,21,95.0,0.0,0.0
0.11456273462736845,0.16107882816182773,0.07650411,False,False,False,False,131.0,1,299.92,0.0,151.5,299.92,0.7009276437847867,0.006097560975609756,138,33.0,10.841637140691068,1.8287804878048781
0.42936294450416795,0.2665429462780474,0.5625793,False,False,False,False,146.0,1,18.72,0.0,292.5,903.67,0.4230055658627087,0.006666666666666667,54,4.0,19.868083469241334,0.1248
0.07318317728612213,0.13906575380372532,0.01927925,False,False,False,False,160.0,2,183.37,0.0,87.33333333333333,235.94,0.5677179962894249,0.011560693641618497,29,13.0,20.599273027490167,1.059942196531792
0.03889731870660304,0.04518762631701362,0.0337507,False,False,False,False,0.0,0,0.0,0.0,320.0,455.3,0.20946196660482375,0.0,31,86.0,0.0,0.0
0.1672028115610597,0.2398078389124335,0.107798696,False,False,False,False,254.0,3,526.2766666666666,0.0,390.5,581.82,0.8927643784786642,0.011152416356877323,102,15.0,15.933577540365029,1.9564188351920693
0.012415037615917127,0.006277770496787849,0.017436437,False,False,False,False,0.0,0,0.0,0.0,170.0,306.13,0.20946196660482375,0.0,15,111.0,0.0,0.0
0.07718630444481442,0.156650312084279,0.012170298,False,False,False,False,199.0,4,176.5125,0.0,71.33333333333333,264.27,0.5576994434137291,0.01809954751131222,36,22.0,16.781053050884474,0.7986990950226244
0.05054349014344058,0.08042141649860457,0.026097914,False,False,False,False,0.0,0,0.0,0.0,18.5,43.650000000000006,0.20946196660482375,0.0,8,197.0,0.0,0.0
0.016160191827857114,0.023533185218426067,0.010127743,False,False,False,False,0.0,0,0.0,0.0,55.0,178.39,0.20946196660482375,0.0,24,111.0,0.0,0.0
0.03667751123294982,0.04760221435594897,0.027739117,False,False,False,False,0.0,0,0.0,0.0,28.0,114.77,0.20946196660482375,0.0,18,38.0,0.0,0.0
0.05565752075195711,0.09797726830576087,0.021032272,False,False,False,False,0.0,0,0.0,0.0,185.0,415.47,0.20946196660482375,0.0,59,121.0,0.0,0.0
0.05784227218301137,0.05492270580201325,0.060231008,False,False,False,False,0.0,0,0.0,0.0,358.0,413.46,0.20946196660482375,0.0,24,137.0,0.0,0.0
0.05795385481145116,0.05096256272055777,0.063674,False,False,False,False,0.0,0,0.0,0.0,216.0,147.12,0.20946196660482375,0.0,3,48.0,0.0,0.0
0.06186499723739477,0.11835484242984656,0.015646033,False,False,False,False,192.0,2,295.125,0.0,131.33333333333334,428.85,0.69721706864564,0.00904977375565611,42,29.0,19.88575533657503,1.3354072398190044
0.020401005846515836,0.02619831145859547,0.015657755,False,False,False,False,0.0,0,0.0,0.0,96.0,344.90000000000003,0.20946196660482375,0.0,20,176.0,0.0,0.0
0.133415904347564,0.22785464195071592,0.056147844,False,False,False,False,86.0,1,618.9,0.0,317.5,618.9,0.9183673469387755,0.005208333333333333,66,106.0,10.462776733243295,3.2234374999999997
0.018263057936140595,0.03109799416563841,0.0077617466,False,False,False,False,0.0,0,0.0,0.0,100.0,179.0,0.20946196660482375,0.0,1,108.0,0.0,0.0
0.10957391779385917,0.18093363765793624,0.051188692,False,False,False,False,140.0,1,215.65,0.0,106.5,215.65,0.6092764378478664,0.0038022813688212928,21,123.0,29.19201796799048,0.8199619771863118
0.03377670358414182,0.04576264221457926,0.023970027,False,False,False,False,0.0,0,0.0,0.0,154.0,157.02,0.20946196660482375,0.0,10,227.0,0.0,0.0
0.10518997584188398,0.18836015323586852,0.037141647,False,False,False,False,63.0,2,109.375,0.0,89.0,144.2,0.46159554730983304,0.00909090909090909,22,157.0,10.679916013743087,0.4971590909090909
0.04418355412361351,0.05239744152354592,0.0374631,False,False,False,False,0.0,0,0.0,0.0,46.0,157.11,0.20946196660482375,0.0,16,19.0,0.0,0.0
0.0954397438823459,0.1916529272958697,0.016719867,False,False,False,False,167.0,3,117.22666666666667,0.0,60.75,165.85,0.4749536178107607,0.011152416356877323,57,102.0,12.382829372838668,0.4357868649318464
0.028931839327323634,0.04912416953799503,0.012410842,False,False,False,False,0.0,0,0.0,0.0,28.0,185.39999999999998,0.20946196660482375,0.0,2,128.0,0.0,0.0
0.07284025751980092,0.12042362857597727,0.033908408,False,False,False,False,133.0,1,157.47,0.0,92.0,243.49,0.5358070500927644,0.00641025641025641,66,23.0,16.007351252397974,1.009423076923077
0.0280175639359185,0.05268016251547003,0.007839074,False,False,False,False,0.0,0,0.0,0.0,28.0,85.0,0.20946196660482375,0.0,5,122.0,0.0,0.0
0.19555309541065508,0.29554090846554026,0.11374488,False,False,False,False,115.0,1,527.8,0.0,431.0,980.28,0.8931354359925788,0.004347826086956522,92,115.0,11.737138350836053,2.2947826086956518
0.03881922444624526,0.0393180980930245,0.038411055,False,False,False,False,0.0,0,0.0,0.0,296.0,358.82,0.20946196660482375,0.0,21,43.0,0.0,0.0
0.15260703432088926,0.24625240801718135,0.07598809,False,False,False,False,93.0,2,64.8,0.0,57.333333333333336,105.0,0.43562152133580706,0.020618556701030927,9,4.0,19.44679350889955,0.668041237113402
0.04846223524894289,0.057036994379669914,0.041446522,False,False,False,False,0.0,0,0.0,0.0,140.0,584.3199999999999,0.20946196660482375,0.0,23,198.0,0.0,0.0
0.01948840497812322,0.036390379294878705,0.005659517,False,False,False,False,0.0,0,0.0,0.0,70.0,72.0,0.20946196660482375,0.0,8,92.0,0.0,0.0
0.011359660813257802,0.01538925891462456,0.008062717,False,False,False,False,0.0,0,0.0,0.0,116.0,184.64,0.20946196660482375,0.0,11,142.0,0.0,0.0
0.09707701984718946,0.17942810298503564,0.029698862,False,False,False,False,245.0,5,256.37800000000004,0.0,83.5,430.6,0.6556586270871985,0.0176678445229682,31,38.0,15.405430403647474,0.9059293286219082
0.036030789111268516,0.04852479369378088,0.025808422,False,False,False,False,0.0,0,0.0,0.0,269.0,487.51,0.20946196660482375,0.0,27,155.0,0.0,0.0
0.07048270059126754,0.136298768001533,0.01663319,False,False,False,False,146.0,2,278.31,0.0,83.66666666666667,320.83,0.6797773654916512,0.008264462809917356,34,96.0,19.232544197336995,1.1500413223140495
0.3191370047078812,0.3428597200681289,0.2997275,False,False,False,False,0.0,0,0.0,0.0,800.0,1432.0,0.20946196660482375,0.0,4,20.0,0.0,0.0
0.06146010060702317,0.1180440860676446,0.015164113,False,False,False,False,130.0,2,151.7,0.0,87.33333333333333,246.35,0.527643784786642,0.009900990099009901,35,72.0,17.980741121601508,0.7509900990099009
0.1381336966804772,0.18536492236281088,0.099489965,False,False,False,False,0.0,0,0.0,0.0,465.0,836.79,0.20946196660482375,0.0,54,164.0,0.0,0.0
0.024974085119033124,0.0371132453871309,0.015042044,False,False,False,False,0.0,0,0.0,0.0,149.0,167.55,0.20946196660482375,0.0,33,148.0,0.0,0.0
0.04410138310565695,0.03590693394506739,0.05080593,False,False,False,False,0.0,0,0.0,0.0,293.0,267.03,0.20946196660482375,0.0,27,143.0,0.0,0.0
0.2654698994086805,0.3645563746661219,0.18439914,False,False,False,False,25.0,1,519.98,0.0,285.0,519.98,0.8909090909090909,0.0196078431372549,59,26.0,3.2274861218395117,10.195686274509804
0.16405968072719104,0.2470035702587659,0.096196495,False,False,False,False,140.0,4,519.41,0.0,274.3333333333333,837.97,0.8894248608534323,0.027586206896551724,108,5.0,7.125532949488162,3.5821379310344827
0.17300940563876432,0.20895634007893232,0.14359827,False,False,False,False,70.0,1,11.9,0.0,96.0,337.01,0.42115027829313545,0.010416666666666666,86,26.0,7.484100794743638,0.12395833333333334
0.01645876943958359,0.023926282547525934,0.010348986,False,False,False,False,0.0,0,0.0,0.0,120.0,265.2,0.20946196660482375,0.0,3,128.0,0.0,0.0
0.05946176434863722,0.1040266502026963,0.022999585,False,False,False,False,0.0,0,0.0,0.0,52.0,181.0,0.20946196660482375,0.0,2,275.0,0.0,0.0
0.01713071697362739,0.028085708182906177,0.0081675425,False,False,False,False,0.0,0,0.0,0.0,55.0,176.5,0.20946196660482375,0.0,7,194.0,0.0,0.0
0.058707540848645406,0.10568640917825001,0.020270284,False,False,False,False,0.0,0,0.0,0.0,110.0,225.7,0.20946196660482375,0.0,6,283.0,0.0,0.0
0.08046691649853606,0.14203727595672383,0.030091168,False,False,False,False,0.0,0,0.0,0.0,144.0,250.04,0.20946196660482375,0.0,53,271.0,0.0,0.0
0.1959535051804511,0.2563886718444754,0.14650655,False,False,False,False,159.0,1,665.38,0.0,321.5,908.95,0.9335807050092765,0.004424778761061947,94,67.0,16.042469409111163,2.944159292035398
0.07797422912525963,0.11003942747486589,0.051739067,False,False,False,False,0.0,0,0.0,0.0,25.0,52.0,0.20946196660482375,0.0,1,20.0,0.0,0.0
0.026108028760753497,0.04434074880061861,0.011190348,False,False,False,False,0.0,0,0.0,0.0,100.0,165.0,0.20946196660482375,0.0,1,200.0,0.0,0.0
0.07700163427682127,0.151119412728844,0.016359815,False,False,False,False,174.0,2,149.065,0.0,73.33333333333333,225.61,0.5233766233766234,0.00749063670411985,26,93.0,23.888713546790974,0.5582958801498127
0.07887285905195789,0.13268529860208467,0.0348445,False,False,False,False,0.0,0,0.0,0.0,4.0,34.0,0.20946196660482375,0.0,1,204.0,0.0,0.0
0.019163218241055054,0.023161112657562988,0.015892213,False,False,False,False,0.0,0,0.0,0.0,109.0,205.1,0.20946196660482375,0.0,10,36.0,0.0,0.0
0.01739705685246852,0.02163485221771988,0.013929769,False,False,False,False,0.0,0,0.0,0.0,124.0,338.11,0.20946196660482375,0.0,29,110.0,0.0,0.0
0.03249671660048277,0.055306993128138804,0.013833763,False,False,False,False,0.0,0,0.0,0.0,26.0,72.9,0.20946196660482375,0.0,12,157.0,0.0,0.0
0.08071182574197974,0.13516836901208484,0.03615647,False,False,False,False,0.0,0,0.0,0.0,1.0,12.75,0.20946196660482375,0.0,1,159.0,0.0,0.0
0.058951142106891515,0.11359039042711444,0.014246302,False,False,False,False,122.0,2,287.865,0.0,109.66666666666667,410.87,0.6892393320964749,0.009302325581395349,62,93.0,11.613916656722221,1.3389069767441861
0.04359292153911584,0.06857022247152844,0.023156948,False,False,False,False,0.0,0,0.0,0.0,45.0,167.28,0.20946196660482375,0.0,35,167.0,0.0,0.0
0.09837933259843061,0.192129055303297,0.021675013,False,False,False,False,253.0,6,235.45666666666668,0.0,162.28571428571428,347.35,0.6330241187384045,0.022813688212927757,86,10.0,11.656867520693204,0.8952724968314323
0.10956957486602292,0.18640059806312953,0.046707828,False,False,False,False,41.0,1,81.36,0.0,38.0,272.76,0.4423005565862709,0.006060606060606061,4,124.0,20.5,0.4930909090909091
0.15727623633978977,0.17550645785062874,0.1423606,False,False,False,False,0.0,0,0.0,0.0,512.0,741.26,0.20946196660482375,0.0,35,197.0,0.0,0.0
0.12069910913717752,0.19012711445517022,0.063894376,False,False,False,False,0.0,0,0.0,0.0,194.0,307.64,0.20946196660482375,0.0,69,283.0,0.0,0.0
0.06171500654404932,0.11137355676703042,0.021085283,False,False,False,False,118.0,2,158.28,0.0,95.33333333333333,278.07,0.5380333951762524,0.011363636363636364,82,58.0,10.532434615613754,0.8993181818181818
0.010830095012663256,0.01834092087006889,0.004684874,False,False,False,False,0.0,0,0.0,0.0,69.0,180.1,0.20946196660482375,0.0,11,142.0,0.0,0.0
0.48616206302296117,0.676284987706851,0.33060694,False,False,False,False,0.0,0,0.0,0.0,1361.46111111111,3685.0121999999938,0.20946196660482375,0.0,68,121.0,0.0,0.0
0.06123170819408886,0.11308906194848467,0.018802963,False,False,False,False,91.0,1,196.73000000000002,0.0,92.5,392.12,0.5855287569573284,0.005050505050505051,24,107.0,18.371173070873837,0.9935858585858587
0.15380399714873838,0.22208880309631668,0.09793461,False,False,False,False,10.0,1,188.01999999999998,0.0,47.5,188.01999999999998,0.5743970315398886,0.018867924528301886,59,43.0,1.1618950038622236,3.5475471698113203
0.008110025173240987,0.01687161269432491,0.0009414535,False,False,False,False,0.0,0,0.0,0.0,75.0,171.45,0.20946196660482375,0.0,9,114.0,0.0,0.0
0.09855758517521737,0.17581827788525417,0.03534429,False,False,False,False,113.0,1,397.4,0.0,81.5,397.40000000000003,0.8230055658627087,0.004405286343612335,24,114.0,23.066028411208254,1.7506607929515416
0.028420627390282564,0.04234776582417049,0.017025696,False,False,False,False,0.0,0,0.0,0.0,27.0,113.06,0.20946196660482375,0.0,17,57.0,0.0,0.0
0.06471916915274403,0.11503094131299174,0.023554992,False,False,False,False,75.0,2,174.22,0.0,142.33333333333334,385.69,0.5551020408163265,0.014084507042253521,26,67.0,10.00819769808836,1.2269014084507042
0.07577883643430065,0.1279974812715493,0.03305449,False,False,False,False,0.0,0,0.0,0.0,2.0,25.5,0.20946196660482375,0.0,1,171.0,0.0,0.0
0.4068525363555434,0.29785240790377776,0.49603447,False,False,False,False,136.0,1,432.0,0.0,600.0,432.0,0.8474953617810761,0.0045045045045045045,1,86.0,0.0,1.945945945945946
0.25305872999383144,0.36807447324755305,0.15895493,False,False,False,False,189.0,6,368.6383333333333,0.0,329.2857142857143,1491.46,0.796660482374768,0.022388059701492536,145,79.0,6.348256155639643,1.3755161691542288
0.014090080471545894,0.02395942073692975,0.0060151657,False,False,False,False,0.0,0,0.0,0.0,44.0,161.9,0.20946196660482375,0.0,15,90.0,0.0,0.0
0.02325511946687482,0.04462136244132303,0.0057736477,False,False,False,False,0.0,0,0.0,0.0,63.0,121.17000000000002,0.20946196660482375,0.0,3,183.0,0.0,0.0
0.03277065416738338,0.04115443672438346,0.025911195,False,False,False,False,0.0,0,0.0,0.0,192.0,343.36,0.20946196660482375,0.0,20,16.0,0.0,0.0
0.011016856670647298,0.022684679446922817,0.0014704561,False,False,False,False,0.0,0,0.0,0.0,52.0,134.04,0.20946196660482375,0.0,8,106.0,0.0,0.0
0.020619006764359384,0.022486762727779608,0.019090842,False,False,False,False,0.0,0,0.0,0.0,73.0,252.45,0.20946196660482375,0.0,14,51.0,0.0,0.0
0.07022172186083447,0.09597331226549438,0.049152236,False,False,False,False,0.0,0,0.0,0.0,190.0,821.1,0.20946196660482375,0.0,21,207.0,0.0,0.0
0.3625884795812868,0.3286653414099533,0.39034376,False,False,False,False,52.0,1,33.0,0.0,543.0,857.7,0.424860853432282,0.016666666666666666,7,8.0,19.654152596479815,0.55
0.25061686154839724,0.26688774021990497,0.23730431,False,False,False,False,245.0,6,215.23666666666668,0.0,92.85714285714286,785.65,0.6077922077922078,0.024291497975708502,177,2.0,7.893322243308107,0.8714035087719298
0.24351967903814103,0.3582801925438728,0.1496247,False,False,False,False,86.0,1,760.8000000000001,0.0,173.0,760.8000000000001,0.9487940630797773,0.00909090909090909,25,24.0,17.000000000000007,6.916363636363637
0.16162556470096526,0.22095093430546514,0.113086626,False,False,False,False,261.0,2,152.75,0.0,166.33333333333334,354.23,0.5291280148423005,0.007067137809187279,98,22.0,19.255772813417003,0.5397526501766784
0.1946700469729407,0.24727166385056876,0.15163235,False,False,False,False,246.0,3,538.31,0.0,232.0,1086.8300000000002,0.8961038961038961,0.01079136690647482,36,32.0,26.125126262321157,1.93636690647482
0.22361342667460987,0.26140191618867603,0.19269557,False,False,False,False,0.0,0,0.0,0.0,656.0,1382.88,0.20946196660482375,0.0,3,74.0,0.0,0.0
0.15578256029544957,0.20624517243567853,0.114494964,False,False,False,False,85.0,1,293.92,0.0,375.0,293.92,0.6961038961038961,0.004366812227074236,35,144.0,13.999999999999998,1.2834934497816595
0.15830340995675934,0.14707957736400795,0.16748655,False,False,False,False,0.0,0,0.0,0.0,485.0,919.61,0.20946196660482375,0.0,22,39.0,0.0,0.0
0.07979504217670924,0.15078570928212814,0.021711769,False,False,False,False,178.0,2,134.75,0.0,68.0,197.1,0.5042671614100186,0.009615384615384616,23,30.0,25.50122061714746,0.6478365384615384
0.09706594380062988,0.10117264163322298,0.093705915,False,False,False,False,0.0,0,0.0,0.0,487.0,440.0,0.20946196660482375,0.0,28,135.0,0.0,0.0
0.06835911414479756,0.1276895236407285,0.019816052,False,False,False,False,183.0,2,234.395,0.0,96.66666666666667,245.31,0.6322820037105752,0.007380073800738007,56,88.0,15.66192861015779,0.8649261992619927
0.02422074210061509,0.02161160070396967,0.026355494,False,False,False,False,0.0,0,0.0,0.0,149.0,168.31,0.20946196660482375,0.0,19,37.0,0.0,0.0
0.07236103592620385,0.12332929650514418,0.03065973,False,False,False,False,72.0,1,358.57,0.0,146.0,358.57,0.785899814471243,0.008,23,53.0,12.962767194288933,2.86856
0.21510027995617875,0.26994807633893775,0.1702248,False,False,False,False,61.0,3,198.53,0.0,131.25,300.74,0.5888682745825603,0.02608695652173913,172,54.0,2.4575226952310913,1.7263478260869565
0.03292727583967904,0.050435697907060595,0.018602204,False,False,False,False,0.0,0,0.0,0.0,96.0,505.2,0.20946196660482375,0.0,6,162.0,0.0,0.0
0.0270087922556679,0.038583890970874835,0.017538257,False,False,False,False,0.0,0,0.0,0.0,147.0,226.85,0.20946196660482375,0.0,4,163.0,0.0,0.0
0.06935835766260495,0.10847666914738263,0.037352465,False,False,False,False,121.0,2,315.89,0.0,228.5,301.48,0.7391465677179963,0.012738853503184714,29,36.0,12.24389403647673,2.0120382165605095
0.06436114069210204,0.11232148566481609,0.025120858,False,False,False,False,0.0,0,0.0,0.0,12.0,30.599999999999998,0.20946196660482375,0.0,1,148.0,0.0,0.0
0.19760897428207913,0.2605001224503102,0.14615257,False,False,False,False,235.0,1,294.9,0.0,401.0,406.56,0.6964749536178108,0.0035460992907801418,39,47.0,37.469987990390386,1.0457446808510638
0.033548129152036865,0.04202066483492578,0.026616054,False,False,False,False,0.0,0,0.0,0.0,248.0,323.09,0.20946196660482375,0.0,34,53.0,0.0,0.0
0.07720993875907095,0.07068992587032652,0.08254449,False,False,False,False,0.0,0,0.0,0.0,346.0,549.26,0.20946196660482375,0.0,15,194.0,0.0,0.0
0.04539049111084109,0.04525307714444543,0.04550292,False,False,False,False,0.0,0,0.0,0.0,209.0,291.33,0.20946196660482375,0.0,16,11.0,0.0,0.0
0.08148170523612716,0.12247704549562088,0.04794006,False,False,False,False,0.0,0,0.0,0.0,131.0,304.24,0.20946196660482375,0.0,62,24.0,0.0,0.0
0.10474984078286464,0.18570864181117602,0.03851082,False,False,False,False,55.0,1,314.55,0.0,85.5,314.55,0.736178107606679,0.0056179775280898875,8,123.0,20.410081542498272,1.7671348314606743
0.2255834967599047,0.24417374547007625,0.21037328,False,False,False,False,0.0,0,0.0,0.0,528.0,970.6,0.20946196660482375,0.0,10,229.0,0.0,0.0
0.05513995561317512,0.08890403748255987,0.027514797,False,False,False,False,0.0,0,0.0,0.0,9.0,53.5,0.20946196660482375,0.0,9,200.0,0.0,0.0
0.32406609037069417,0.4769800002607579,0.1989547,False,False,False,False,83.0,9,404.9088888888889,0.0,246.5,832.5,0.8278293135435992,0.08411214953271028,23,24.0,3.4637728804423333,3.7841952232606437
0.03244732504608441,0.048423365956593634,0.019376019,False,False,False,False,0.0,0,0.0,0.0,77.0,156.75,0.20946196660482375,0.0,8,29.0,0.0,0.0
0.03942028250815527,0.06298938775000873,0.020136468,False,False,False,False,0.0,0,0.0,0.0,204.0,360.0,0.20946196660482375,0.0,52,104.0,0.0,0.0
0.09189579571036957,0.17040098148912108,0.02766428,False,False,False,False,75.0,2,182.385,0.0,85.33333333333333,252.54,0.564378478664193,0.008264462809917356,29,167.0,9.518869206357547,0.7536570247933884
0.037868253744688135,0.04517676898074702,0.03188856,False,False,False,False,0.0,0,0.0,0.0,21.0,298.0,0.20946196660482375,0.0,7,185.0,0.0,0.0
0.014551141877743179,0.01835002381994233,0.011442966,False,False,False,False,0.0,0,0.0,0.0,104.0,198.4,0.20946196660482375,0.0,12,201.0,0.0,0.0
0.03152302356972461,0.05909910596441703,0.008960774,False,False,False,False,0.0,0,0.0,0.0,72.0,76.32000000000001,0.20946196660482375,0.0,1,127.0,0.0,0.0
0.03638129639391578,0.06142039586580411,0.01589476,False,False,False,False,0.0,0,0.0,0.0,60.0,165.35,0.20946196660482375,0.0,41,83.0,0.0,0.0
0.3760627760429964,0.394659562009305,0.3608472,False,False,False,False,41.0,1,579.0,0.0,600.0,937.0,0.9087198515769944,0.01282051282051282,7,37.0,12.649110640673518,7.423076923076923
0.28355168171880174,0.41584171339665355,0.17531438,False,False,False,False,225.0,1,647.75,0.0,151.5,647.75,0.9257884972170687,0.0038022813688212928,13,38.0,59.86651818838306,2.4629277566539924
0.10539043352996207,0.18036618897197193,0.044046633,False,False,False,False,66.0,1,276.12,0.0,131.5,276.12,0.6764378478664193,0.005649717514124294,9,111.0,23.33452377915607,1.56
0.04223223772034485,0.061070550567252524,0.026819073,False,False,False,False,0.0,0,0.0,0.0,13.0,101.15,0.20946196660482375,0.0,6,47.0,0.0,0.0
0.060638010521864356,0.06520430251433995,0.056901954,False,False,False,False,0.0,0,0.0,0.0,204.0,296.64,0.20946196660482375,0.0,13,1.0,0.0,0.0
0.1472487518931977,0.22343091550702343,0.08491789,False,False,False,False,97.0,1,56.86,0.0,104.0,122.10000000000001,0.43153988868274584,0.0040650406504065045,13,149.0,27.712812921102035,0.23113821138211382
0.025553185372847866,0.03871242799537833,0.014786532,False,False,False,False,0.0,0,0.0,0.0,44.0,131.82,0.20946196660482375,0.0,19,188.0,0.0,0.0
0.025900179286302158,0.034458626369637535,0.018897813,False,False,False,False,0.0,0,0.0,0.0,61.0,190.05,0.20946196660482375,0.0,24,47.0,0.0,0.0
0.13807495900163036,0.2293426260499818,0.06340141,False,False,False,False,105.0,6,261.83666666666664,0.0,110.42857142857143,444.45,0.6601113172541744,0.034482758620689655,68,69.0,5.294334808509075,1.5048084291187738
0.054170400115268226,0.08966560625901221,0.025128867,False,False,False,False,0.0,0,0.0,0.0,107.0,176.4,0.20946196660482375,0.0,28,274.0,0.0,0.0
0.10253619885549968,0.18782533122667616,0.03275418,False,False,False,False,243.0,2,161.39499999999998,0.0,119.33333333333333,216.34,0.5410018552875696,0.007462686567164179,83,25.0,18.702819844722143,0.6022201492537312
0.03938219433807347,0.07019531536782259,0.014171459,False,False,False,False,0.0,0,0.0,0.0,13.0,67.95,0.20946196660482375,0.0,5,128.0,0.0,0.0
0.04769232095054549,0.03633173738964757,0.05698734,False,False,False,False,0.0,0,0.0,0.0,333.0,319.02,0.20946196660482375,0.0,21,99.0,0.0,0.0
0.08591926056711326,0.1637492381824045,0.022240188,False,False,False,False,203.0,2,124.28,0.0,67.33333333333333,159.65,0.48905380333951765,0.008438818565400843,48,34.0,19.636463815453556,0.5243881856540085
0.025586968704267937,0.04015579084379717,0.013667023,False,False,False,False,0.0,0,0.0,0.0,50.0,153.41,0.20946196660482375,0.0,21,181.0,0.0,0.0
0.32565484338952944,0.43170775294201996,0.23888427,False,False,False,False,72.0,5,277.37600000000003,0.0,338.1666666666667,532.21,0.6779220779220779,0.06756756756756757,118,2.0,3.357555024883172,3.748324324324325
0.06446321133003324,0.11000241487060852,0.027203862,False,False,False,False,44.0,1,157.81,0.0,77.0,157.81,0.5369202226345083,0.009259259259259259,16,64.0,10.429031876562318,1.4612037037037038
0.11384693290006999,0.1762752925954899,0.06276918,False,False,False,False,127.0,1,549.32,0.0,302.5,549.32,0.9009276437847866,0.006622516556291391,52,24.0,17.124676506566345,3.637880794701987
0.09256578433864651,0.14891936571185982,0.046458308,False,False,False,False,103.0,1,244.65,0.0,86.0,244.65,0.6415584415584416,0.008333333333333333,17,17.0,24.041630560342615,2.03875
0.11904479587121543,0.15840128945076326,0.08684403,False,False,False,False,86.0,3,369.6166666666666,0.0,124.75,676.8,0.7970315398886827,0.021897810218978103,50,51.0,7.672771352131668,2.6979318734793183
0.0689230920364017,0.12275768766569978,0.024876604,False,False,False,False,0.0,0,0.0,0.0,72.0,244.08,0.20946196660482375,0.0,1,282.0,0.0,0.0
0.06565350250343271,0.1105887515884812,0.028888298,False,False,False,False,0.0,0,0.0,0.0,6.0,197.65,0.20946196660482375,0.0,3,241.0,0.0,0.0
0.1471742908256336,0.1929665346050889,0.10970791,False,False,False,False,49.0,1,243.55,0.0,88.33333333333333,239.6,0.6408163265306123,0.011494252873563218,100,38.0,4.640335147419186,2.799425287356322
0.028676310890042373,0.05118328428240526,0.010261514,False,False,False,False,0.0,0,0.0,0.0,40.0,182.8,0.20946196660482375,0.0,2,195.0,0.0,0.0
0.04123136671893826,0.06351480034243245,0.022999465,False,False,False,False,0.0,0,0.0,0.0,110.0,115.8,0.20946196660482375,0.0,22,233.0,0.0,0.0
0.16796645321849468,0.22577603213000041,0.12066771,False,False,False,False,24.0,1,207.25,0.0,188.0,207.25,0.598886827458256,0.003703703703703704,9,246.0,7.273238618387273,0.7675925925925926
0.019746183279518964,0.019362562339316214,0.020060055,False,False,False,False,0.0,0,0.0,0.0,207.0,298.11,0.20946196660482375,0.0,16,173.0,0.0,0.0
0.08456895117910967,0.1482067958613737,0.032501623,False,False,False,False,210.0,4,389.08500000000004,0.0,184.4,533.0200000000001,0.8148423005565862,0.01762114537444934,36,17.0,16.335406723449303,1.7140308370044055
0.05530722849833713,0.06081712827125624,0.050799128,False,False,False,False,0.0,0,0.0,0.0,370.0,405.38,0.20946196660482375,0.0,28,71.0,0.0,0.0
0.36859317121625784,0.3956361942317937,0.34646705,False,False,False,False,159.0,3,328.9733333333333,0.0,301.25,960.5600000000001,0.7532467532467533,0.013636363636363636,421,61.0,4.098876540241872,1.4953333333333332
0.4042848539572977,0.4913455672224413,0.33305335,False,False,False,False,63.0,3,891.2233333333334,0.0,323.5,1219.55,0.9636363636363636,0.010752688172043012,142,216.0,2.8653821605859786,3.1943488649940264
0.06373977150367513,0.10346833309303421,0.031234583,False,False,False,False,0.0,0,0.0,0.0,44.0,102.35000000000001,0.20946196660482375,0.0,18,274.0,0.0,0.0
0.09149021626241827,0.1540604434240267,0.040296394,False,False,False,False,94.0,1,166.57,0.0,77.5,166.57,0.5469387755102041,0.008620689655172414,13,22.0,25.122556739767894,1.435948275862069
0.04092119095775588,0.07084831226872301,0.016435364,False,False,False,False,0.0,0,0.0,0.0,20.0,77.3,0.20946196660482375,0.0,3,171.0,0.0,0.0
0.215162658165093,0.26204352791705776,0.17680559,False,False,False,False,209.0,3,417.86666666666673,0.0,348.0,899.36,0.8374768089053803,0.014150943396226415,31,3.0,30.116384886892757,1.9710691823899373
0.016120604194635225,0.02666875296154303,0.0074903006,False,False,False,False,0.0,0,0.0,0.0,97.0,102.12,0.20946196660482375,0.0,8,156.0,0.0,0.0
0.013543339599138435,0.02265542262177983,0.006087999,False,False,False,False,0.0,0,0.0,0.0,43.0,139.05,0.20946196660482375,0.0,9,149.0,0.0,0.0
0.19934820056101804,0.2915020048649471,0.123949625,False,False,False,False,75.0,2,323.0,0.0,46.666666666666664,634.2,0.7458256029684601,0.007272727272727273,9,200.0,22.871622397877925,1.1745454545454546
0.12087312955330246,0.15259714300258143,0.09491712,False,False,False,False,70.0,1,352.7,0.0,268.0,352.7,0.7773654916512059,0.005235602094240838,17,121.0,16.05910137093932,1.8465968586387433
0.05467657392699251,0.0957554086596597,0.021066617,False,False,False,False,0.0,0,0.0,0.0,74.0,205.86,0.20946196660482375,0.0,14,283.0,0.0,0.0
0.09143125135470141,0.15664251852407962,0.038076576,False,False,False,False,126.0,2,491.935,0.0,285.3333333333333,507.07,0.8790352504638219,0.009708737864077669,64,80.0,9.477722457543063,2.388033980582524
0.07801920134092284,0.14692973046424018,0.021637859,False,False,False,False,146.0,3,254.91,0.0,133.25,300.7,0.6538033395176253,0.02,45,4.0,11.620648591374342,1.6994
0.2047305041847152,0.21019172542570308,0.20026223,False,False,False,False,0.0,0,0.0,0.0,539.0,554.57,0.20946196660482375,0.0,46,223.0,0.0,0.0
0.26035809060733617,0.3954278990251289,0.14984642,False,False,False,False,151.0,1,911.94,0.0,467.0,1463.47,0.9662337662337662,0.005208333333333333,75,41.0,16.47545071281742,4.7496875
0.05128266179626626,0.040340777107199965,0.060235113,False,False,False,False,0.0,0,0.0,0.0,128.0,520.8000000000001,0.20946196660482375,0.0,23,43.0,0.0,0.0
0.10720479251147923,0.15676021048761335,0.06665945,False,False,False,False,135.0,2,512.21,0.0,268.0,520.23,0.8879406307977736,0.012903225806451613,57,20.0,12.899355519749038,3.3045806451612907
0.255649371856073,0.3545622669185079,0.17472063,False,False,False,False,168.0,6,498.40333333333336,0.0,42.45454545454545,850.0,0.8816326530612245,0.03389830508474576,6,9.0,20.89258241577618,2.815838041431262
0.050606263882324455,0.08749857769830438,0.020421643,False,False,False,False,0.0,0,0.0,0.0,16.0,79.2,0.20946196660482375,0.0,1,193.0,0.0,0.0
0.01623991140307602,0.01727804767493002,0.0153905265,False,False,False,False,0.0,0,0.0,0.0,154.0,143.3,0.20946196660482375,0.0,9,87.0,0.0,0.0
0.02005662270403186,0.032351637146346646,0.009997065,False,False,False,False,0.0,0,0.0,0.0,82.0,113.44,0.20946196660482375,0.0,8,200.0,0.0,0.0
0.18229262068467547,0.3000590599156576,0.08593826,False,False,False,False,231.0,1,174.0,0.0,158.0,320.08,0.5543599257884972,0.0035842293906810036,16,48.0,55.78319375835659,0.6236559139784946
0.18949494972421582,0.2613504830244262,0.13070406,False,False,False,False,58.0,1,25.0,0.0,22.5,31.25,0.4241187384044527,0.014925373134328358,1,9.0,0.0,0.373134328358209
0.06911078180971958,0.11784347585181876,0.029238576,False,False,False,False,0.0,0,0.0,0.0,24.0,103.7,0.20946196660482375,0.0,5,275.0,0.0,0.0
0.03368081404345276,0.04815156406996518,0.021841109,False,False,False,False,0.0,0,0.0,0.0,166.0,178.22,0.20946196660482375,0.0,19,221.0,0.0,0.0
0.08840021067237844,0.1704603877525857,0.021260066,False,False,False,False,21.0,2,143.475,0.0,68.25,261.95,0.5139146567717996,0.015503875968992248,14,108.0,4.470674233778968,1.1122093023255815
0.5230888729862144,0.5107478975304346,0.533186,True,False,False,False,264.0,2,666.675,0.0,133.75,682.8,0.9339517625231911,0.007067137809187279,4,19.0,99.21592614091752,2.3557420494699643
0.08452666504646347,0.1537124678153684,0.027920099,False,False,False,False,169.0,3,121.54666666666667,0.0,123.0,305.3,0.48274582560296847,0.015,63,31.0,12.266479004874768,0.6077333333333333
0.07679870810316138,0.1436791629417325,0.022078335,False,False,False,False,154.0,2,121.93,0.0,33.25,229.34,0.4842300556586271,0.008438818565400843,55,83.0,13.138724708148876,0.5144725738396625
0.030840875321909416,0.05549416095412357,0.010670005,False,False,False,False,0.0,0,0.0,0.0,30.0,106.5,0.20946196660482375,0.0,3,166.0,0.0,0.0
0.08518367944592395,0.13662538044837136,0.043095015,False,False,False,False,91.0,1,254.07,0.0,85.0,254.07,0.6526901669758812,0.005917159763313609,84,78.0,9.64901281354016,1.5033727810650888
0.10457455584958322,0.13716396015121157,0.0779105,False,False,False,False,171.0,3,225.41666666666666,0.0,224.25,664.45,0.6233766233766234,0.015,71,29.0,11.24403552284072,1.1270833333333332
0.1193141603807574,0.22086978413219044,0.036223195,False,False,False,False,143.0,4,108.19999999999999,0.0,49.0,144.26,0.4608534322820037,0.01652892561983471,21,99.0,14.009154516115892,0.44710743801652886
0.014551828888035584,0.017499334474353367,0.012140233,False,False,False,False,0.0,0,0.0,0.0,131.0,222.99,0.20946196660482375,0.0,15,190.0,0.0,0.0
0.06178077638904823,0.11101355678528707,0.02149941,False,False,False,False,0.0,0,0.0,0.0,136.0,289.24,0.20946196660482375,0.0,56,221.0,0.0,0.0
0.21944761648635447,0.26399215889993377,0.18300208,False,False,False,False,51.0,1,183.60000000000002,0.0,380.0,828.4,0.5680890538033395,0.006172839506172839,7,111.0,20.41241452319315,1.1333333333333335
0.03722146407828859,0.04186067053711262,0.03342575,False,False,False,False,0.0,0,0.0,0.0,314.0,427.58,0.20946196660482375,0.0,25,96.0,0.0,0.0
0.11702420130483562,0.07464025451325168,0.15170197,False,False,False,False,0.0,0,0.0,0.0,296.0,120.0,0.20946196660482375,0.0,8,16.0,0.0,0.0
0.3162714761493872,0.4162974980138564,0.234432,False,False,False,False,27.0,1,759.61,0.0,272.5,759.61,0.9476808905380334,0.015384615384615385,49,38.0,3.7142857142857175,11.686307692307693
0.010987559449459172,0.010145797341587492,0.011676273,False,False,False,False,0.0,0,0.0,0.0,162.0,323.03000000000003,0.20946196660482375,0.0,24,82.0,0.0,0.0
0.3497802702743202,0.4074043561260765,0.3026333,False,False,False,False,58.0,1,737.04,0.0,638.0,737.04,0.9439703153988869,0.008,9,67.0,15.501152030920613,5.896319999999999
0.08978661784660819,0.12969270931641264,0.057136178,False,False,False,False,0.0,0,0.0,0.0,4.0,440.0,0.20946196660482375,0.0,1,235.0,0.0,0.0
0.05051599495055259,0.05969062563317751,0.04300948,False,False,False,False,0.0,0,0.0,0.0,132.0,267.8,0.20946196660482375,0.0,18,8.0,0.0,0.0
0.1919406545297348,0.16309677829036967,0.21554019,False,False,False,False,0.0,0,0.0,0.0,710.0,635.66,0.20946196660482375,0.0,15,121.0,0.0,0.0
0.1455191301577099,0.20437705898126135,0.09736264,False,False,False,False,227.0,4,410.96250000000003,0.0,214.4,763.95,0.8319109461966605,0.015209125475285171,175,36.0,9.633728340321705,1.5625950570342206
0.036232159062872575,0.056877294678710666,0.019340685,False,False,False,False,0.0,0,0.0,0.0,154.0,288.43,0.20946196660482375,0.0,53,94.0,0.0,0.0
0.1887902063577024,0.3204751605123608,0.08104797,False,False,False,False,212.0,10,239.39000000000001,0.0,127.54545454545455,341.65999999999997,0.637847866419295,0.03597122302158273,141,66.0,6.4447214794565495,0.8611151079136691
0.04151366954964075,0.062340055619603485,0.024473898,False,False,False,False,0.0,0,0.0,0.0,125.0,97.31,0.20946196660482375,0.0,33,52.0,0.0,0.0
0.06991234400561397,0.11499620927022441,0.033025544,False,False,False,False,0.0,0,0.0,0.0,2.0,250.0,0.20946196660482375,0.0,1,240.0,0.0,0.0
0.06633786512588896,0.07683459317629948,0.057749633,False,False,False,False,0.0,0,0.0,0.0,281.0,285.03999999999996,0.20946196660482375,0.0,48,178.0,0.0,0.0
0.17692831944775145,0.2723589631440807,0.0988487,False,False,False,False,252.0,1,446.39,0.0,269.5,446.39,0.8549165120593692,0.003703703703703704,45,18.0,37.41687082349646,1.6532962962962963
0.05512571318590725,0.10668759198142608,0.012938721,False,False,False,False,73.0,1,192.05,0.0,86.0,321.65,0.5784786641929499,0.00641025641025641,21,83.0,14.399999999999997,1.2310897435897437
0.03897521275417098,0.04046796517540102,0.03775387,False,False,False,False,0.0,0,0.0,0.0,153.0,138.98,0.20946196660482375,0.0,16,23.0,0.0,0.0
0.1577906162039009,0.24326047974506287,0.087860726,False,False,False,False,159.0,1,136.9,0.0,56.5,136.9,0.5057513914656772,0.0036101083032490976,16,118.0,39.5,0.4942238267148015
0.10251436531421788,0.1777326224551653,0.040972155,False,False,False,False,181.0,1,396.81,0.0,153.0,396.81,0.8222634508348794,0.0045871559633027525,34,37.0,31.04124391079411,1.8202293577981652
0.025617370016392464,0.0456570774057759,0.009221246,False,False,False,False,0.0,0,0.0,0.0,60.0,96.8,0.20946196660482375,0.0,6,190.0,0.0,0.0
0.00816191277930639,0.010104179102888855,0.006572786,False,False,False,False,0.0,0,0.0,0.0,99.0,257.7,0.20946196660482375,0.0,9,111.0,0.0,0.0
0.049726787058481096,0.08657406402510298,0.019579014,False,False,False,False,0.0,0,0.0,0.0,121.0,222.79,0.20946196660482375,0.0,59,146.0,0.0,0.0
0.03675215656063742,0.04909917012964765,0.026650054,False,False,False,False,0.0,0,0.0,0.0,258.0,582.73,0.20946196660482375,0.0,30,104.0,0.0,0.0
0.03026805097489962,0.04866319245496081,0.015217481,False,False,False,False,0.0,0,0.0,0.0,32.0,133.35000000000002,0.20946196660482375,0.0,8,214.0,0.0,0.0
0.03824724644932475,0.06369533051524617,0.017426087,False,False,False,False,0.0,0,0.0,0.0,29.0,112.75,0.20946196660482375,0.0,8,223.0,0.0,0.0
0.016137497929068247,0.019912964894444496,0.013048479,False,False,False,False,0.0,0,0.0,0.0,175.0,310.47,0.20946196660482375,0.0,19,184.0,0.0,0.0
0.023313472655965436,0.01862875631573807,0.027146421,False,False,False,False,0.0,0,0.0,0.0,200.0,311.92,0.20946196660482375,0.0,11,59.0,0.0,0.0
0.10149089640937119,0.15907792215130656,0.054374237,False,False,False,False,84.0,1,191.33,0.0,48.0,183.83,0.5766233766233766,0.011235955056179775,37,5.0,13.809514933650016,2.1497752808988766
0.01411806599385108,0.011140577767437598,0.016554192,False,False,False,False,0.0,0,0.0,0.0,120.0,309.4,0.20946196660482375,0.0,13,58.0,0.0,0.0
0.06556242754186684,0.049118442118730676,0.079016596,False,False,False,False,0.0,0,0.0,0.0,256.0,231.10000000000002,0.20946196660482375,0.0,12,15.0,0.0,0.0
0.44287155356820407,0.4245658337367018,0.45784894,False,False,False,False,0.0,0,0.0,0.0,1071.0,1119.88,0.20946196660482375,0.0,87,31.0,0.0,0.0
0.021418875314899,0.03287193727296306,0.012048188,False,False,False,False,0.0,0,0.0,0.0,84.0,212.56,0.20946196660482375,0.0,28,61.0,0.0,0.0
0.1177569309709847,0.21597076590157882,0.037400156,False,False,False,False,227.0,5,165.16400000000002,0.0,57.285714285714285,199.11,0.5443413729128015,0.020491803278688523,127,17.0,8.461279299907147,0.6769016393442624
0.023610033366806796,0.034180983677456755,0.014961073,False,False,False,False,0.0,0,0.0,0.0,17.0,137.45,0.20946196660482375,0.0,7,79.0,0.0,0.0
0.009489116656979185,0.003983850130218625,0.013993425,False,False,False,False,0.0,0,0.0,0.0,147.0,318.55,0.20946196660482375,0.0,19,110.0,0.0,0.0
0.0978436001572918,0.12557081402096726,0.075157695,False,False,False,False,0.0,0,0.0,0.0,344.0,1028.56,0.20946196660482375,0.0,16,118.0,0.0,0.0
0.013769646321465424,0.02384677613577324,0.005524722,False,False,False,False,0.0,0,0.0,0.0,87.0,132.09,0.20946196660482375,0.0,8,164.0,0.0,0.0
0.07570048736971005,0.13199775456149015,0.029639086,False,False,False,False,215.0,2,253.755,0.0,170.66666666666666,392.01,0.6523191094619666,0.008097165991902834,67,32.0,21.80176094415649,1.027348178137652
0.02040189805219367,0.033273225500402515,0.009870811,False,False,False,False,0.0,0,0.0,0.0,24.0,144.8,0.20946196660482375,0.0,8,107.0,0.0,0.0
0.013775611050946258,0.015258182122801722,0.012562598,False,False,False,False,0.0,0,0.0,0.0,141.0,223.95000000000002,0.20946196660482375,0.0,13,184.0,0.0,0.0
0.020190942839862207,0.03943796847668246,0.0044433763,False,False,False,False,0.0,0,0.0,0.0,58.0,103.3,0.20946196660482375,0.0,5,143.0,0.0,0.0
0.017454879848948862,0.024479483826936932,0.011707476,False,False,False,False,0.0,0,0.0,0.0,160.0,364.8,0.20946196660482375,0.0,18,162.0,0.0,0.0
0.07609883379038196,0.13496399256578245,0.02793643,False,False,False,False,165.0,2,177.26,0.0,154.0,199.22,0.5580705009276438,0.010810810810810811,30,20.0,23.251344047172843,0.9581621621621621
0.12398786062728316,0.21459118281759487,0.04985787,False,False,False,False,115.0,2,193.915,0.0,226.66666666666666,533.8199999999999,0.5814471243042671,0.008849557522123894,146,111.0,7.464274753263653,0.8580309734513274
0.031146467178115565,0.04046254786970288,0.02352422,False,False,False,False,0.0,0,0.0,0.0,128.0,110.98,0.20946196660482375,0.0,17,205.0,0.0,0.0
0.05502470610244369,0.10356491078829977,0.015309993,False,False,False,False,173.0,3,326.55333333333334,0.0,207.6,341.07,0.7499072356215213,0.015384615384615385,46,22.0,13.495707053260606,1.6746324786324787
0.08085698960685242,0.15292925243495809,0.021888774,False,False,False,False,138.0,1,137.98000000000002,0.0,108.0,278.1,0.5079777365491651,0.004878048780487805,17,67.0,29.895850962330954,0.6730731707317074
0.029403510380436076,0.05541855131564116,0.008118477,False,False,False,False,0.0,0,0.0,0.0,38.0,65.38,0.20946196660482375,0.0,5,101.0,0.0,0.0
0.15328361903612187,0.22568205307996647,0.09404854,False,False,False,False,35.0,1,106.0,0.0,102.5,141.75,0.45788497217068647,0.014492753623188406,2,34.0,24.748737341529164,1.536231884057971
0.2545969925264005,0.2742014973118314,0.23855694,False,False,False,False,229.0,3,228.51999999999998,0.0,410.75,417.81,0.6278293135435993,0.012096774193548387,176,19.0,9.344872078094664,0.9214516129032257
0.39295684124952635,0.4871832402972398,0.3158625,False,False,False,False,196.0,3,1195.8233333333333,0.0,531.25,1477.56,0.9814471243042672,0.011235955056179775,154,71.0,9.10137697785789,4.478739076154806
0.030048704867028965,0.03293139688828206,0.027690139,False,False,False,False,0.0,0,0.0,0.0,166.0,148.35,0.20946196660482375,0.0,29,69.0,0.0,0.0
0.08563961657838282,0.07875623411505878,0.091271475,False,False,False,False,0.0,0,0.0,0.0,341.0,316.62,0.20946196660482375,0.0,13,6.0,0.0,0.0
0.0951278895372205,0.163924842296718,0.038839474,False,False,False,False,71.0,1,341.19,0.0,177.5,341.19,0.763265306122449,0.011494252873563218,36,16.0,11.672328098680373,3.9217241379310344
0.05592221370833078,0.04762955785894746,0.06270711,False,False,False,False,0.0,0,0.0,0.0,291.0,201.19,0.20946196660482375,0.0,26,136.0,0.0,0.0
0.166366906480789,0.29595831536981754,0.060337573,False,False,False,False,240.0,3,221.51,0.0,161.75,432.48,0.6166975881261596,0.010869565217391304,10,36.0,41.47836237672053,0.8025724637681159
0.1286370827193989,0.1886055118366377,0.079572,False,False,False,False,11.0,1,79.0,0.0,126.0,383.66,0.44155844155844154,0.022222222222222223,27,34.0,1.9245008972987523,1.7555555555555555
0.15923518166512945,0.24570799206298144,0.0884847,False,False,False,False,202.0,1,260.66,0.0,84.5,260.66,0.6586270871985158,0.0035335689045936395,19,81.0,45.16857314549577,0.9210600706713782
0.1349625649500083,0.18563324101505257,0.093504734,False,False,False,False,7.0,1,314.7,0.0,182.5,380.91,0.7369202226345084,0.008695652173913044,42,108.0,1.0932163332202423,2.736521739130435
0.07152313861034428,0.12095199134133733,0.03108135,False,False,False,False,0.0,0,0.0,0.0,17.0,76.55,0.20946196660482375,0.0,4,268.0,0.0,0.0
0.013182737365383487,0.018476977249027582,0.008851087,False,False,False,False,0.0,0,0.0,0.0,97.0,137.1,0.20946196660482375,0.0,9,191.0,0.0,0.0
0.08134281863945905,0.14013277254012302,0.033241946,False,False,False,False,42.0,1,106.45000000000002,0.0,65.0,164.41,0.45862708719851575,0.011235955056179775,15,47.0,10.25,1.1960674157303373
0.13179481910145413,0.19655288394901776,0.078810945,False,False,False,False,76.0,1,262.47,0.0,202.0,313.72,0.6608534322820037,0.0036231884057971015,61,200.0,9.730802874900109,0.9509782608695653
0.1271612975408804,0.1398418917501793,0.116786264,False,False,False,False,0.0,0,0.0,0.0,429.0,560.47,0.20946196660482375,0.0,33,201.0,0.0,0.0
0.06457153643671845,0.12866914129928692,0.012128041,False,False,False,False,112.0,2,166.82,0.0,71.66666666666667,231.48,0.5476808905380334,0.008771929824561403,47,116.0,9.046964549923231,0.7316666666666667
0.06041723758203402,0.08608242058583132,0.03941845,False,False,False,False,0.0,0,0.0,0.0,243.0,497.59,0.20946196660482375,0.0,40,199.0,0.0,0.0
0.038909906646344236,0.05330819043458207,0.027129492,False,False,False,False,0.0,0,0.0,0.0,66.0,306.64,0.20946196660482375,0.0,33,170.0,0.0,0.0
0.013073655084813701,0.022453999471984676,0.0053988276,False,False,False,False,0.0,0,0.0,0.0,130.0,232.21,0.20946196660482375,0.0,30,99.0,0.0,0.0
0.11057301709079691,0.15199603524525845,0.07668146,False,False,False,False,110.0,3,280.7766666666667,0.0,123.25,751.9,0.6827458256029685,0.01639344262295082,72,73.0,8.904653530504932,1.5342987249544628
0.04237339145052459,0.050435502134164756,0.035777118,False,False,False,False,0.0,0,0.0,0.0,79.0,310.6,0.20946196660482375,0.0,37,37.0,0.0,0.0
0.0924182015787475,0.1280690653745582,0.06324931,False,False,False,False,0.0,0,0.0,0.0,283.0,476.35,0.20946196660482375,0.0,30,268.0,0.0,0.0
0.018912384715856045,0.027200419168076972,0.012131265,False,False,False,False,0.0,0,0.0,0.0,80.0,108.21000000000001,0.20946196660482375,0.0,16,183.0,0.0,0.0
0.10112674002162055,0.17179556664077078,0.04330679,False,False,False,False,114.0,1,346.5,0.0,117.0,346.5,0.7710575139146568,0.003676470588235294,48,158.0,15.521743726201858,1.2738970588235294
0.0690101874410802,0.13381100060535667,0.01599134,False,False,False,False,164.0,2,275.36,0.0,132.0,316.12,0.67569573283859,0.008097165991902834,23,83.0,24.20174818860437,1.1148178137651823
0.2798148057012651,0.26892498933582254,0.28872466,False,False,False,False,22.0,1,304.94,0.0,438.5,304.94,0.7105751391465677,0.015151515151515152,47,44.0,3.243723035407736,4.62030303030303
0.15616755135977234,0.216535179661909,0.10677585,False,False,False,False,210.0,2,384.275,0.0,151.8,410.52,0.809647495361781,0.007352941176470588,187,62.0,10.329341655697062,1.4127757352941175
0.041416270560679036,0.07210005880871789,0.016311353,False,False,False,False,0.0,0,0.0,0.0,63.0,128.7,0.20946196660482375,0.0,9,261.0,0.0,0.0
0.01903218366831618,0.028517844583261398,0.011271188,False,False,False,False,0.0,0,0.0,0.0,30.0,181.1,0.20946196660482375,0.0,7,114.0,0.0,0.0
0.10387320847620586,0.17126539584243783,0.048734143,False,False,False,False,156.0,2,285.71500000000003,0.0,259.6666666666667,381.6,0.686456400742115,0.01015228426395939,12,41.0,30.17361379909555,1.4503299492385788
0.010847788515348972,0.022893663085659877,0.000992073,False,False,False,False,0.0,0,0.0,0.0,57.0,127.59,0.20946196660482375,0.0,10,113.0,0.0,0.0
0.05817597509054189,0.10556096129677572,0.01940644,False,False,False,False,0.0,0,0.0,0.0,142.0,290.34,0.20946196660482375,0.0,39,269.0,0.0,0.0
0.1394353206397878,0.18142546943862947,0.10507974,False,False,False,False,220.0,1,213.28,0.0,186.5,344.7,0.6059369202226345,0.0035971223021582736,104,58.0,21.268202759004588,0.7671942446043165
0.20700982449538485,0.2397548045954655,0.18021847,False,False,False,False,169.0,2,480.78,0.0,621.6666666666666,722.45,0.8742115027829314,0.009569377990430622,79,40.0,14.121394871026316,2.3003827751196173
0.016686092544090966,0.022124040548431034,0.012236862,False,False,False,False,0.0,0,0.0,0.0,74.0,217.2,0.20946196660482375,0.0,14,187.0,0.0,0.0
0.015370043715481197,0.02740972887314963,0.005519392,False,False,False,False,0.0,0,0.0,0.0,91.0,151.85,0.20946196660482375,0.0,5,145.0,0.0,0.0
0.06859606129688367,0.12789228719169,0.020080967,False,False,False,False,148.0,1,292.87,0.0,151.5,352.6,0.6942486085343228,0.0056179775280898875,38,30.0,23.400854685245996,1.6453370786516854
0.012283210212627472,0.022284624039054846,0.004100235,False,False,False,False,0.0,0,0.0,0.0,88.0,112.32,0.20946196660482375,0.0,10,135.0,0.0,0.0
0.03060873356698135,0.046960710259238425,0.017229844,False,False,False,False,0.0,0,0.0,0.0,125.0,393.33000000000004,0.20946196660482375,0.0,25,215.0,0.0,0.0
0.008987006778434498,0.014092162252665852,0.0048100613,False,False,False,False,0.0,0,0.0,0.0,99.0,217.81,0.20946196660482375,0.0,9,122.0,0.0,0.0
0.06602829335423938,0.1255916455176722,0.017294642,False,False,False,False,118.0,1,315.62,0.0,121.5,315.62,0.7380333951762523,0.004672897196261682,23,96.0,22.70911058812528,1.4748598130841122
0.14169674614276143,0.15598231441898813,0.13000855,False,False,False,False,147.0,1,346.38,0.0,346.5,346.38,0.7706864564007421,0.004629629629629629,80,69.0,15.581968836093509,1.603611111111111
0.05633742012337895,0.09841061557897929,0.021913895,False,False,False,False,0.0,0,0.0,0.0,56.0,106.4,0.20946196660482375,0.0,7,274.0,0.0,0.0
0.2757819669617051,0.34386735871386387,0.22007573,False,False,False,False,156.0,9,240.89000000000001,0.0,110.33333333333333,529.59,0.6385899814471243,0.03180212014134275,132,127.0,4.776144604907221,0.8512014134275618
0.028191989583980302,0.048375571184050725,0.01167815,False,False,False,False,0.0,0,0.0,0.0,85.0,155.17,0.20946196660482375,0.0,9,240.0,0.0,0.0
0.006250089279965726,0.008025344282457492,0.0047976077,False,False,False,False,0.0,0,0.0,0.0,110.0,228.8,0.20946196660482375,0.0,9,102.0,0.0,0.0
0.25546937252049473,0.18537774273565133,0.31281707,False,False,False,False,0.0,0,0.0,0.0,499.0,300.91999999999996,0.20946196660482375,0.0,12,275.0,0.0,0.0
0.051873608051521775,0.09039382041887706,0.02035707,False,False,False,False,0.0,0,0.0,0.0,42.0,73.5,0.20946196660482375,0.0,5,244.0,0.0,0.0
0.29094338106522977,0.39904277495565277,0.20249842,False,False,False,False,0.0,0,0.0,0.0,857.0,1710.39,0.20946196660482375,0.0,54,58.0,0.0,0.0
0.13940074996736,0.19343320598395553,0.09519237,False,False,False,False,117.0,1,487.97,0.0,413.5,487.96999999999997,0.8771799628942486,0.005847953216374269,50,54.0,16.243248974724928,2.8536257309941524
0.015619734946484071,0.0166730783296839,0.014757909,False,False,False,False,0.0,0,0.0,0.0,183.0,282.93,0.20946196660482375,0.0,18,184.0,0.0,0.0
0.07628191512159926,0.1277647264319972,0.034159616,False,False,False,False,0.0,0,0.0,0.0,12.0,15.0,0.20946196660482375,0.0,1,173.0,0.0,0.0
0.2001683836880162,0.3095181729402442,0.11070037,False,False,False,False,147.0,7,175.84714285714287,0.0,88.25,208.05,0.5565862708719852,0.029045643153526972,166,94.0,3.214130650448152,0.7296561944279787
0.1895455128867779,0.29820236219727414,0.100644454,False,False,False,False,168.0,1,127.95000000000002,0.0,33.0,127.95000000000002,0.4946196660482375,0.004651162790697674,11,47.0,53.126264690828776,0.5951162790697675
0.2673696221884174,0.35989278267403074,0.19166885,False,False,False,False,130.0,6,182.92166666666665,0.0,93.85714285714286,349.49,0.5666048237476808,0.021897810218978103,220,144.0,4.000947429681205,0.6675973236009732
0.060488478657770565,0.10639756794807737,0.022926496,False,False,False,False,0.0,0,0.0,0.0,54.0,207.5,0.20946196660482375,0.0,9,282.0,0.0,0.0
0.07439305814299343,0.14541623688281374,0.016283184,False,False,False,False,140.0,3,134.74333333333334,0.0,89.25,208.63000000000002,0.5038961038961038,0.018072289156626505,26,26.0,14.988442517183339,0.8117068273092369
0.06823404016875614,0.08538264936392814,0.054203358,False,False,False,False,0.0,0,0.0,0.0,129.0,89.06,0.20946196660482375,0.0,9,8.0,0.0,0.0
0.13227644085539508,0.22390986249740757,0.05730364,False,False,False,False,138.0,1,113.0,0.0,70.0,171.46,0.46938775510204084,0.004166666666666667,14,102.0,36.88205138391457,0.4708333333333333
0.032187414181832824,0.04718766198689045,0.019914484,False,False,False,False,0.0,0,0.0,0.0,80.0,138.32,0.20946196660482375,0.0,7,29.0,0.0,0.0
0.03063063068702063,0.05158573650682946,0.013485543,False,False,False,False,0.0,0,0.0,0.0,81.0,106.83000000000001,0.20946196660482375,0.0,7,228.0,0.0,0.0
0.0605529276975461,0.04879287347715611,0.07017479,False,False,False,False,0.0,0,0.0,0.0,327.0,329.56,0.20946196660482375,0.0,21,171.0,0.0,0.0
0.17610634883293036,0.24621312861196476,0.11874626,False,False,False,False,236.0,2,666.97,0.0,324.75,770.9300000000001,0.9343228200371058,0.00819672131147541,71,8.0,17.397908984319,2.7334836065573773
0.08643829270058848,0.14998045660508952,0.03444925,False,False,False,False,29.0,1,107.69999999999999,0.0,159.0,353.65999999999997,0.4601113172541744,0.010309278350515464,65,68.0,3.4911897394873064,1.1103092783505153
0.07064013954801643,0.10520610603587016,0.042358894,False,False,False,False,0.0,0,0.0,0.0,197.0,208.97,0.20946196660482375,0.0,17,282.0,0.0,0.0
0.05720728075370145,0.09205311947100586,0.02869705,False,False,False,False,0.0,0,0.0,0.0,5.0,63.75,0.20946196660482375,0.0,1,65.0,0.0,0.0
0.1826451996313517,0.2941869815956629,0.09138374,False,False,False,False,186.0,4,92.525,0.0,78.0,346.1,0.44935064935064933,0.02127659574468085,10,2.0,30.818235451817102,0.49215425531914897
0.049821943138788946,0.05031235123067168,0.0494207,False,False,False,False,0.0,0,0.0,0.0,323.0,425.32,0.20946196660482375,0.0,25,44.0,0.0,0.0
0.28195395139113105,0.2813505258219118,0.28244767,False,False,False,False,0.0,0,0.0,0.0,418.0,488.24,0.20946196660482375,0.0,124,17.0,0.0,0.0
0.07670967359143405,0.10447756043844553,0.05399049,False,False,False,False,0.0,0,0.0,0.0,45.0,125.29,0.20946196660482375,0.0,29,3.0,0.0,0.0
0.032546379876679604,0.05081987483092243,0.017595338,False,False,False,False,0.0,0,0.0,0.0,172.0,292.47,0.20946196660482375,0.0,37,172.0,0.0,0.0
0.11445893442603919,0.17701287448346553,0.06327844,False,False,False,False,101.0,1,186.56,0.0,105.0,186.56,0.571799628942486,0.00980392156862745,15,1.0,26.078087864463285,1.8290196078431373
0.035795334667323625,0.05377841479327633,0.021081906,False,False,False,False,0.0,0,0.0,0.0,24.0,165.20000000000002,0.20946196660482375,0.0,6,54.0,0.0,0.0
0.07485475469843364,0.1130896865596554,0.04357163,False,False,False,False,0.0,0,0.0,0.0,22.0,40.599999999999994,0.20946196660482375,0.0,2,31.0,0.0,0.0
0.21597996420031612,0.2800539481720621,0.16355579,False,False,False,False,216.0,4,193.01999999999998,0.0,247.0,710.21,0.5803339517625232,0.016260162601626018,219,30.0,7.6737655981691,0.7846341463414633
0.17978248638610791,0.23860364915487392,0.13165608,False,False,False,False,56.0,2,247.25,0.0,52.333333333333336,269.4,0.6437847866419295,0.007168458781362007,60,223.0,4.5865058635126665,0.8862007168458781
0.03199265307078587,0.04327383650430544,0.022762593,False,False,False,False,0.0,0,0.0,0.0,130.0,470.36,0.20946196660482375,0.0,17,212.0,0.0,0.0
0.15154616592841824,0.22112310061890722,0.09461958,False,False,False,False,186.0,2,611.32,0.0,374.3333333333333,773.08,0.9165120593692022,0.00980392156862745,66,18.0,15.82249452133413,2.996666666666667
0.25532040413124746,0.2953915389799052,0.22253492,False,False,False,False,214.0,4,776.655,0.0,164.0,1092.35,0.9513914656771799,0.0182648401826484,102,5.0,9.46654851884822,3.5463698630136986
0.05566061141222522,0.09760007970597578,0.0213465,False,False,False,False,0.0,0,0.0,0.0,4.0,59.8,0.20946196660482375,0.0,1,113.0,0.0,0.0
0.17888934063373912,0.27406896755560484,0.1010151,False,False,False,False,177.0,1,759.14,0.0,302.5,759.14,0.9473098330241188,0.004830917874396135,55,30.0,22.91324833262499,3.667342995169082
0.1271578264896148,0.13332069861978812,0.12211547,False,False,False,False,0.0,0,0.0,0.0,407.0,668.58,0.20946196660482375,0.0,34,22.0,0.0,0.0
0.07342125331495056,0.1365571851009318,0.021764582,False,False,False,False,40.0,2,196.385,0.0,92.33333333333333,263.13,0.584786641929499,0.018691588785046728,29,67.0,6.30326762843677,1.835373831775701
0.12469425664802225,0.2065331211014993,0.057735186,False,False,False,False,9.0,1,75.60000000000001,0.0,141.5,486.11,0.43896103896103894,0.004366812227074236,21,220.0,1.7888543819998317,0.33013100436681225
0.04224950718985841,0.0741892616639942,0.01611698,False,False,False,False,0.0,0,0.0,0.0,26.0,61.10000000000001,0.20946196660482375,0.0,4,163.0,0.0,0.0
0.2934267774290666,0.3148645063388844,0.2758868,False,False,False,False,79.0,1,76.32000000000001,0.0,227.0,388.36,0.43933209647495364,0.010638297872340425,3,15.0,45.610671265980436,0.8119148936170214
0.14124994644262834,0.15267261021089645,0.13190413,False,False,False,False,35.0,1,8.25,0.0,167.5,579.97,0.42003710575139147,0.009433962264150943,30,71.0,6.390096504226938,0.07783018867924528
0.13015320811063769,0.20274185280867685,0.0707625,False,False,False,False,160.0,1,125.47999999999999,0.0,110.5,277.91,0.49128014842300555,0.0036231884057971015,87,116.0,17.153800557404722,0.45463768115942027
0.08544550758744103,0.1594635744259274,0.02488527,False,False,False,False,90.0,1,225.20000000000002,0.0,60.0,225.20000000000002,0.6230055658627087,0.0064516129032258064,11,65.0,25.98076211353316,1.4529032258064518
0.21626471038044204,0.21858952233925372,0.21436259,False,False,False,False,0.0,0,0.0,0.0,485.0,975.54,0.20946196660482375,0.0,37,9.0,0.0,0.0
0.04056152115391626,0.04560699832940396,0.036433402,False,False,False,False,0.0,0,0.0,0.0,288.0,390.54,0.20946196660482375,0.0,28,152.0,0.0,0.0
0.022298609593657828,0.033660086570841685,0.013002856,False,False,False,False,0.0,0,0.0,0.0,20.0,102.23,0.20946196660482375,0.0,16,90.0,0.0,0.0
0.031602021183226026,0.03945295568009993,0.02517853,False,False,False,False,0.0,0,0.0,0.0,131.0,193.75,0.20946196660482375,0.0,10,27.0,0.0,0.0
0.007826555253975792,0.014080963954413828,0.0027093117,False,False,False,False,0.0,0,0.0,0.0,83.0,141.85999999999999,0.20946196660482375,0.0,14,125.0,0.0,0.0
0.10005839372961556,0.06431676072740633,0.12930155,False,False,False,False,0.0,0,0.0,0.0,348.0,180.68,0.20946196660482375,0.0,9,198.0,0.0,0.0
0.11130834101597815,0.1333908842440082,0.093240805,False,False,False,False,0.0,0,0.0,0.0,313.0,311.81,0.20946196660482375,0.0,22,283.0,0.0,0.0
0.029161649894901324,0.034445665257260116,0.024838364,False,False,False,False,0.0,0,0.0,0.0,281.0,457.34,0.20946196660482375,0.0,26,102.0,0.0,0.0
0.0806088572718656,0.09406850039472314,0.06959642,False,False,False,False,0.0,0,0.0,0.0,316.0,353.48,0.20946196660482375,0.0,22,3.0,0.0,0.0
0.1328119311779173,0.14693733145780735,0.12125478,False,False,False,False,0.0,0,0.0,0.0,400.0,660.0,0.20946196660482375,0.0,2,184.0,0.0,0.0
0.12185599465944044,0.2127880809434624,0.047457013,False,False,False,False,1.0,1,87.45,0.0,12.5,87.45,0.4474953617810761,0.007352941176470588,4,135.0,0.0,0.643014705882353
0.1432032667175861,0.18733484216882823,0.107095614,False,False,False,False,0.0,0,0.0,0.0,369.0,620.75,0.20946196660482375,0.0,60,213.0,0.0,0.0
0.07282843094635472,0.1192528056671987,0.03484485,False,False,False,False,45.0,1,148.95999999999998,0.0,61.0,148.95999999999998,0.5228200371057514,0.007042253521126761,19,97.0,9.38083151964686,1.0490140845070421
0.013006625376747044,0.023950663097436764,0.0040524127,False,False,False,False,0.0,0,0.0,0.0,42.0,145.9,0.20946196660482375,0.0,9,111.0,0.0,0.0
0.05050354903983187,0.08636353716358236,0.021163559,False,False,False,False,0.0,0,0.0,0.0,30.0,40.5,0.20946196660482375,0.0,3,170.0,0.0,0.0
0.04536307831192324,0.0955309552221234,0.0043166336,False,False,False,False,118.0,2,315.325,0.0,143.66666666666666,326.9,0.7376623376623377,0.012048192771084338,44,48.0,12.824691436961905,1.8995481927710842
0.01892737603770924,0.02829993923973667,0.011258915,False,False,False,False,0.0,0,0.0,0.0,31.0,111.15,0.20946196660482375,0.0,17,124.0,0.0,0.0
0.12178264539143052,0.18705564198009628,0.068377465,False,False,False,False,145.0,2,472.91499999999996,0.0,379.6666666666667,639.64,0.8705009276437848,0.010752688172043012,83,41.0,10.221165404307984,2.54255376344086
0.047032192680149354,0.061232030298774054,0.035414144,False,False,False,False,0.0,0,0.0,0.0,102.0,148.69,0.20946196660482375,0.0,29,16.0,0.0,0.0
0.5249310312360977,0.6172903771070319,0.44936427,True,False,False,False,173.0,2,1752.254799999996,0.0,857.3333333333334,2161.32,0.9903525046382189,0.00904977375565611,55,48.0,16.656041811113447,8.211945701357466
0.1889171616373591,0.2790435521995872,0.115177386,False,False,False,False,22.0,1,459.8,0.0,184.0,459.8,0.8645640074211502,0.004048582995951417,38,225.0,3.24037034920393,1.8615384615384616
0.20780061975585518,0.33641880685459896,0.10256755,False,False,False,False,112.0,1,914.24,0.0,241.0,914.24,0.9673469387755103,0.004424778761061947,58,114.0,14.224014224021326,4.045309734513275
0.05778165237662344,0.10917812961797246,0.015729988,False,False,False,False,140.0,2,253.495,0.0,209.33333333333334,310.87,0.6512059369202227,0.012195121951219513,37,24.0,13.908681769723126,1.545701219512195
0.0962601008362346,0.17404076177693584,0.032621376,False,False,False,False,95.0,1,444.3,0.0,126.33333333333333,406.1,0.8541743970315399,0.004545454545454545,35,125.0,14.862705002791365,2.0195454545454545
0.12237390706544547,0.1855384934744444,0.07069379,False,False,False,False,24.0,2,137.3,0.0,76.66666666666667,247.60000000000002,0.5064935064935064,0.010309278350515464,27,170.0,4.0166320883712165,0.7077319587628866
0.062245609989767206,0.0845829207168794,0.043969627,False,False,False,False,0.0,0,0.0,0.0,49.0,125.92,0.20946196660482375,0.0,2,11.0,0.0,0.0
0.13870509450799753,0.26048778489047797,0.03906471,False,False,False,False,189.0,3,120.85666666666667,0.0,66.5,165.88,0.48126159554730985,0.01060070671378092,18,94.0,31.196403313685785,0.427055359246172
0.0433671770922034,0.07454146699920605,0.01786094,False,False,False,False,0.0,0,0.0,0.0,131.0,383.7,0.20946196660482375,0.0,16,263.0,0.0,0.0
0.028272618768940723,0.014406970901247207,0.03961724,False,False,False,False,0.0,0,0.0,0.0,216.0,317.59999999999997,0.20946196660482375,0.0,9,121.0,0.0,0.0
0.41343551193860073,0.4539958815924966,0.38024974,False,False,False,False,0.0,0,0.0,0.0,526.0,2661.24,0.20946196660482375,0.0,32,229.0,0.0,0.0
0.20299463354180627,0.2683817928064835,0.14949605,False,False,False,False,0.0,0,0.0,0.0,520.0,1109.53,0.20946196660482375,0.0,70,89.0,0.0,0.0
0.02203517550542437,0.03853849557405231,0.008532459,False,False,False,False,0.0,0,0.0,0.0,30.0,117.6,0.20946196660482375,0.0,7,155.0,0.0,0.0
0.09373276711490511,0.125909464910886,0.06740638,False,False,False,False,0.0,0,0.0,0.0,209.0,312.05,0.20946196660482375,0.0,68,30.0,0.0,0.0
0.036542428232424345,0.055098445762512605,0.021360232,False,False,False,False,0.0,0,0.0,0.0,181.0,265.93,0.20946196660482375,0.0,36,195.0,0.0,0.0
0.03557693731314207,0.04058431329608547,0.031479992,False,False,False,False,0.0,0,0.0,0.0,271.0,490.11,0.20946196660482375,0.0,24,60.0,0.0,0.0
0.43076731939029356,0.5010629181268406,0.37325272,False,False,False,False,108.0,1,967.2,0.0,806.0,1716.62,0.9699443413729129,0.004366812227074236,73,121.0,11.605779493298105,4.223580786026201
0.08838513018164632,0.17193094288251126,0.020029465,False,False,False,False,105.0,1,200.17,0.0,30.0,200.17,0.5910946196660483,0.004975124378109453,16,96.0,27.110883423451916,0.9958706467661691
0.07118685327783464,0.07204922057556307,0.07048128,False,False,False,False,0.0,0,0.0,0.0,216.0,224.67,0.20946196660482375,0.0,25,6.0,0.0,0.0
0.3655327564056562,0.3564772353295588,0.37294182,False,False,False,False,133.0,1,415.00000000000006,0.0,96.0,441.6,0.8341372912801485,0.0036363636363636364,5,142.0,59.03219460599445,1.5090909090909093
0.03595364451532916,0.05639686940721572,0.019227369,False,False,False,False,0.0,0,0.0,0.0,20.5,89.18,0.20946196660482375,0.0,11,192.0,0.0,0.0
0.37887293585978227,0.4101775197815515,0.3532601,False,False,False,False,0.0,0,0.0,0.0,623.0,1220.77,0.20946196660482375,0.0,154,57.0,0.0,0.0
0.08053200231891003,0.12154531781101946,0.046975654,False,False,False,False,0.0,0,0.0,0.0,2.0,25.5,0.20946196660482375,0.0,1,44.0,0.0,0.0
0.022579459506297105,0.017650516569667374,0.02661223,False,False,False,False,0.0,0,0.0,0.0,66.0,308.58000000000004,0.20946196660482375,0.0,14,65.0,0.0,0.0
0.16996500849770513,0.2637301183419538,0.0932481,False,False,False,False,60.0,2,197.315,0.0,179.33333333333334,268.02,0.5877551020408164,0.0071174377224199285,86,221.0,5.974508282386172,0.7021886120996441
0.029456278998848628,0.05184601007335016,0.011137408,False,False,False,False,0.0,0,0.0,0.0,41.0,73.78,0.20946196660482375,0.0,26,81.0,0.0,0.0
0.0620707795558411,0.06029326894504894,0.0635251,False,False,False,False,0.0,0,0.0,0.0,297.0,333.74,0.20946196660482375,0.0,5,177.0,0.0,0.0
0.06086718414191559,0.10672074498874512,0.023350634,False,False,False,False,0.0,0,0.0,0.0,97.0,192.60000000000002,0.20946196660482375,0.0,2,283.0,0.0,0.0
0.013846622589014168,0.01706130863678057,0.011216424,False,False,False,False,0.0,0,0.0,0.0,155.0,320.62,0.20946196660482375,0.0,12,174.0,0.0,0.0
0.011681611336422785,0.019867946215035348,0.004983701,False,False,False,False,0.0,0,0.0,0.0,110.0,119.71000000000001,0.20946196660482375,0.0,17,104.0,0.0,0.0
0.03175016390269625,0.05838272555251095,0.009959886,False,False,False,False,0.0,0,0.0,0.0,50.0,207.50000000000003,0.20946196660482375,0.0,1,192.0,0.0,0.0
0.04015308807391129,0.04017487587968954,0.04013526,False,False,False,False,0.0,0,0.0,0.0,216.0,234.24,0.20946196660482375,0.0,5,176.0,0.0,0.0
0.2637733881869287,0.3833285449165703,0.16595553,False,False,False,False,196.0,2,255.39999999999998,0.0,30.666666666666668,272.0,0.6545454545454545,0.009174311926605505,4,22.0,71.14070564732964,1.1715596330275229
0.1874294128721979,0.25381500449578553,0.13311392,False,False,False,False,0.0,0,0.0,0.0,530.0,1079.4,0.20946196660482375,0.0,58,142.0,0.0,0.0
0.03526038142899515,0.06019514317004421,0.014859213,False,False,False,False,0.0,0,0.0,0.0,40.0,89.2,0.20946196660482375,0.0,5,207.0,0.0,0.0
0.0294679424457756,0.04274270242960526,0.018606775,False,False,False,False,0.0,0,0.0,0.0,56.0,370.79999999999995,0.20946196660482375,0.0,5,123.0,0.0,0.0
0.274175618636762,0.2672915095491649,0.27980807,False,False,False,False,27.0,1,301.7,0.0,343.0,310.36,0.7050092764378478,0.02,26,23.0,4.929503017546493,6.034
0.041687994462636414,0.024719104198145214,0.05557163,False,False,False,False,0.0,0,0.0,0.0,288.0,247.44,0.20946196660482375,0.0,18,95.0,0.0,0.0
0.02200271972557081,0.03172351856839156,0.014049338,False,False,False,False,0.0,0,0.0,0.0,95.0,463.95,0.20946196660482375,0.0,8,158.0,0.0,0.0
0.10442886491448174,0.15799835301837412,0.060599282,False,False,False,False,118.0,1,252.53,0.0,172.5,411.4,0.6500927643784786,0.003703703703703704,43,152.0,18.05349194556475,0.9352962962962963
0.22553377584397305,0.24664888747929442,0.20825776,False,False,False,False,27.0,1,372.0,0.0,352.0,1035.76,0.7996289424860853,0.010869565217391304,7,65.0,11.022703842524301,4.043478260869565
0.023745243166894837,0.029706343820826042,0.018867979,False,False,False,False,0.0,0,0.0,0.0,185.0,224.91,0.20946196660482375,0.0,16,199.0,0.0,0.0
0.05750288080143323,0.07707245258197498,0.04149141,False,False,False,False,0.0,0,0.0,0.0,78.0,115.31,0.20946196660482375,0.0,21,8.0,0.0,0.0
0.03410468433847663,0.05667479702279826,0.015638229,False,False,False,False,0.0,0,0.0,0.0,53.0,112.41,0.20946196660482375,0.0,30,157.0,0.0,0.0
0.0667861364524159,0.12565837960344622,0.018617937,False,False,False,False,122.0,3,316.74333333333334,0.0,185.0,419.8,0.7398886827458256,0.013574660633484163,36,99.0,10.65049018479762,1.4332277526395174
0.497405803297231,0.5771376823810944,0.43217063,False,False,False,False,0.0,0,0.0,0.0,1361.46111111111,3096.0,0.20946196660482375,0.0,1,106.0,0.0,0.0
0.009868219363618303,0.007334207410455651,0.011941502,False,False,False,False,0.0,0,0.0,0.0,150.0,259.45,0.20946196660482375,0.0,14,135.0,0.0,0.0
0.06917446221944262,0.11254049679828065,0.03369316,False,False,False,False,0.0,0,0.0,0.0,91.0,187.49,0.20946196660482375,0.0,37,276.0,0.0,0.0
0.03583794428440555,0.053175511178763346,0.021652661,False,False,False,False,0.0,0,0.0,0.0,274.0,372.65,0.20946196660482375,0.0,41,121.0,0.0,0.0
0.06273180093150058,0.10788982186672241,0.025784329,False,False,False,False,0.0,0,0.0,0.0,71.0,101.55,0.20946196660482375,0.0,8,283.0,0.0,0.0
0.01655699209431908,0.020847932934984048,0.013046222,False,False,False,False,0.0,0,0.0,0.0,161.0,239.49,0.20946196660482375,0.0,27,153.0,0.0,0.0
0.15328845202474062,0.20055947633911642,0.11461216,False,False,False,False,95.0,2,142.36,0.0,254.0,525.5,0.5128014842300557,0.020618556701030927,15,2.0,16.11580895411751,1.4676288659793817
0.025483564066607702,0.04643984358944042,0.008337517,False,False,False,False,0.0,0,0.0,0.0,48.0,95.75999999999999,0.20946196660482375,0.0,5,170.0,0.0,0.0
0.03078569089211324,0.04735342101007256,0.017230274,False,False,False,False,0.0,0,0.0,0.0,128.0,374.0,0.20946196660482375,0.0,4,192.0,0.0,0.0
0.01984118928070892,0.034738743405784256,0.007652281,False,False,False,False,0.0,0,0.0,0.0,49.0,119.93,0.20946196660482375,0.0,22,100.0,0.0,0.0
0.3272043996314331,0.3815835898143548,0.28271234,False,False,False,False,151.0,1,68.7,0.0,72.0,83.7,0.4371057513914657,0.0040650406504065045,3,95.0,75.5,0.27926829268292686
0.0511615782941765,0.024824089466506993,0.07271043,False,False,False,False,0.0,0,0.0,0.0,261.0,198.57,0.20946196660482375,0.0,13,95.0,0.0,0.0
0.1740418306078844,0.28992609979628026,0.079227425,False,False,False,False,269.0,8,187.5675,0.0,133.22222222222223,528.27,0.5736549165120594,0.02877697841726619,85,9.0,16.436126004326432,0.6747032374100719
0.08816076412072311,0.1656945022282894,0.024724068,False,False,False,False,230.0,5,259.99,0.0,194.16666666666666,429.57,0.6582560296846011,0.0176678445229682,83,53.0,12.65098290335785,0.9186925795053004
0.012907892084646832,0.015164230000152878,0.011061797,False,False,False,False,0.0,0,0.0,0.0,133.0,226.21,0.20946196660482375,0.0,14,173.0,0.0,0.0
0.02326863883199142,0.02712571103841832,0.020112852,False,False,False,False,0.0,0,0.0,0.0,76.0,315.6,0.20946196660482375,0.0,20,187.0,0.0,0.0
0.0236394818219494,0.045210188937507556,0.0059907213,False,False,False,False,0.0,0,0.0,0.0,66.0,75.66,0.20946196660482375,0.0,6,129.0,0.0,0.0
0.1277369135523067,0.2286339810941454,0.045184765,False,False,False,False,182.0,3,126.27333333333333,0.0,30.0,157.6,0.4920222634508349,0.010752688172043012,90,97.0,12.999548250144064,0.45259259259259255
0.010851475117903481,0.020351127278863346,0.0030790323,False,False,False,False,0.0,0,0.0,0.0,63.0,160.95,0.20946196660482375,0.0,10,135.0,0.0,0.0
0.18103956191454146,0.23192163438076913,0.13940877,False,False,False,False,96.0,4,404.89,0.0,158.0,498.31,0.8274582560296846,0.020202020202020204,106,102.0,5.0434617820130905,2.0448989898989898
0.08651271253510837,0.1473398377428347,0.036745064,False,False,False,False,166.0,2,140.51,0.0,92.0,311.58,0.5094619666048238,0.010256410256410256,95,29.0,11.375409093396764,0.7205641025641025
0.02741199401428345,0.045927340687094864,0.012263074,False,False,False,False,0.0,0,0.0,0.0,25.0,118.75,0.20946196660482375,0.0,6,176.0,0.0,0.0
0.012141021160824755,0.00903548715521596,0.014681913,False,False,False,False,0.0,0,0.0,0.0,139.0,311.65,0.20946196660482375,0.0,12,73.0,0.0,0.0
0.07392564599475819,0.11054902848847614,0.04396106,False,False,False,False,125.0,1,255.95,0.0,245.0,255.95,0.6552875695732838,0.005235602094240838,28,66.0,20.277677641345317,1.3400523560209423
0.02335754722871901,0.0225633638714976,0.024007333,False,False,False,False,0.0,0,0.0,0.0,92.0,337.58,0.20946196660482375,0.0,21,62.0,0.0,0.0
0.020730125739280455,0.03708873569767579,0.0073458087,False,False,False,False,0.0,0,0.0,0.0,30.0,135.93,0.20946196660482375,0.0,5,109.0,0.0,0.0
0.018929367108164785,0.019356250692337873,0.018580098,False,False,False,False,0.0,0,0.0,0.0,154.0,113.12,0.20946196660482375,0.0,16,82.0,0.0,0.0
0.06194067767768785,0.12140287444292802,0.013289789,False,False,False,False,84.0,1,291.38,0.0,101.0,291.38,0.6927643784786642,0.006134969325153374,23,79.0,17.146428199482248,1.7876073619631903
0.05115545338390305,0.08812230250897307,0.02090985,False,False,False,False,0.0,0,0.0,0.0,12.0,71.4,0.20946196660482375,0.0,1,177.0,0.0,0.0
0.1088585931000053,0.20373928528956553,0.031228935,False,False,False,False,138.0,1,177.95,0.0,42.0,177.95,0.5595547309833024,0.004219409282700422,20,99.0,31.659371274137545,0.75084388185654
0.03134456137024092,0.05050775387668449,0.015665585,False,False,False,False,0.0,0,0.0,0.0,83.0,238.01,0.20946196660482375,0.0,32,186.0,0.0,0.0
0.07715307812221146,0.15282913179479918,0.015236307,False,False,False,False,124.0,1,171.98,0.0,67.0,185.0,0.5517625231910946,0.005025125628140704,16,75.0,30.75,0.8642211055276381
0.026314885920705154,0.04211387722618437,0.013388438,False,False,False,False,0.0,0,0.0,0.0,45.0,137.97,0.20946196660482375,0.0,31,87.0,0.0,0.0
0.11020354818829725,0.178561386223829,0.054274406,False,False,False,False,42.0,1,165.57,0.0,191.0,373.23,0.5450834879406308,0.011111111111111112,106,48.0,3.7904513408724037,1.8396666666666666
0.12936295994906183,0.21189582135475465,0.06183607,False,False,False,False,17.0,2,116.61000000000001,0.0,89.66666666666667,126.97999999999999,0.4738404452690167,0.024096385542168676,67,66.0,1.1908572951552234,1.4049397590361448
0.09695786520348901,0.16108678247105002,0.04448875,False,False,False,False,0.0,0,0.0,0.0,91.0,313.29,0.20946196660482375,0.0,56,282.0,0.0,0.0
0.03859643964759338,0.061695870647647366,0.019696904,False,False,False,False,0.0,0,0.0,0.0,23.0,73.5,0.20946196660482375,0.0,23,142.0,0.0,0.0
0.050402858494163066,0.0863659241429976,0.02097853,False,False,False,False,0.0,0,0.0,0.0,136.0,230.39999999999998,0.20946196660482375,0.0,7,277.0,0.0,0.0
0.02709588153591615,0.02094929678419921,0.032124903,False,False,False,False,0.0,0,0.0,0.0,193.0,349.1,0.20946196660482375,0.0,8,99.0,0.0,0.0
0.05918840879691016,0.10107196457943146,0.024920044,False,False,False,False,0.0,0,0.0,0.0,39.0,92.14,0.20946196660482375,0.0,7,271.0,0.0,0.0
0.17914149365123397,0.2980043866302412,0.08189003,False,False,False,False,140.0,2,77.9,0.0,20.0,97.24000000000001,0.44081632653061226,0.007462686567164179,5,128.0,36.29003536326007,0.2906716417910448
0.43491887265506424,0.3997168764817061,0.46372047,False,False,False,False,184.0,1,121.67999999999999,0.0,48.5,121.67999999999999,0.4831168831168831,0.0035842293906810036,4,95.0,106.23244953089113,0.4361290322580645
0.032174567278285285,0.024543563019477577,0.038418114,False,False,False,False,0.0,0,0.0,0.0,275.0,300.36,0.20946196660482375,0.0,18,37.0,0.0,0.0
0.07447991214921834,0.12292638156658547,0.03484189,False,False,False,False,0.0,0,0.0,0.0,195.0,261.76,0.20946196660482375,0.0,35,282.0,0.0,0.0
0.012629863568952992,0.025226595388101902,0.0023234466,False,False,False,False,0.0,0,0.0,0.0,63.5,168.49,0.20946196660482375,0.0,6,113.0,0.0,0.0
0.03250127272910758,0.04623290329855645,0.021266302,False,False,False,False,0.0,0,0.0,0.0,50.0,325.1,0.20946196660482375,0.0,6,186.0,0.0,0.0
0.015503746941460722,0.019274785534703187,0.012418351,False,False,False,False,0.0,0,0.0,0.0,124.0,190.7,0.20946196660482375,0.0,11,194.0,0.0,0.0
0.08905757631319425,0.15429459601547235,0.035681833,False,False,False,False,153.0,2,376.83,0.0,97.25,367.29,0.8048237476808905,0.007272727272727273,46,122.0,16.601030175821954,1.370290909090909
0.034600018111370236,0.014528546394026343,0.05102213,False,False,False,False,0.0,0,0.0,0.0,256.0,241.74,0.20946196660482375,0.0,17,82.0,0.0,0.0
0.03279263720274524,0.04838466868600483,0.02003552,False,False,False,False,0.0,0,0.0,0.0,197.0,364.6,0.20946196660482375,0.0,14,221.0,0.0,0.0
0.08633480552897904,0.08787400102319659,0.08507546,False,False,False,False,0.0,0,0.0,0.0,9.0,284.55,0.20946196660482375,0.0,2,16.0,0.0,0.0
0.2825394585313027,0.3321518201699135,0.24194753,False,False,False,False,0.0,0,0.0,0.0,607.0,1679.38,0.20946196660482375,0.0,43,26.0,0.0,0.0
0.08990039827327964,0.1529452693550904,0.03831823,False,False,False,False,133.0,1,252.9,0.0,204.0,299.1,0.6504638218923933,0.006578947368421052,23,19.0,28.142494558940577,1.6638157894736842
0.0874645873453767,0.14218810439033658,0.0426908,False,False,False,False,0.0,0,0.0,0.0,89.0,213.3,0.20946196660482375,0.0,49,278.0,0.0,0.0
0.06470803378998641,0.11392779902682049,0.024437316,False,False,False,False,55.0,1,123.13,0.0,92.5,141.49,0.4857142857142857,0.006993006993006993,19,88.0,12.727922061357855,0.8610489510489511
0.11234090899219971,0.17995165563934074,0.057023026,False,False,False,False,87.0,1,171.5,0.0,63.0,171.5,0.5510204081632653,0.010526315789473684,13,8.0,23.85210843768485,1.805263157894737
0.260964325969974,0.43203507729274215,0.12099734,False,False,False,False,224.0,12,426.0991666666667,0.0,326.57142857142856,1265.3999999999999,0.8430426716141002,0.04979253112033195,28,17.0,8.045012257431447,1.7680463347164592
0.8500770573080862,0.6668378786381272,1.0,True,False,False,False,192.0,1,852.8,0.0,1361.46111111111,3202.9199999999996,0.961038961038961,0.005,2,8.0,0.0,4.263999999999999
0.03524442263053459,0.06016891582379963,0.014851656,False,False,False,False,0.0,0,0.0,0.0,16.0,175.2,0.20946196660482375,0.0,1,156.0,0.0,0.0
0.022909927620013964,0.03595411978335383,0.012237406,False,False,False,False,0.0,0,0.0,0.0,102.0,153.94,0.20946196660482375,0.0,11,218.0,0.0,0.0
0.15373206198425618,0.22549330493281344,0.09501831,False,False,False,False,4.0,1,147.35,0.0,63.5,218.10000000000002,0.5194805194805194,0.0036496350364963502,18,270.0,0.9428090415820634,0.5377737226277373
0.05951210619220082,0.11686195299214663,0.012589504,False,False,False,False,151.0,2,204.76999999999998,0.0,109.33333333333333,313.4,0.5948051948051948,0.008130081300813009,31,95.0,20.389690919636802,0.8323983739837397
0.07188096141622849,0.13590131497617974,0.019500671,False,False,False,False,205.0,2,235.555,0.0,135.66666666666666,239.35,0.6337662337662338,0.008733624454148471,25,24.0,26.12841590389778,1.0286244541484717
0.013040486486590558,0.021429022558776656,0.0061771385,False,False,False,False,0.0,0,0.0,0.0,69.0,158.95000000000002,0.20946196660482375,0.0,10,173.0,0.0,0.0
0.6595928925420266,0.5932347549653542,0.7138859,True,False,False,False,98.0,6,1172.1783333333333,0.0,495.125,1827.91,0.9810760667903525,0.02120141342756184,97,185.0,3.2202345420051115,4.141972909305065
0.09726112990245656,0.07776566475995017,0.11321196,False,False,False,False,0.0,0,0.0,0.0,114.0,566.38,0.20946196660482375,0.0,23,10.0,0.0,0.0
0.03313581186405386,0.0438365031253754,0.0243807,False,False,False,False,0.0,0,0.0,0.0,72.0,185.9,0.20946196660482375,0.0,10,25.0,0.0,0.0
0.06748677700527292,0.07492611606403149,0.06140004,False,False,False,False,0.0,0,0.0,0.0,211.0,509.01,0.20946196660482375,0.0,16,9.0,0.0,0.0
0.10274317031794293,0.16599630543906385,0.050990604,False,False,False,False,125.0,2,231.42000000000002,0.0,138.0,314.84000000000003,0.6307977736549165,0.007380073800738007,27,146.0,21.918077388359503,0.8539483394833949
0.1991069221825687,0.23895647334418646,0.16650274,False,False,False,False,113.0,1,242.84,0.0,543.0,899.58,0.6397031539888682,0.00684931506849315,29,33.0,18.83333333333334,1.6632876712328768
0.055677647078383304,0.08884141082973024,0.028543657,False,False,False,False,0.0,0,0.0,0.0,38.0,65.13,0.20946196660482375,0.0,29,195.0,0.0,0.0
0.07237905909484726,0.13408227706101433,0.021894608,False,False,False,False,60.0,1,390.09,0.0,226.5,483.65,0.8159554730983303,0.006289308176100629,48,99.0,8.104273272972655,2.4533962264150944
0.13644930913433553,0.1281014955570327,0.14327933,False,False,False,False,0.0,0,0.0,0.0,470.0,628.38,0.20946196660482375,0.0,15,16.0,0.0,0.0
0.02321883566535483,0.038221445262585974,0.010943973,False,False,False,False,0.0,0,0.0,0.0,82.0,131.9,0.20946196660482375,0.0,9,216.0,0.0,0.0
0.07528974181862086,0.11156927940914829,0.045606483,False,False,False,False,0.0,0,0.0,0.0,229.0,501.01,0.20946196660482375,0.0,26,269.0,0.0,0.0
0.06871264749162814,0.12833819093292337,0.01992811,False,False,False,False,91.0,1,326.9,0.0,82.0,337.1,0.7506493506493507,0.005208333333333333,31,101.0,15.90990257669732,1.7026041666666665
0.035185769546391854,0.035559912463829,0.03487965,False,False,False,False,0.0,0,0.0,0.0,196.0,476.29999999999995,0.20946196660482375,0.0,24,37.0,0.0,0.0
0.02050008467240867,0.03754095859061207,0.006557551,False,False,False,False,0.0,0,0.0,0.0,39.0,129.45,0.20946196660482375,0.0,5,155.0,0.0,0.0
0.07422513210552961,0.1191372687900073,0.037478838,False,False,False,False,174.0,2,324.61,0.0,226.66666666666666,333.2,0.7480519480519481,0.009478672985781991,27,37.0,25.46465025674636,1.538436018957346
0.03625429242018957,0.056960346945217344,0.019312974,False,False,False,False,0.0,0,0.0,0.0,78.0,204.78,0.20946196660482375,0.0,27,229.0,0.0,0.0
0.031160420993675407,0.05066286415349469,0.015203876,False,False,False,False,0.0,0,0.0,0.0,75.0,226.37,0.20946196660482375,0.0,14,240.0,0.0,0.0
0.6639123676755001,0.6374478601830912,0.6855651,True,False,False,False,241.0,5,1094.4,0.0,1361.46111111111,2016.0,0.9788497217068646,0.01893939393939394,6,23.0,23.930663732263397,4.1454545454545455
0.0800972936396751,0.0656299089601643,0.09193424,False,False,False,False,0.0,0,0.0,0.0,369.0,314.51,0.20946196660482375,0.0,29,144.0,0.0,0.0
0.14907270051420118,0.2566360379232386,0.06106633,False,False,False,False,154.0,5,112.83399999999999,0.0,81.16666666666667,335.3,0.46901669758812614,0.018050541516245487,36,123.0,14.301156489007347,0.4073429602888086
0.030385990642396245,0.05154323974502889,0.013075514,False,False,False,False,0.0,0,0.0,0.0,90.0,135.9,0.20946196660482375,0.0,10,246.0,0.0,0.0
0.08226024825745418,0.13249758839328185,0.04115697,False,False,False,False,159.0,1,248.1,0.0,131.5,248.1,0.6452690166975881,0.005917159763313609,51,10.0,21.501076631096772,1.4680473372781064
0.06629901382374073,0.07496504326765857,0.059208628,False,False,False,False,0.0,0,0.0,0.0,202.0,104.76,0.20946196660482375,0.0,13,246.0,0.0,0.0
0.3155978136611973,0.3380835968814503,0.29720035,False,False,False,False,169.0,4,123.115,0.0,353.2,1683.9,0.48534322820037107,0.019417475728155338,67,37.0,13.459862885731466,0.5976456310679611
0.07340562676570551,0.13487187850655752,0.023115057,False,False,False,False,127.0,4,152.635,0.0,93.6,237.55,0.5287569573283859,0.023121387283236993,59,46.0,7.363001168938269,0.8822832369942196
0.09850669025306875,0.15133689109760246,0.055281978,False,False,False,False,161.0,1,211.55,0.0,139.5,257.22,0.6040816326530613,0.0036363636363636364,43,114.0,24.68853599393471,0.7692727272727273
0.031832285605210967,0.03625022124877442,0.02821761,False,False,False,False,0.0,0,0.0,0.0,294.0,440.94,0.20946196660482375,0.0,26,79.0,0.0,0.0
0.07861559910368371,0.14468887153690496,0.024555648,False,False,False,False,199.0,2,149.87,0.0,90.0,307.6,0.5246753246753246,0.007352941176470588,70,73.0,15.884668365302097,0.5509926470588236
0.03143203327309331,0.05273978585725009,0.013998417,False,False,False,False,0.0,0,0.0,0.0,76.0,157.09,0.20946196660482375,0.0,14,244.0,0.0,0.0
0.08953170386972054,0.1532951929066363,0.037361577,False,False,False,False,130.0,3,393.68666666666667,0.0,309.25,719.06,0.8207792207792208,0.017241379310344827,50,44.0,10.695142481923899,2.262567049808429
0.14828932042612356,0.27449219879604536,0.04503242,False,False,False,False,258.0,9,156.35888888888888,0.0,57.61538461538461,222.45,0.5343228200371057,0.031914893617021274,60,24.0,9.581809155619787,0.5544641449960599
0.21419920943886872,0.2912830847879435,0.15113059,False,False,False,False,110.0,2,297.22,0.0,548.0,691.2,0.6987012987012987,0.007462686567164179,22,158.0,16.38241127580083,1.1090298507462688
0.2119796475458642,0.31755071010600644,0.12560332,False,False,False,False,15.0,1,339.3,0.0,133.5,339.3,0.7610389610389611,0.022727272727272728,13,29.0,3.4412360080584268,7.711363636363637
0.015823733893260226,0.03165750017811825,0.0028688342,False,False,False,False,0.0,0,0.0,0.0,80.0,132.0,0.20946196660482375,0.0,4,117.0,0.0,0.0
0.06634217179818536,0.10046662256681443,0.038422167,False,False,False,False,0.0,0,0.0,0.0,81.0,479.35,0.20946196660482375,0.0,15,270.0,0.0,0.0
0.07109828646581441,0.12482190875766608,0.027142595,False,False,False,False,155.0,1,340.8,0.0,177.5,340.8,0.7625231910946196,0.005025125628140704,38,44.0,25.48184303233036,1.7125628140703517
0.5941804753200224,0.5898053351278684,0.59776014,True,False,False,False,33.0,1,1455.07,0.0,254.33333333333334,1205.07,0.9858998144712431,0.0036231884057971015,99,243.0,3.2204702407301715,5.271992753623188
0.02667638922266266,0.03351252489138756,0.021083187,False,False,False,False,0.0,0,0.0,0.0,238.0,415.7,0.20946196660482375,0.0,24,156.0,0.0,0.0
0.25159637043802285,0.35526590567889804,0.16677584,False,False,False,False,195.0,3,41.24666666666667,0.0,143.5,72.0,0.42708719851576993,0.012096774193548387,15,53.0,45.50646212614309,0.16631720430107527
0.023841289750937633,0.04286617235939594,0.008275476,False,False,False,False,0.0,0,0.0,0.0,29.0,110.25,0.20946196660482375,0.0,6,150.0,0.0,0.0
0.018929415975518823,0.030370253524863722,0.00956873,False,False,False,False,0.0,0,0.0,0.0,218.0,446.62,0.20946196660482375,0.0,28,130.0,0.0,0.0
0.057041678128475,0.10301279839064026,0.019428942,False,False,False,False,0.0,0,0.0,0.0,144.0,326.0,0.20946196660482375,0.0,16,282.0,0.0,0.0
0.03876730586255671,0.06859899127737418,0.014359564,False,False,False,False,0.0,0,0.0,0.0,92.0,211.8,0.20946196660482375,0.0,5,247.0,0.0,0.0
0.07914125925321162,0.150260807458312,0.020952538,False,False,False,False,11.0,1,107.65,0.0,91.0,399.15,0.4597402597402597,0.00909090909090909,28,99.0,2.116950987028628,0.9786363636363636
0.09542228173923487,0.15513734445995742,0.0465645,False,False,False,False,21.0,1,104.05,0.0,50.5,104.05,0.45640074211502785,0.0125,8,59.0,7.559289460184544,1.300625
0.02236662954295488,0.04263456725036241,0.005783771,False,False,False,False,0.0,0,0.0,0.0,58.0,113.5,0.20946196660482375,0.0,5,174.0,0.0,0.0
0.18882087080905907,0.2670154849518244,0.124843456,False,False,False,False,91.0,1,61.8,0.0,82.0,117.6,0.4332096474953618,0.006369426751592357,3,66.0,45.0,0.3936305732484076
0.029722126817854865,0.043856293920350564,0.018157808,False,False,False,False,0.0,0,0.0,0.0,84.0,126.16,0.20946196660482375,0.0,26,198.0,0.0,0.0
0.03630356760273432,0.04049939185270679,0.03287062,False,False,False,False,0.0,0,0.0,0.0,223.0,201.12,0.20946196660482375,0.0,17,204.0,0.0,0.0
0.09718815056138237,0.17915950892485955,0.030120676,False,False,False,False,190.0,2,134.07500000000002,0.0,46.666666666666664,159.20000000000002,0.5027829313543599,0.0091324200913242,21,29.0,27.840804399485116,0.6122146118721462
0.024623222087639528,0.0413016258783207,0.010977255,False,False,False,False,0.0,0,0.0,0.0,50.0,207.50000000000003,0.20946196660482375,0.0,1,106.0,0.0,0.0
0.08346226530628438,0.14297154832453718,0.03477285,False,False,False,False,35.0,1,86.31,0.0,73.0,127.75,0.44712430426716143,0.008771929824561403,12,79.0,9.70725343394151,0.7571052631578947
0.2862182758426165,0.4135513420845614,0.18203667,False,False,False,False,155.0,1,1103.32,0.0,279.0,1103.32,0.9795918367346939,0.005813953488372093,46,17.0,22.853503204009083,6.4146511627906975
0.08203127308682974,0.14850819646752267,0.027641062,False,False,False,False,134.0,2,149.745,0.0,35.333333333333336,191.09,0.52430426716141,0.012738853503184714,20,23.0,21.534800185922773,0.9537898089171974
0.056650109619809326,0.04392193430201463,0.06706407,False,False,False,False,0.0,0,0.0,0.0,241.0,203.86999999999998,0.20946196660482375,0.0,4,129.0,0.0,0.0
0.10523209015034622,0.17170655731808226,0.050843887,False,False,False,False,240.0,3,212.68999999999997,0.0,318.75,304.13,0.6055658627087198,0.010830324909747292,54,37.0,19.892064638668668,0.7678339350180504
0.21637597061862457,0.2787274481559221,0.16536112,False,False,False,False,24.0,1,154.73,0.0,399.0,938.9200000000001,0.5313543599257885,0.0072992700729927005,74,113.0,2.6558112382722783,1.1294160583941606
0.011726980433066764,0.02231009792994587,0.003068066,False,False,False,False,0.0,0,0.0,0.0,48.0,155.0,0.20946196660482375,0.0,10,102.0,0.0,0.0
0.026232719084885215,0.042190803501929386,0.013176104,False,False,False,False,0.0,0,0.0,0.0,91.0,201.19,0.20946196660482375,0.0,13,240.0,0.0,0.0
0.1573498318782458,0.24130469288892425,0.08865949,False,False,False,False,64.0,1,511.3,0.0,52.5,511.3,0.887569573283859,0.006329113924050633,13,94.0,18.186533479473212,3.2360759493670885
0.12386384629018665,0.15347657154682742,0.09963525,False,False,False,False,0.0,0,0.0,0.0,581.0,610.01,0.20946196660482375,0.0,42,59.0,0.0,0.0
0.13595163867026344,0.18298884332510662,0.09746665,False,False,False,False,117.0,3,228.36999999999998,0.0,129.75,790.7,0.62708719851577,0.01910828025477707,17,40.0,18.148993495846558,1.4545859872611464
0.07030125516489127,0.11189527799321497,0.03626978,False,False,False,False,0.0,0,0.0,0.0,43.0,109.82000000000001,0.20946196660482375,0.0,23,277.0,0.0,0.0
0.07472441030919103,0.11901779022215797,0.038484372,False,False,False,False,0.0,0,0.0,0.0,75.0,135.32999999999998,0.20946196660482375,0.0,31,281.0,0.0,0.0
0.1317339464285457,0.18680986414540335,0.08667183,False,False,False,False,57.0,1,81.6,0.0,370.0,397.36,0.4426716141001855,0.009900990099009901,32,44.0,10.23750221552617,0.8079207920792079
0.02992960921300444,0.047631042674139534,0.015446618,False,False,False,False,0.0,0,0.0,0.0,52.0,117.89,0.20946196660482375,0.0,23,185.0,0.0,0.0
0.009682928671343535,0.008642557580500643,0.010534141,False,False,False,False,0.0,0,0.0,0.0,120.0,307.46,0.20946196660482375,0.0,18,143.0,0.0,0.0
0.020202758296969447,0.03990821808083833,0.0040801093,False,False,False,False,0.0,0,0.0,0.0,48.0,122.39999999999999,0.20946196660482375,0.0,4,136.0,0.0,0.0
0.13371970631576657,0.22786087742331024,0.05669511,False,False,False,False,253.0,2,225.765,0.0,70.66666666666667,298.25,0.623747680890538,0.007462686567164179,33,15.0,31.04553610332666,0.8424067164179104
0.013337435640774413,0.02304521900996509,0.0053947037,False,False,False,False,0.0,0,0.0,0.0,69.0,177.15,0.20946196660482375,0.0,7,176.0,0.0,0.0
0.07595713544814763,0.14869171745642418,0.016447023,False,False,False,False,224.0,3,314.8833333333334,0.0,196.0,332.89,0.737291280148423,0.013157894736842105,59,4.0,18.99468439585231,1.3810672514619886
0.09621904315360921,0.19193189611718692,0.017908527,False,False,False,False,118.0,3,66.80333333333333,0.0,62.75,198.8,0.43636363636363634,0.014150943396226415,24,94.0,13.644779221372547,0.31511006289308174
0.11250741730963595,0.17010703574364733,0.065380454,False,False,False,False,132.0,1,512.8,0.0,259.0,512.8,0.8883116883116883,0.0043859649122807015,42,96.0,20.368042194996114,2.2491228070175437
0.04601845350884845,0.031088901493802112,0.05823354,False,False,False,False,0.0,0,0.0,0.0,231.0,200.47,0.20946196660482375,0.0,16,47.0,0.0,0.0
0.040225346575643826,0.03282145701175754,0.046283074,False,False,False,False,0.0,0,0.0,0.0,122.0,498.48,0.20946196660482375,0.0,13,40.0,0.0,0.0
0.07415687986447889,0.1427741192443388,0.018015502,False,False,False,False,142.0,3,273.53333333333336,0.0,294.5,480.90000000000003,0.6742115027829314,0.017543859649122806,47,29.0,11.044046445369435,1.599610136452242
0.09431532023563921,0.17086260844634504,0.03168572,False,False,False,False,118.0,2,124.83000000000001,0.0,62.333333333333336,161.16000000000003,0.4897959183673469,0.015503875968992248,14,11.0,19.92448980821459,0.9676744186046513
0.03427616121335086,0.03759329488902746,0.031562142,False,False,False,False,0.0,0,0.0,0.0,232.0,391.52,0.20946196660482375,0.0,9,186.0,0.0,0.0
0.004721906653683899,0.004237309539244172,0.005118395,False,False,False,False,0.0,0,0.0,0.0,108.0,221.56,0.20946196660482375,0.0,14,81.0,0.0,0.0
0.03619584464017277,0.04959396861733606,0.025233742,False,False,False,False,0.0,0,0.0,0.0,11.5,195.0,0.20946196660482375,0.0,12,187.0,0.0,0.0
0.07964270666508975,0.16151834615168975,0.012653546,False,False,False,False,129.0,2,263.92,0.0,88.33333333333333,367.28000000000003,0.6623376623376623,0.008438818565400843,10,108.0,25.521232990067958,1.1135864978902954
0.005448343199596365,0.005060757644707536,0.0057654586,False,False,False,False,0.0,0,0.0,0.0,106.0,239.4,0.20946196660482375,0.0,13,124.0,0.0,0.0
0.01124848516261703,0.012297686139215502,0.010390048,False,False,False,False,0.0,0,0.0,0.0,126.0,222.9,0.20946196660482375,0.0,14,174.0,0.0,0.0
0.05426979612293906,0.08546978209820205,0.028742535,False,False,False,False,0.0,0,0.0,0.0,71.0,105.76,0.20946196660482375,0.0,36,209.0,0.0,0.0
0.016820058276640522,0.03007131174154226,0.0059781233,False,False,False,False,0.0,0,0.0,0.0,33.0,124.57,0.20946196660482375,0.0,8,96.0,0.0,0.0
0.13890369144222753,0.2275527662070066,0.066372626,False,False,False,False,243.0,6,126.59166666666665,0.0,79.0,169.8,0.4923933209647495,0.02459016393442623,41,1.0,12.435780982658406,0.5188183060109289
0.17045670028183535,0.22987307830328574,0.12184329,False,False,False,False,0.0,0,0.0,0.0,440.0,1017.68,0.20946196660482375,0.0,51,177.0,0.0,0.0
0.039365305168658174,0.03981120175394676,0.03900048,False,False,False,False,0.0,0,0.0,0.0,283.0,406.09,0.20946196660482375,0.0,24,39.0,0.0,0.0
0.3131875389722034,0.4083048290471335,0.23536429,False,False,False,False,39.0,1,626.6,0.0,472.0,1001.52,0.9205936920222635,0.003787878787878788,72,225.0,4.473606810475953,2.3734848484848485
0.26135663279827687,0.27171779758259657,0.25287932,False,False,False,False,138.0,3,208.46666666666667,0.0,211.0,452.15999999999997,0.6007421150278293,0.01935483870967742,3,17.0,40.97194161862481,1.3449462365591398
0.0633658446780931,0.10535121304284445,0.02901418,False,False,False,False,0.0,0,0.0,0.0,153.0,191.7,0.20946196660482375,0.0,48,244.0,0.0,0.0
0.03837472339659295,0.05640305267306084,0.023624271,False,False,False,False,0.0,0,0.0,0.0,55.0,220.1,0.20946196660482375,0.0,28,200.0,0.0,0.0
0.18114074383612178,0.2650137756585126,0.11251735,False,False,False,False,37.0,1,413.68,0.0,147.5,413.68,0.8333951762523191,0.0035587188612099642,21,244.0,7.506518906054695,1.4721708185053382
0.041784509909643976,0.047807469726699914,0.036856633,False,False,False,False,0.0,0,0.0,0.0,254.0,516.42,0.20946196660482375,0.0,13,183.0,0.0,0.0
0.024691082491712035,0.041210113199190435,0.011175511,False,False,False,False,0.0,0,0.0,0.0,162.0,316.26000000000005,0.20946196660482375,0.0,18,221.0,0.0,0.0
0.0552136604274762,0.08968791915541496,0.027007448,False,False,False,False,0.0,0,0.0,0.0,13.0,48.150000000000006,0.20946196660482375,0.0,3,59.0,0.0,0.0
0.15487300257471076,0.2522390010309853,0.07520991,False,False,False,False,39.0,1,123.88,0.0,200.5,460.91,0.48719851576994433,0.0036900369003690036,88,232.0,4.0279919440241665,0.45712177121771214
0.0711756128677753,0.10063664446473725,0.047071133,False,False,False,False,0.0,0,0.0,0.0,52.0,51.559999999999995,0.20946196660482375,0.0,5,16.0,0.0,0.0
0.013728190503810092,0.018362435640106034,0.009936535,False,False,False,False,0.0,0,0.0,0.0,109.0,264.7,0.20946196660482375,0.0,11,197.0,0.0,0.0
0.06221821089102055,0.10949595365288578,0.023536421,False,False,False,False,0.0,0,0.0,0.0,146.0,235.01,0.20946196660482375,0.0,64,176.0,0.0,0.0
0.09727403347563689,0.1597303278991899,0.046173427,False,False,False,False,223.0,2,402.55499999999995,0.0,250.33333333333334,412.71,0.825974025974026,0.008888888888888889,37,2.0,21.95926401357977,1.789133333333333
0.0742560803198021,0.12483707137752492,0.032871634,False,False,False,False,197.0,2,328.875,0.0,213.66666666666666,357.65,0.7528756957328386,0.009009009009009009,22,25.0,26.282334061948188,1.4814189189189189
0.014153474040501771,0.01637011255693316,0.01233986,False,False,False,False,0.0,0,0.0,0.0,143.0,251.21,0.20946196660482375,0.0,15,170.0,0.0,0.0
0.13926062730955657,0.23415396606497357,0.061620623,False,False,False,False,229.0,3,362.40333333333325,0.0,133.2,352.81,0.7903525046382189,0.012396694214876033,27,13.0,36.590636953238146,1.4975344352617077
0.050486976251406274,0.06083676378021152,0.04201897,False,False,False,False,0.0,0,0.0,0.0,102.0,224.8,0.20946196660482375,0.0,15,5.0,0.0,0.0
0.0747316737474266,0.1200608116059973,0.037644196,False,False,False,False,0.0,0,0.0,0.0,71.0,189.0,0.20946196660482375,0.0,37,274.0,0.0,0.0
0.01314438654604148,0.008004900865479558,0.01734942,False,False,False,False,0.0,0,0.0,0.0,168.0,309.52,0.20946196660482375,0.0,14,152.0,0.0,0.0
0.03494409217932512,0.059413691102325694,0.014923511,False,False,False,False,0.0,0,0.0,0.0,20.0,88.3,0.20946196660482375,0.0,2,81.0,0.0,0.0
0.1466133498586617,0.24985217737652682,0.06214522,False,False,False,False,91.0,3,266.59666666666664,0.0,111.8,440.27,0.6686456400742115,0.010638297872340425,89,191.0,6.132681673449433,0.9453782505910164
0.410012819201901,0.5077867879495676,0.33001593,False,False,False,False,0.0,0,0.0,0.0,1176.0,2044.3700000000001,0.20946196660482375,0.0,55,123.0,0.0,0.0
0.08957005069960558,0.17003512550966393,0.023734989,False,False,False,False,215.0,2,128.92000000000002,0.0,131.33333333333334,189.8,0.4961038961038961,0.0070921985815602835,35,67.0,25.936436768148468,0.45716312056737596
0.05124921555383758,0.08862924490402707,0.020665554,False,False,False,False,0.0,0,0.0,0.0,72.0,76.32000000000001,0.20946196660482375,0.0,1,234.0,0.0,0.0
0.03443768500921993,0.05606416347154575,0.016743293,False,False,False,False,0.0,0,0.0,0.0,61.0,218.45,0.20946196660482375,0.0,11,225.0,0.0,0.0
0.0680478533896001,0.11791348088498288,0.027248703,False,False,False,False,0.0,0,0.0,0.0,4.0,37.4,0.20946196660482375,0.0,2,162.0,0.0,0.0
0.009300211961383814,0.008282747440459981,0.0101326825,False,False,False,False,0.0,0,0.0,0.0,124.0,243.76,0.20946196660482375,0.0,16,75.0,0.0,0.0
0.25782275549359257,0.2989562264589719,0.22416809,False,False,False,False,0.0,0,0.0,0.0,361.0,1248.57,0.20946196660482375,0.0,73,205.0,0.0,0.0
0.0499164972123458,0.08469093542230438,0.021464683,False,False,False,False,0.0,0,0.0,0.0,18.0,35.23,0.20946196660482375,0.0,2,86.0,0.0,0.0
0.08936996860214813,0.15200727742929687,0.03812126,False,False,False,False,73.0,1,110.14,0.0,88.0,309.6,0.4623376623376623,0.008333333333333333,11,47.0,23.08462691922917,0.9178333333333334
0.007222240879725295,0.009573262072196442,0.005298678,False,False,False,False,0.0,0,0.0,0.0,111.0,236.26000000000002,0.20946196660482375,0.0,12,89.0,0.0,0.0
0.7226710911617755,0.3837135094241034,1.0,True,False,False,False,219.0,1,49.470000000000006,0.0,1009.5,293.76000000000005,0.42894248608534324,0.003676470588235294,1,53.0,0.0,0.181875
0.04658431040573063,0.07908719576239459,0.01999104,False,False,False,False,0.0,0,0.0,0.0,151.0,312.28,0.20946196660482375,0.0,57,125.0,0.0,0.0
0.12128336935357388,0.20424798592629556,0.05340323,False,False,False,False,227.0,3,124.62333333333333,0.0,70.5,274.45,0.4894248608534323,0.01079136690647482,29,51.0,27.345428992292046,0.4482853717026379
0.12484416820635122,0.19336930762904048,0.06877814,False,False,False,False,113.0,3,207.5,0.0,36.5,404.70000000000005,0.5996289424860853,0.0189873417721519,7,45.0,23.388031127053,1.3132911392405062
0.13880178114790476,0.16603350155924768,0.11652128,False,False,False,False,0.0,0,0.0,0.0,356.0,1143.6,0.20946196660482375,0.0,32,148.0,0.0,0.0
0.02117107186653693,0.032080854438266915,0.012244886,False,False,False,False,0.0,0,0.0,0.0,118.0,180.42000000000002,0.20946196660482375,0.0,28,57.0,0.0,0.0
0.16031828219672628,0.2365448175752734,0.097951114,False,False,False,False,1.0,1,3.9,0.0,177.0,689.03,0.4189239332096475,0.012048192771084338,85,82.0,0.1091089451179962,0.046987951807228916
0.04456989121019537,0.07790005514091242,0.017299756,False,False,False,False,0.0,0,0.0,0.0,84.0,158.16,0.20946196660482375,0.0,4,267.0,0.0,0.0
0.14158085667794507,0.22000755554449913,0.07741356,False,False,False,False,158.0,1,94.5,0.0,49.0,318.7,0.4504638218923933,0.005747126436781609,21,16.0,33.47251246783084,0.5431034482758621
0.06211117303366343,0.12228174905798789,0.012880702,False,False,False,False,78.0,1,177.43,0.0,107.0,235.35,0.5584415584415584,0.0051813471502590676,26,115.0,15.600000000000003,0.9193264248704663
0.20111559567410722,0.3367063538356837,0.0901777,False,False,False,False,43.0,2,201.08499999999998,0.0,155.0,323.38,0.5918367346938775,0.045454545454545456,37,1.0,4.645942868090999,4.570113636363636
0.22891907564567432,0.2958711357418454,0.17414011,False,False,False,False,6.0,1,249.65,0.0,119.5,267.06,0.6471243042671614,0.0035587188612099642,73,275.0,0.577350269189626,0.8884341637010676
0.05807581753551496,0.07056247080960831,0.047859464,False,False,False,False,0.0,0,0.0,0.0,279.0,312.64,0.20946196660482375,0.0,28,219.0,0.0,0.0
0.011002617867598865,0.021492417390418128,0.0024200545,False,False,False,False,0.0,0,0.0,0.0,76.0,112.8,0.20946196660482375,0.0,13,118.0,0.0,0.0
0.021726965264102657,0.039935263727816916,0.0068292664,False,False,False,False,0.0,0,0.0,0.0,53.0,166.04,0.20946196660482375,0.0,4,191.0,0.0,0.0
0.031769334050054984,0.04380380256757832,0.02192295,False,False,False,False,0.0,0,0.0,0.0,28.0,139.6,0.20946196660482375,0.0,8,43.0,0.0,0.0
0.10203857328915691,0.1318989276096577,0.07760737,False,False,False,False,0.0,0,0.0,0.0,216.0,155.52,0.20946196660482375,0.0,2,283.0,0.0,0.0
0.09506016285664767,0.16764364444430074,0.035673678,False,False,False,False,129.0,3,119.19333333333334,0.0,114.5,155.65,0.47866419294990725,0.013513513513513514,25,93.0,15.57171027599538,0.5369069069069069
0.103137225859848,0.0873222305895826,0.11607676,False,False,False,False,0.0,0,0.0,0.0,1.0,451.42,0.20946196660482375,0.0,1,52.0,0.0,0.0
0.10694790880578048,0.19975525363059587,0.031014627,False,False,False,False,33.0,2,70.125,0.0,11.0,77.75,0.4374768089053803,0.015748031496062992,11,94.0,6.767569726275452,0.5521653543307087
0.04963435583250852,0.10221574613754686,0.006613218,False,False,False,False,101.0,2,216.5,0.0,64.0,302.8,0.6111317254174397,0.012048192771084338,22,65.0,15.15884151874662,1.3042168674698795
0.024708421835783898,0.03955313197050664,0.01256275,False,False,False,False,0.0,0,0.0,0.0,43.0,227.65,0.20946196660482375,0.0,3,129.0,0.0,0.0
0.09832489975182768,0.18513557439906853,0.027297983,False,False,False,False,80.0,2,54.885,0.0,31.0,107.67,0.43116883116883115,0.0106951871657754,20,107.0,10.237187113655787,0.29350267379679146
0.012560219080315455,0.0246334689982598,0.0026821054,False,False,False,False,0.0,0,0.0,0.0,45.0,121.19,0.20946196660482375,0.0,9,96.0,0.0,0.0
0.021424389487054274,0.03182353978752278,0.012915993,False,False,False,False,0.0,0,0.0,0.0,106.0,101.34,0.20946196660482375,0.0,7,184.0,0.0,0.0
0.052313734143016044,0.0918586662224869,0.019958789,False,False,False,False,0.0,0,0.0,0.0,113.0,311.25,0.20946196660482375,0.0,17,282.0,0.0,0.0
0.06347398809989976,0.12191327859738771,0.015660023,False,False,False,False,193.0,2,187.2,0.0,111.0,301.11,0.5729128014842301,0.008333333333333333,32,47.0,23.804611665429242,0.7799999999999999
0.12875540900150276,0.1867734055368842,0.08128614,False,False,False,False,203.0,4,344.43,0.0,349.8,402.79,0.7688311688311689,0.019417475728155338,80,3.0,10.343099002218683,1.671990291262136
0.03432584664643195,0.0522772744059648,0.019638315,False,False,False,False,0.0,0,0.0,0.0,120.0,58.08,0.20946196660482375,0.0,6,89.0,0.0,0.0
0.08089979529860464,0.0915823747820953,0.0721595,False,False,False,False,0.0,0,0.0,0.0,334.0,387.52,0.20946196660482375,0.0,29,9.0,0.0,0.0
0.014147229152251938,0.013857940490222986,0.01438392,False,False,False,False,0.0,0,0.0,0.0,125.0,301.03,0.20946196660482375,0.0,19,51.0,0.0,0.0
0.1386112429394415,0.18105016984191002,0.10388848,False,False,False,False,101.0,1,84.65,0.0,102.5,479.25,0.4448979591836735,0.004048582995951417,25,146.0,19.245008972987527,0.34271255060728745
0.07912163702461922,0.12459433918338803,0.0419167,False,False,False,False,0.0,0,0.0,0.0,71.0,102.78999999999999,0.20946196660482375,0.0,28,283.0,0.0,0.0
0.3285894560574522,0.42820897759310195,0.24708256,False,False,False,False,117.0,1,777.25,0.0,639.5,1262.85,0.9517625231910947,0.0038314176245210726,77,144.0,12.616434464802289,2.9779693486590038
0.10510782908583471,0.19483606459221992,0.031693816,False,False,False,False,156.0,3,109.36333333333334,0.0,14.75,173.70000000000002,0.46122448979591835,0.015544041450777202,29,37.0,16.964635291532577,0.5666493955094992
0.0291801701434241,0.04465086823211473,0.016522326,False,False,False,False,0.0,0,0.0,0.0,25.0,108.25,0.20946196660482375,0.0,20,151.0,0.0,0.0
0.12169782402159629,0.19891239607868055,0.05852226,False,False,False,False,122.0,2,184.49,0.0,72.0,185.22000000000003,0.5695732838589982,0.009900990099009901,9,80.0,34.75398230008017,0.9133168316831684
0.030835562917605492,0.0416983862122241,0.021947797,False,False,False,False,0.0,0,0.0,0.0,131.0,484.95,0.20946196660482375,0.0,28,155.0,0.0,0.0
0.042530180745991936,0.061062907281126955,0.02736704,False,False,False,False,0.0,0,0.0,0.0,88.0,62.63999999999999,0.20946196660482375,0.0,5,37.0,0.0,0.0
0.011803436261195274,0.024074660082375743,0.001763344,False,False,False,False,0.0,0,0.0,0.0,69.0,156.91,0.20946196660482375,0.0,12,69.0,0.0,0.0
0.08105301252433866,0.15292335406893293,0.022250006,False,False,False,False,106.0,1,157.54000000000002,0.0,91.0,157.54000000000002,0.536178107606679,0.004405286343612335,17,121.0,25.466240628814965,0.6940088105726873
0.15842552649275837,0.17293336032267803,0.14655548,False,False,False,False,78.0,1,112.32000000000001,0.0,203.5,794.06,0.46790352504638216,0.0051813471502590676,43,115.0,11.74238991561056,0.5819689119170984
0.3349560800877549,0.38865672298875953,0.29101917,False,False,False,False,16.0,1,108.12,0.0,109.0,291.53,0.46048237476808906,0.041666666666666664,98,8.0,1.4852213144650113,4.505
0.06203569757452574,0.0747243544020248,0.051654067,False,False,False,False,0.0,0,0.0,0.0,146.0,416.90000000000003,0.20946196660482375,0.0,15,2.0,0.0,0.0
0.1424692780649566,0.17550307531619586,0.11544163,False,False,False,False,5.0,1,23.25,0.0,216.0,622.55,0.42374768089053805,0.015625,28,59.0,0.9284766908852592,0.36328125
0.061567499107181976,0.10991906910816818,0.022007123,False,False,False,False,0.0,0,0.0,0.0,69.5,143.12,0.20946196660482375,0.0,5,283.0,0.0,0.0
0.07455277004680366,0.12776918149306443,0.031012068,False,False,False,False,0.0,0,0.0,0.0,72.0,76.32000000000001,0.20946196660482375,0.0,1,278.0,0.0,0.0
0.22294736852535538,0.2888592294032691,0.16901948,False,False,False,False,212.0,6,539.0316666666666,0.0,480.44444444444446,1278.1,0.8968460111317255,0.024193548387096774,63,36.0,11.415531453789477,2.1735147849462364
0.03610369131453975,0.05245411016296775,0.022726076,False,False,False,False,0.0,0,0.0,0.0,198.0,241.26,0.20946196660482375,0.0,12,242.0,0.0,0.0
0.08830085216219183,0.1604425411700089,0.029275833,False,False,False,False,7.0,1,114.14,0.0,116.0,286.47,0.4723562152133581,0.016129032258064516,36,55.0,1.1507929111375013,1.840967741935484
0.040917165957638287,0.05557316129461187,0.028925898,False,False,False,False,0.0,0,0.0,0.0,151.0,498.15000000000003,0.20946196660482375,0.0,30,193.0,0.0,0.0
0.2227357099008848,0.3389268935945938,0.1276702,False,False,False,False,112.0,1,911.26,0.0,193.66666666666666,747.24,0.9658627087198516,0.004524886877828055,55,109.0,13.56080832354989,4.123348416289593
0.08435288420135087,0.16877716353787992,0.0152784735,False,False,False,False,27.0,1,99.15,0.0,32.5,188.5,0.45269016697588127,0.005050505050505051,15,171.0,6.971370023173351,0.5007575757575757
0.02018027660310737,0.025291581552568887,0.0159983,False,False,False,False,0.0,0,0.0,0.0,226.0,409.40000000000003,0.20946196660482375,0.0,23,144.0,0.0,0.0
0.11630987411745794,0.16609327740157992,0.075578,False,False,False,False,245.0,2,324.17499999999995,0.0,265.25,412.22,0.746938775510204,0.007194244604316547,75,33.0,20.698573658574777,1.1660971223021581
0.7705109075356533,0.7022718490602815,0.8263428,True,False,False,False,0.0,0,0.0,0.0,1361.46111111111,2169.39,0.20946196660482375,0.0,149,246.0,0.0,0.0
0.15012159260249908,0.29283100255411587,0.03335935,False,False,False,False,241.0,7,80.17571428571429,0.0,59.375,322.8,0.44192949907235624,0.025179856115107913,56,37.0,14.145812342178132,0.28840184994861257
0.08876663282480113,0.12402796546543687,0.05991645,False,False,False,False,0.0,0,0.0,0.0,301.0,775.85,0.20946196660482375,0.0,42,170.0,0.0,0.0
0.012873803469615306,0.024496550711662957,0.003364283,False,False,False,False,0.0,0,0.0,0.0,101.0,157.9,0.20946196660482375,0.0,6,115.0,0.0,0.0
0.017751401249546106,0.015508215783874846,0.019586734,False,False,False,False,0.0,0,0.0,0.0,183.0,304.25,0.20946196660482375,0.0,17,159.0,0.0,0.0
0.029163643324672375,0.03222600573036227,0.026658073,False,False,False,False,0.0,0,0.0,0.0,277.0,454.24,0.20946196660482375,0.0,23,143.0,0.0,0.0
0.13906945193111114,0.22934069024852494,0.06521116,False,False,False,False,107.0,2,316.905,0.0,217.0,362.72,0.7406307977736549,0.007194244604316547,114,171.0,6.201105351688499,1.1399460431654675
0.10856056971992552,0.1780869483648737,0.05167535,False,False,False,False,168.0,4,312.46,0.0,306.4,651.16,0.7317254174397032,0.015267175572519083,84,94.0,8.825451641461965,1.192595419847328
0.15077389632417543,0.2466750030110011,0.07230935,False,False,False,False,254.0,2,222.27,0.0,304.0,300.42,0.6178107606679035,0.007246376811594203,24,22.0,37.273078125386625,0.8053260869565217
0.026036783438910735,0.01515438850718448,0.03494056,False,False,False,False,0.0,0,0.0,0.0,259.0,307.9,0.20946196660482375,0.0,17,94.0,0.0,0.0
0.09224331516880477,0.1775155702422876,0.022475107,False,False,False,False,188.0,5,280.75200000000007,0.0,154.66666666666666,437.52000000000004,0.6823747680890538,0.0176678445229682,72,95.0,8.378045368989811,0.9920565371024738
0.07814387900808223,0.1251382653509857,0.039693926,False,False,False,False,0.0,0,0.0,0.0,43.0,403.25,0.20946196660482375,0.0,5,276.0,0.0,0.0
0.07172898158890192,0.12047770024366256,0.031843666,False,False,False,False,71.0,1,216.01,0.0,120.0,216.01,0.6103896103896104,0.006622516556291391,70,80.0,8.426149773176359,1.4305298013245034
0.03370677800176761,0.05737171672446245,0.014344554,False,False,False,False,0.0,0,0.0,0.0,100.0,165.0,0.20946196660482375,0.0,1,229.0,0.0,0.0
0.0753300363621725,0.1292321513210432,0.031228306,False,False,False,False,105.0,1,248.51000000000002,0.0,195.33333333333334,375.0,0.6460111317254175,0.00819672131147541,28,17.0,19.170289512680814,2.036967213114754
0.023085386643154668,0.02781728316091442,0.019213835,False,False,False,False,0.0,0,0.0,0.0,220.0,489.31,0.20946196660482375,0.0,25,87.0,0.0,0.0
0.13182102954458813,0.2188159539980275,0.06064336,False,False,False,False,31.0,1,124.26,0.0,28.5,124.26,0.48868274582560295,0.004132231404958678,4,211.0,13.416407864998739,0.5134710743801653
0.54915254906472,0.5741274929853816,0.5287185,True,False,False,False,25.0,2,884.29,0.0,706.3333333333334,1217.64,0.9628942486085343,0.024390243902439025,132,57.0,1.8441857850392314,10.784024390243902
0.030863984423831505,0.045486907849610736,0.018899774,False,False,False,False,0.0,0,0.0,0.0,139.0,167.39000000000001,0.20946196660482375,0.0,12,233.0,0.0,0.0
0.050611127815501096,0.08852544281075664,0.019590324,False,False,False,False,0.0,0,0.0,0.0,30.0,25.5,0.20946196660482375,0.0,2,95.0,0.0,0.0
0.1704605432493752,0.22216369424556492,0.12815796,False,False,False,False,24.0,1,454.9,0.0,106.5,454.90000000000003,0.8604823747680891,0.006289308176100629,14,135.0,5.276561879022921,2.861006289308176
0.035629880245711024,0.049277568037169095,0.02446359,False,False,False,False,0.0,0,0.0,0.0,145.0,135.75,0.20946196660482375,0.0,11,232.0,0.0,0.0
0.03533272250244453,0.06169789554894928,0.013761217,False,False,False,False,0.0,0,0.0,0.0,78.0,114.0,0.20946196660482375,0.0,9,244.0,0.0,0.0
0.06932760420860597,0.12341362982263715,0.0250754,False,False,False,False,95.0,1,173.12,0.0,84.5,173.12,0.5528756957328386,0.0045045045045045045,57,127.0,11.93801193801792,0.7798198198198198
0.016125711405947186,0.02563698274873888,0.008343762,False,False,False,False,0.0,0,0.0,0.0,96.0,114.56,0.20946196660482375,0.0,8,172.0,0.0,0.0
0.08029824471048183,0.10653517258546236,0.05883167,False,False,False,False,0.0,0,0.0,0.0,285.0,400.09999999999997,0.20946196660482375,0.0,41,223.0,0.0,0.0
0.040467990623130015,0.045810089478257876,0.03609718,False,False,False,False,0.0,0,0.0,0.0,69.0,209.8,0.20946196660482375,0.0,17,17.0,0.0,0.0
0.03430031775445201,0.057530119082672915,0.015294116,False,False,False,False,0.0,0,0.0,0.0,37.0,117.85,0.20946196660482375,0.0,8,221.0,0.0,0.0
0.1962391449358108,0.24224907454429778,0.15859465,False,False,False,False,0.0,0,0.0,0.0,725.0,781.03,0.20946196660482375,0.0,53,65.0,0.0,0.0
0.05866455584683935,0.09877768903791728,0.02584472,False,False,False,False,0.0,0,0.0,0.0,19.0,55.5,0.20946196660482375,0.0,6,233.0,0.0,0.0
0.05487812335274258,0.08057702387884014,0.03385175,False,False,False,False,0.0,0,0.0,0.0,235.0,475.37,0.20946196660482375,0.0,29,219.0,0.0,0.0
0.04322573796381178,0.0533108138479485,0.03497431,False,False,False,False,0.0,0,0.0,0.0,70.0,178.7,0.20946196660482375,0.0,9,13.0,0.0,0.0
0.21403706115293164,0.2635083770709492,0.17356053,False,False,False,False,40.0,1,358.5,0.0,334.0,1131.0,0.7851576994434137,0.0044444444444444444,25,185.0,8.16496580927726,1.5933333333333333
0.14730615953213413,0.2835278842649292,0.03585202,False,False,False,False,225.0,8,123.69375000000001,0.0,90.22222222222223,187.85,0.4868274582560297,0.028368794326241134,66,57.0,12.379646162057474,0.4386303191489362
0.32513340951372105,0.43422628644150535,0.23587559,False,False,False,False,39.0,1,844.73,0.0,337.5,844.73,0.9599257884972171,0.015625,39,25.0,5.728715546977504,13.19890625
0.08833622395019766,0.13210310337766534,0.05252696,False,False,False,False,39.0,1,105.0,0.0,252.5,449.38,0.45714285714285713,0.010309278350515464,30,58.0,6.894291116568838,1.0824742268041236
0.05484026701493657,0.09426779286162934,0.022581382,False,False,False,False,0.0,0,0.0,0.0,6.0,101.69999999999999,0.20946196660482375,0.0,1,199.0,0.0,0.0
0.12413438050986093,0.12118991081451402,0.12654349,False,False,False,False,0.0,0,0.0,0.0,406.0,393.49,0.20946196660482375,0.0,21,218.0,0.0,0.0
0.06944544408140987,0.12176650637649628,0.0266373,False,False,False,False,133.0,1,178.38000000000002,0.0,165.0,308.44,0.561038961038961,0.005154639175257732,25,61.0,27.148511315846896,0.9194845360824744
0.03614227780219865,0.062211210303106834,0.014813151,False,False,False,False,0.0,0,0.0,0.0,93.0,172.25,0.20946196660482375,0.0,7,261.0,0.0,0.0
0.09941220156163272,0.16348269381590014,0.04699089,False,False,False,False,31.0,1,152.40000000000003,0.0,110.5,152.4,0.5280148423005566,0.00425531914893617,15,204.0,8.017837257372731,0.6485106382978725
0.09518414283148585,0.14284206169296498,0.0561913,False,False,False,False,47.0,1,319.27000000000004,0.0,185.5,319.27000000000004,0.7424860853432282,0.005434782608695652,36,137.0,7.833333333333335,1.735163043478261
0.02397240322011973,0.03433228979349723,0.015496133,False,False,False,False,0.0,0,0.0,0.0,190.0,476.49,0.20946196660482375,0.0,26,153.0,0.0,0.0
0.027101574056760294,0.04047312993344515,0.016161209,False,False,False,False,0.0,0,0.0,0.0,199.0,302.7,0.20946196660482375,0.0,21,212.0,0.0,0.0
0.055429291492154226,0.108351218099837,0.012129533,False,False,False,False,81.0,1,192.23,0.0,76.0,192.23,0.5788497217068646,0.0055248618784530384,33,100.0,12.977713690461,1.0620441988950275
0.1190670095722162,0.19644114299842236,0.055760898,False,False,False,False,97.0,2,117.75999999999999,0.0,54.666666666666664,123.59,0.47606679035250465,0.012578616352201259,118,62.0,6.046979440632657,0.74062893081761
0.055692442967965466,0.06940207401795356,0.04447547,False,False,False,False,0.0,0,0.0,0.0,114.0,151.74,0.20946196660482375,0.0,10,4.0,0.0,0.0
0.07690583952537641,0.10164909563178187,0.056661356,False,False,False,False,0.0,0,0.0,0.0,38.0,121.74000000000001,0.20946196660482375,0.0,27,2.0,0.0,0.0
0.0775799731796118,0.1329416903930974,0.03228402,False,False,False,False,202.0,2,371.81,0.0,231.0,520.5699999999999,0.7985157699443414,0.009433962264150943,45,10.0,19.78299110792142,1.753820754716981
0.24532479260695905,0.22932053085461657,0.2584192,False,False,False,False,0.0,0,0.0,0.0,711.0,622.88,0.20946196660482375,0.0,40,199.0,0.0,0.0
0.1513856171435838,0.21524807785765443,0.09913451,False,False,False,False,3.0,1,65.25,0.0,75.0,262.45,0.4359925788497217,0.029411764705882353,16,31.0,0.5163977794943223,1.9191176470588236
0.19195754025547837,0.3068383356855784,0.09796416,False,False,False,False,109.0,2,45.0,0.0,34.333333333333336,60.0,0.4274582560296846,0.016129032258064516,4,15.0,30.253925365148902,0.3629032258064516
0.014809439381769585,0.013191690573673087,0.016133051,False,False,False,False,0.0,0,0.0,0.0,166.0,324.92,0.20946196660482375,0.0,21,102.0,0.0,0.0
0.017847598297558474,0.01823351977194293,0.017531844,False,False,False,False,0.0,0,0.0,0.0,206.0,301.9,0.20946196660482375,0.0,20,178.0,0.0,0.0
0.18338794790804325,0.2706145612862362,0.112020716,False,False,False,False,197.0,1,213.73,0.0,69.5,213.73,0.6066790352504638,0.0035460992907801418,17,85.0,49.25,0.7579078014184397
0.09827520182727562,0.1658440018362201,0.04299164,False,False,False,False,179.0,2,360.405,0.0,186.0,423.65000000000003,0.7877551020408163,0.007272727272727273,129,96.0,10.92346072153406,1.3105636363636364
0.059117759607964164,0.11089110132772262,0.016757753,False,False,False,False,106.0,2,160.34,0.0,67.33333333333333,256.77,0.5398886827458256,0.010309278350515464,34,88.0,12.802385305821584,0.8264948453608247
0.0903339765067714,0.16352418541815933,0.030451076,False,False,False,False,239.0,4,278.41499999999996,0.0,157.0,448.74,0.6801484230055659,0.014705882352941176,115,33.0,10.734793031708039,1.0235845588235293
0.08329773642160689,0.13611834380446086,0.040080875,False,False,False,False,120.0,1,237.90000000000003,0.0,203.5,303.61,0.6363636363636364,0.007692307692307693,33,10.0,20.28370211348439,1.8300000000000003
0.11956627291596998,0.21128132933062688,0.04452668,False,False,False,False,95.0,2,272.78999999999996,0.0,134.5,361.01,0.6730983302411874,0.011695906432748537,166,76.0,5.938133424859091,1.5952631578947367
0.012963405620131789,0.021073147749346488,0.006328162,False,False,False,False,0.0,0,0.0,0.0,82.0,213.82,0.20946196660482375,0.0,24,111.0,0.0,0.0
0.03678556315129111,0.04960021971607892,0.026300844,False,False,False,False,0.0,0,0.0,0.0,82.0,139.26,0.20946196660482375,0.0,9,22.0,0.0,0.0
0.060245741917766514,0.09760675913554073,0.029677635,False,False,False,False,0.0,0,0.0,0.0,80.0,363.53,0.20946196660482375,0.0,17,275.0,0.0,0.0
0.11211521886072455,0.18957420272478126,0.048739687,False,False,False,False,265.0,6,334.76,0.0,228.14285714285714,370.45,0.7576994434137291,0.022388059701492536,96,3.0,9.357288506656873,1.2491044776119402
0.7500815025949346,0.7682765704578528,0.7351946,True,False,False,False,0.0,0,0.0,0.0,1361.46111111111,3685.0121999999938,0.20946196660482375,0.0,171,23.0,0.0,0.0
0.019599223983520944,0.031195446453678777,0.0101114055,False,False,False,False,0.0,0,0.0,0.0,198.0,455.25,0.20946196660482375,0.0,30,100.0,0.0,0.0
0.24440664444633478,0.27800219796913983,0.21691936,False,False,False,False,83.0,3,624.2333333333332,0.0,377.75,854.0699999999999,0.9194805194805195,0.022058823529411766,67,53.0,4.736687977766004,4.589950980392156
0.08509689342828006,0.16834578490591512,0.016984163,False,False,False,False,183.0,4,142.8625,0.0,80.0,199.32999999999998,0.5131725417439703,0.014705882352941176,62,89.0,11.194808977549311,0.5252297794117647
0.018584084488488865,0.0143247817457553,0.022068968,False,False,False,False,0.0,0,0.0,0.0,184.0,283.12,0.20946196660482375,0.0,15,51.0,0.0,0.0
0.054120715358984696,0.08678428958220002,0.027395973,False,False,False,False,0.0,0,0.0,0.0,51.0,119.31,0.20946196660482375,0.0,37,190.0,0.0,0.0
0.024087588276188673,0.04061651410211259,0.010563921,False,False,False,False,0.0,0,0.0,0.0,30.0,142.5,0.20946196660482375,0.0,5,178.0,0.0,0.0
0.3408433697535167,0.38303763820364956,0.3063208,False,False,False,False,0.0,0,0.0,0.0,929.0,1542.08,0.20946196660482375,0.0,14,171.0,0.0,0.0
0.022656616079508373,0.043182018160983604,0.005863105,False,False,False,False,0.0,0,0.0,0.0,49.0,95.19999999999999,0.20946196660482375,0.0,5,76.0,0.0,0.0
0.08837359462225591,0.10400830185069321,0.07558156,False,False,False,False,0.0,0,0.0,0.0,477.0,534.59,0.20946196660482375,0.0,27,121.0,0.0,0.0
0.1115114619741267,0.16077266918496425,0.07120684,False,False,False,False,27.0,1,302.47,0.0,139.0,308.12,0.7068645640074211,0.00641025641025641,36,129.0,4.4387726572446455,1.9389102564102565
0.032811573804227154,0.044740759467212454,0.02305133,False,False,False,False,0.0,0,0.0,0.0,30.0,111.35,0.20946196660482375,0.0,10,39.0,0.0,0.0
0.01333227315540915,0.024711726224992125,0.0040218113,False,False,False,False,0.0,0,0.0,0.0,83.0,139.35,0.20946196660482375,0.0,6,142.0,0.0,0.0
0.23971690772679563,0.3322665181139468,0.16399449,False,False,False,False,67.0,1,483.8,0.0,287.5,483.8,0.876808905380334,0.0035842293906810036,126,212.0,5.5833333333333535,1.7340501792114695
0.07308995416013464,0.13271343727902274,0.024307104,False,False,False,False,114.0,1,150.94,0.0,57.0,150.94,0.5265306122448979,0.0051813471502590676,73,79.0,13.163586137523476,0.7820725388601036
0.07015751582764684,0.1022259787803027,0.043919683,False,False,False,False,0.0,0,0.0,0.0,180.0,540.45,0.20946196660482375,0.0,18,268.0,0.0,0.0
0.091820895786166,0.10607004191054198,0.0801625,False,False,False,False,0.0,0,0.0,0.0,454.0,574.7,0.20946196660482375,0.0,25,59.0,0.0,0.0
0.15459250874482522,0.24067158979757908,0.084164165,False,False,False,False,182.0,1,393.4,0.0,134.5,588.6700000000001,0.8196660482374768,0.005405405405405406,25,3.0,36.400000000000006,2.1264864864864865
0.7717154128479888,0.5896253283659463,0.9206982,True,False,False,False,0.0,0,0.0,0.0,1361.46111111111,2002.4,0.20946196660482375,0.0,2,282.0,0.0,0.0
0.09268947319851878,0.14355889214777423,0.05106904,False,False,False,False,134.0,1,216.21,0.0,85.5,216.21,0.610760667903525,0.007352941176470588,44,2.0,19.19689645055503,1.589779411764706
0.09576888919071733,0.1562695903953883,0.046268314,False,False,False,False,221.0,2,187.245,0.0,142.33333333333334,364.92,0.5732838589981447,0.007194244604316547,40,57.0,26.84113808423966,0.6735431654676259
0.10992595454994593,0.21208633139605332,0.02634019,False,False,False,False,175.0,4,132.66,0.0,71.2,230.76000000000002,0.5020408163265306,0.020512820512820513,140,20.0,6.8620849264241315,0.6803076923076923
0.01856871254569621,0.030134082830092,0.009106137,False,False,False,False,0.0,0,0.0,0.0,42.0,123.1,0.20946196660482375,0.0,12,157.0,0.0,0.0
0.04928334844593594,0.0834546475219371,0.021325013,False,False,False,False,0.0,0,0.0,0.0,100.0,218.05,0.20946196660482375,0.0,31,265.0,0.0,0.0
0.1552732051297162,0.19449107865142246,0.12318585,False,False,False,False,210.0,1,265.68,0.0,142.66666666666666,391.56,0.6660482374768089,0.0036231884057971015,147,66.0,17.238029465804534,0.9626086956521739
0.08597467216049867,0.1281568021066815,0.05146202,False,False,False,False,115.0,3,276.43666666666667,0.0,104.75,654.75,0.676808905380334,0.01775147928994083,54,54.0,8.456697640902625,1.6357199211045366
0.007094438993248434,0.0036423122818008413,0.009918906,False,False,False,False,0.0,0,0.0,0.0,136.0,296.7,0.20946196660482375,0.0,14,100.0,0.0,0.0
0.2307554965443903,0.2832683005217035,0.18779047,False,False,False,False,270.0,3,504.6333333333334,0.0,398.75,910.14,0.8838589981447125,0.010869565217391304,111,6.0,15.718838927253149,1.8283816425120776
0.05498948789126955,0.08017264105627453,0.03438509,False,False,False,False,0.0,0,0.0,0.0,232.0,494.64,0.20946196660482375,0.0,28,222.0,0.0,0.0
0.00989226761906561,0.016580524081967862,0.004420058,False,False,False,False,0.0,0,0.0,0.0,123.0,158.85,0.20946196660482375,0.0,9,79.0,0.0,0.0
0.016328089983971217,0.008270037095218452,0.022921043,False,False,False,False,0.0,0,0.0,0.0,172.0,323.0,0.20946196660482375,0.0,13,86.0,0.0,0.0
0.017077470418942718,0.03185604747993581,0.004985907,False,False,False,False,0.0,0,0.0,0.0,68.0,104.9,0.20946196660482375,0.0,7,155.0,0.0,0.0
0.06559996663485071,0.10453358257157053,0.03374519,False,False,False,False,0.0,0,0.0,0.0,35.0,230.25,0.20946196660482375,0.0,14,281.0,0.0,0.0
0.03768491793640452,0.06409738527885184,0.016074717,False,False,False,False,0.0,0,0.0,0.0,83.0,190.55,0.20946196660482375,0.0,11,267.0,0.0,0.0
0.02129177106553559,0.03553645292110452,0.009637031,False,False,False,False,0.0,0,0.0,0.0,68.0,116.19999999999999,0.20946196660482375,0.0,9,198.0,0.0,0.0
0.0424652276240992,0.06158024893385555,0.026825665,False,False,False,False,0.0,0,0.0,0.0,73.0,135.95,0.20946196660482375,0.0,5,22.0,0.0,0.0
0.10004645577276947,0.17248824633283089,0.0407759,False,False,False,False,0.0,0,0.0,0.0,13.0,50.550000000000004,0.20946196660482375,0.0,3,282.0,0.0,0.0
0.015982649015315643,0.026783411714055516,0.007145661,False,False,False,False,0.0,0,0.0,0.0,103.0,116.00999999999999,0.20946196660482375,0.0,9,149.0,0.0,0.0
0.1425850452587931,0.1399213377206256,0.14476444,False,False,False,False,141.0,1,179.0,0.0,100.0,179.0,0.5614100185528756,0.004545454545454545,1,79.0,0.0,0.8136363636363636
0.021780589204203032,0.03235214302919737,0.013131136,False,False,False,False,0.0,0,0.0,0.0,43.0,160.42000000000002,0.20946196660482375,0.0,19,67.0,0.0,0.0
0.05128925163350705,0.08791634937242676,0.021321626,False,False,False,False,0.0,0,0.0,0.0,191.0,365.27,0.20946196660482375,0.0,18,270.0,0.0,0.0
0.13056416098076998,0.19993786257282226,0.07380386,False,False,False,False,48.0,2,329.91,0.0,192.33333333333334,585.12,0.7539888682745826,0.010471204188481676,6,143.0,11.59356348521516,1.7272774869109948
0.07237978673024784,0.07944262736470192,0.0666011,False,False,False,False,0.0,0,0.0,0.0,366.0,623.5,0.20946196660482375,0.0,28,150.0,0.0,0.0
0.02068938712611244,0.03808599849176508,0.006455796,False,False,False,False,0.0,0,0.0,0.0,72.0,197.52000000000004,0.20946196660482375,0.0,5,60.0,0.0,0.0
0.09061372422802984,0.10846072090176606,0.076011635,False,False,False,False,0.0,0,0.0,0.0,331.0,558.32,0.20946196660482375,0.0,33,219.0,0.0,0.0
0.21688825244290005,0.35642904494829464,0.10271851,False,False,False,False,208.0,5,7.744,0.0,3.3333333333333335,31.3,0.41966604823747683,0.01838235294117647,19,64.0,23.16218746372145,0.028470588235294116
0.06367453001535096,0.11920785117692767,0.018238176,False,False,False,False,157.0,2,264.23,0.0,211.0,352.36,0.662708719851577,0.011627906976744186,47,15.0,16.260256138656818,1.5362209302325582
0.05051203088588514,0.08997542406402248,0.0182238,False,False,False,False,0.0,0,0.0,0.0,92.0,248.1,0.20946196660482375,0.0,13,282.0,0.0,0.0
0.14786250769926085,0.20887555082270337,0.09794274,False,False,False,False,203.0,1,205.71,0.0,328.5,205.71,0.5962894248608535,0.004524886877828055,32,18.0,35.33776415900667,0.9308144796380091
0.12673092450502482,0.22983930598371488,0.042369522,False,False,False,False,252.0,7,223.8385714285714,0.0,137.875,393.75,0.6204081632653061,0.026415094339622643,153,13.0,6.459466259465591,0.8446738544474393
0.10659210102682008,0.19569583026181092,0.03368905,False,False,False,False,115.0,3,129.35,0.0,28.5,217.75,0.49647495361781074,0.012345679012345678,14,128.0,12.906974858579371,0.5323045267489712
0.868978278577361,0.708840592569849,1.0,True,False,False,False,85.0,1,17.549999999999997,0.0,745.5,3685.0121999999938,0.42263450834879407,0.0036363636363636364,4,190.0,49.07477288111819,0.0638181818181818
0.02910776759956021,0.04397774627415646,0.01694142,False,False,False,False,0.0,0,0.0,0.0,143.0,414.21,0.20946196660482375,0.0,41,81.0,0.0,0.0
0.0886092820106448,0.07819950599107506,0.09712637,False,False,False,False,0.0,0,0.0,0.0,409.0,326.19,0.20946196660482375,0.0,23,122.0,0.0,0.0
0.06663200502938663,0.11238461694996965,0.029198049,False,False,False,False,0.0,0,0.0,0.0,164.0,427.8,0.20946196660482375,0.0,24,281.0,0.0,0.0
0.029112486269991685,0.04579511597072877,0.015463062,False,False,False,False,0.0,0,0.0,0.0,51.0,154.2,0.20946196660482375,0.0,26,172.0,0.0,0.0
0.06621508224585639,0.10759638661099774,0.03235765,False,False,False,False,0.0,0,0.0,0.0,224.0,578.32,0.20946196660482375,0.0,56,113.0,0.0,0.0
0.033663757740678986,0.033974325986311615,0.033409655,False,False,False,False,0.0,0,0.0,0.0,262.0,335.32,0.20946196660482375,0.0,23,170.0,0.0,0.0
0.0305966602640389,0.04461276614048715,0.019128937,False,False,False,False,0.0,0,0.0,0.0,209.0,517.55,0.20946196660482375,0.0,21,172.0,0.0,0.0
0.023006538771796405,0.03185558423556262,0.01576641,False,False,False,False,0.0,0,0.0,0.0,133.0,456.9,0.20946196660482375,0.0,21,171.0,0.0,0.0
0.15552281756003947,0.15861365902865926,0.15299395,False,False,False,False,0.0,0,0.0,0.0,431.0,735.67,0.20946196660482375,0.0,41,15.0,0.0,0.0
0.04769246646440653,0.07251341088892416,0.02738442,False,False,False,False,0.0,0,0.0,0.0,1.0,195.0,0.20946196660482375,0.0,1,117.0,0.0,0.0
0.04162483089748885,0.06936193930515239,0.018930832,False,False,False,False,0.0,0,0.0,0.0,189.0,290.51,0.20946196660482375,0.0,19,264.0,0.0,0.0
0.3779577006666842,0.38003381529759095,0.37625906,False,False,False,False,167.0,1,326.4,0.0,128.0,326.4,0.7495361781076066,0.004405286343612335,2,60.0,96.4174949546675,1.4378854625550659
0.09321470826063151,0.1521344790678023,0.045007624,False,False,False,False,0.0,0,0.0,0.0,3.0,3.75,0.20946196660482375,0.0,1,207.0,0.0,0.0
0.020426416986728497,0.02691048970055754,0.015121266,False,False,False,False,0.0,0,0.0,0.0,131.0,166.4,0.20946196660482375,0.0,24,179.0,0.0,0.0
0.11694609326063289,0.2034124928368174,0.046200857,False,False,False,False,48.0,1,265.02,0.0,176.5,333.06,0.663821892393321,0.0045662100456621,79,171.0,5.068140340561602,1.2101369863013698
0.018118045974384784,0.026778898992165456,0.011031893,False,False,False,False,0.0,0,0.0,0.0,123.0,229.33,0.20946196660482375,0.0,26,164.0,0.0,0.0
0.7019501279308445,0.3376669244664791,1.0,True,False,False,False,0.0,0,0.0,0.0,1361.46111111111,598.0,0.20946196660482375,0.0,5,94.0,0.0,0.0
0.021083804721785053,0.016460420644178353,0.024866574,False,False,False,False,0.0,0,0.0,0.0,222.0,348.15000000000003,0.20946196660482375,0.0,18,122.0,0.0,0.0
0.1683923015598735,0.20406034469698991,0.13920936,False,False,False,False,119.0,3,482.5666666666666,0.0,378.5,514.08,0.87569573283859,0.01775147928994083,24,50.0,12.533087113899294,2.8554240631163705
0.1385821201930444,0.21328357050374713,0.07746275,False,False,False,False,39.0,1,278.13,0.0,165.0,278.13,0.6794063079777366,0.017241379310344827,31,19.0,7.120393247567162,4.795344827586207
0.0382450993037725,0.05783386877322738,0.022217924,False,False,False,False,0.0,0,0.0,0.0,19.0,91.15,0.20946196660482375,0.0,17,194.0,0.0,0.0
0.17277324865484556,0.28287849316385766,0.08268714,False,False,False,False,193.0,7,174.00285714285715,0.0,58.333333333333336,397.65,0.5547309833024119,0.024822695035460994,127,89.0,6.6610973383807845,0.6170314083080041
0.017065119056198327,0.02699216219737205,0.008942992,False,False,False,False,0.0,0,0.0,0.0,122.0,173.62,0.20946196660482375,0.0,28,146.0,0.0,0.0
0.27983362620571883,0.26426595991407564,0.2925708,False,False,False,False,197.0,1,263.2,0.0,576.5,817.3199999999999,0.6619666048237477,0.0049504950495049506,54,5.0,25.019025019037542,1.302970297029703
0.05611328179629244,0.09766472616662797,0.022116644,False,False,False,False,0.0,0,0.0,0.0,93.0,303.97,0.20946196660482375,0.0,18,282.0,0.0,0.0
0.0247687252775598,0.031229287091398328,0.01948281,False,False,False,False,0.0,0,0.0,0.0,155.0,463.40999999999997,0.20946196660482375,0.0,14,194.0,0.0,0.0
0.015915241465654352,0.024190751837219082,0.0091443695,False,False,False,False,0.0,0,0.0,0.0,125.0,247.39,0.20946196660482375,0.0,31,145.0,0.0,0.0
0.17079075103618957,0.23863778457858514,0.11527953,False,False,False,False,142.0,1,308.03999999999996,0.0,498.0,557.5600000000001,0.7202226345083488,0.0040650406504065045,34,104.0,24.352799090236246,1.2521951219512193
0.08163843692088489,0.1581349889601682,0.019050349,False,False,False,False,136.0,2,142.05,0.0,80.66666666666667,153.6,0.5120593692022264,0.008264462809917356,18,106.0,27.054794487519295,0.5869834710743802
0.0578871416311132,0.10212957867553213,0.021688784,False,False,False,False,0.0,0,0.0,0.0,64.0,163.2,0.20946196660482375,0.0,2,275.0,0.0,0.0
0.044865755062190926,0.05068752019689754,0.040102493,False,False,False,False,0.0,0,0.0,0.0,104.0,128.95,0.20946196660482375,0.0,14,10.0,0.0,0.0
0.022927171526365156,0.034163540382104174,0.013733778,False,False,False,False,0.0,0,0.0,0.0,30.0,127.84,0.20946196660482375,0.0,17,160.0,0.0,0.0
0.11215222822148187,0.20494179613101443,0.03623349,False,False,False,False,14.0,1,76.75,0.0,36.5,213.03,0.4404452690166976,0.004484304932735426,37,209.0,2.3333333333333335,0.34417040358744394
0.0667823971186659,0.10949526994859315,0.0318355,False,False,False,False,0.0,0,0.0,0.0,93.0,190.35,0.20946196660482375,0.0,36,275.0,0.0,0.0
0.017371548013349496,0.02216286574295301,0.013451379,False,False,False,False,0.0,0,0.0,0.0,165.0,244.69,0.20946196660482375,0.0,32,82.0,0.0,0.0
0.04406261095564845,0.07466011630520297,0.019028287,False,False,False,False,0.0,0,0.0,0.0,10.0,59.5,0.20946196660482375,0.0,3,97.0,0.0,0.0
0.04323788046453298,0.0749132733292911,0.01732165,False,False,False,False,0.0,0,0.0,0.0,28.0,74.60000000000001,0.20946196660482375,0.0,4,197.0,0.0,0.0
0.033584896837825715,0.0438359553397919,0.025197666,False,False,False,False,0.0,0,0.0,0.0,78.0,170.54000000000002,0.20946196660482375,0.0,11,23.0,0.0,0.0
0.17356845405297106,0.23568394375281476,0.12274668,False,False,False,False,252.0,1,233.5,0.0,53.0,225.71,0.6319109461966604,0.0035842293906810036,106,27.0,23.918781492963003,0.8369175627240143
0.06806813401077678,0.10262423581755803,0.03979496,False,False,False,False,0.0,0,0.0,0.0,165.0,172.54,0.20946196660482375,0.0,9,283.0,0.0,0.0
0.12841997338851546,0.19903136720304698,0.070647016,False,False,False,False,20.0,1,205.3,0.0,209.5,374.75,0.5951762523191094,0.004132231404958678,20,222.0,4.47213595499958,0.8483471074380166
0.03293920256552069,0.05605047867490115,0.014029976,False,False,False,False,0.0,0,0.0,0.0,105.0,334.93,0.20946196660482375,0.0,15,246.0,0.0,0.0
0.06183673825909438,0.10989941269269127,0.022512732,False,False,False,False,0.0,0,0.0,0.0,138.0,369.5,0.20946196660482375,0.0,11,283.0,0.0,0.0
0.013910960431089872,0.01474295644890572,0.013230236,False,False,False,False,0.0,0,0.0,0.0,143.0,206.21,0.20946196660482375,0.0,13,157.0,0.0,0.0
0.03682543749576601,0.05732852639899855,0.020050183,False,False,False,False,0.0,0,0.0,0.0,69.0,250.45000000000002,0.20946196660482375,0.0,22,230.0,0.0,0.0
0.20132057086320013,0.2826995919300735,0.13473773,False,False,False,False,75.0,2,677.385,0.0,256.0,928.35,0.9361781076066791,0.016,79,50.0,5.023806081280114,5.41908
0.23865198311693428,0.3439361512106206,0.15251039,False,False,False,False,150.0,1,53.1,0.0,41.0,164.8,0.43042671614100186,0.0035460992907801418,9,132.0,52.67945519839779,0.18829787234042553
0.046958937722721146,0.047923039734978246,0.046170127,False,False,False,False,0.0,0,0.0,0.0,289.0,387.31,0.20946196660482375,0.0,22,190.0,0.0,0.0
0.10806547332543293,0.1964608299232889,0.035742,False,False,False,False,217.0,2,208.62,0.0,93.66666666666667,224.84,0.601113172541744,0.007067137809187279,32,66.0,35.10031706501404,0.7371731448763251
0.07642918701920087,0.13054077964034733,0.032156065,False,False,False,False,51.0,1,302.8,0.0,130.0,310.02,0.7076066790352504,0.006993006993006993,28,92.0,8.980265101338752,2.1174825174825176
0.09636052758496044,0.18837795624028836,0.02107354,False,False,False,False,154.0,4,280.8775,0.0,159.0,466.71,0.6831168831168831,0.014184397163120567,80,128.0,8.763640225538316,0.9960195035460992
0.08767135949329434,0.15121521936292776,0.035680927,False,False,False,False,169.0,5,360.11,0.0,235.83333333333334,645.5,0.787012987012987,0.026881720430107527,67,17.0,11.372068574449075,1.9360752688172043
0.12773175125573477,0.21180425165437772,0.058945157,False,False,False,False,116.0,1,106.81,0.0,79.5,129.54000000000002,0.45899814471243044,0.0035842293906810036,35,163.0,19.722337291388516,0.382831541218638
0.09294421039744052,0.1629106948822479,0.035698906,False,False,False,False,76.0,3,317.31333333333333,0.0,97.0,351.14,0.7413729128014842,0.02097902097902098,24,67.0,8.049647532459135,2.218974358974359
0.02283265267284074,0.020802294478843797,0.024493854,False,False,False,False,0.0,0,0.0,0.0,224.0,305.78,0.20946196660482375,0.0,20,157.0,0.0,0.0
0.03215969862022064,0.029431472751345056,0.034391884,False,False,False,False,0.0,0,0.0,0.0,182.0,149.48,0.20946196660482375,0.0,13,50.0,0.0,0.0
0.04135280697427707,0.049961363251176505,0.034309443,False,False,False,False,0.0,0,0.0,0.0,158.0,252.1,0.20946196660482375,0.0,5,30.0,0.0,0.0
0.05885518889433276,0.0593904858564035,0.05841722,False,False,False,False,0.0,0,0.0,0.0,325.0,477.91,0.20946196660482375,0.0,31,39.0,0.0,0.0
0.018240146964206075,0.02168539429574934,0.015421309,False,False,False,False,0.0,0,0.0,0.0,118.0,178.5,0.20946196660482375,0.0,10,40.0,0.0,0.0
0.03603997969375079,0.051492368871327354,0.023397116,False,False,False,False,0.0,0,0.0,0.0,227.0,358.59,0.20946196660482375,0.0,41,65.0,0.0,0.0
0.06705163778827816,0.10758926028380195,0.03388449,False,False,False,False,0.0,0,0.0,0.0,122.0,127.08,0.20946196660482375,0.0,21,282.0,0.0,0.0
0.042596399080943495,0.07599409513383315,0.015271012,False,False,False,False,0.0,0,0.0,0.0,131.0,311.95,0.20946196660482375,0.0,14,274.0,0.0,0.0
0.12106469448613053,0.18053883040849644,0.072404034,False,False,False,False,0.0,0,0.0,0.0,70.0,141.04,0.20946196660482375,0.0,66,272.0,0.0,0.0
0.33491739506617957,0.43759875551629446,0.25090536,False,False,False,False,169.0,2,1077.845,0.0,409.6,1564.7,0.9784786641929499,0.010752688172043012,150,17.0,8.992306818659177,5.7948655913978495
0.03032286644937169,0.030428853983383963,0.03023615,False,False,False,False,0.0,0,0.0,0.0,256.0,487.02,0.20946196660482375,0.0,19,67.0,0.0,0.0
0.10843323754069423,0.11230424514075593,0.10526605,False,False,False,False,0.0,0,0.0,0.0,400.0,500.0,0.20946196660482375,0.0,1,82.0,0.0,0.0
0.07415484464141006,0.03349468555654145,0.10742225,False,False,False,False,0.0,0,0.0,0.0,278.0,137.9,0.20946196660482375,0.0,10,83.0,0.0,0.0
0.018685460018803418,0.016221329410185947,0.020701567,False,False,False,False,0.0,0,0.0,0.0,138.0,241.62,0.20946196660482375,0.0,18,43.0,0.0,0.0
0.12275374203206163,0.1830972293853994,0.0733818,False,False,False,False,95.0,1,344.9,0.0,109.5,371.45,0.7692022263450835,0.010416666666666666,28,1.0,16.363299659835597,3.592708333333333
0.1132863444026964,0.17438047891119168,0.06330023,False,False,False,False,246.0,2,364.65999999999997,0.0,306.0,422.99,0.7925788497217069,0.007272727272727273,36,29.0,26.386646282557695,1.3260363636363635
0.13115234604342724,0.15495948340857352,0.11167378,False,False,False,False,0.0,0,0.0,0.0,607.0,683.17,0.20946196660482375,0.0,41,87.0,0.0,0.0
0.12297433686966602,0.21069725515036458,0.051201038,False,False,False,False,269.0,3,240.81333333333336,0.0,97.0,312.64,0.6382189239332097,0.010830324909747292,21,8.0,27.324802425382813,0.8693622141997595
0.09880381222330131,0.1829783360883615,0.029933745,False,False,False,False,81.0,1,122.7,0.0,99.0,214.74,0.4849721706864564,0.003676470588235294,31,191.0,14.100290132411518,0.4511029411764706
0.5931804674346219,0.6790699997387485,0.5229072,True,False,False,False,0.0,0,0.0,0.0,1361.46111111111,3685.0121999999938,0.20946196660482375,0.0,1,235.0,0.0,0.0
0.20073161842976603,0.305809159467719,0.11475908,False,False,False,False,106.0,2,803.865,0.0,371.6666666666667,1136.3,0.9551020408163265,0.012048192771084338,98,60.0,9.817912921869617,4.842560240963856
0.06919008670048465,0.13889579908818117,0.01215814,False,False,False,False,47.0,1,121.25000000000001,0.0,45.5,183.0,0.48200371057513913,0.005208333333333333,13,145.0,12.294017127971523,0.6315104166666667
0.050690671308660076,0.07562055743143198,0.030293493,False,False,False,False,0.0,0,0.0,0.0,84.0,91.32000000000001,0.20946196660482375,0.0,2,26.0,0.0,0.0
0.008584216720272514,0.015027950712038218,0.0033120706,False,False,False,False,0.0,0,0.0,0.0,76.0,182.99,0.20946196660482375,0.0,19,108.0,0.0,0.0
0.03535951475047139,0.03738666545998315,0.033700936,False,False,False,False,0.0,0,0.0,0.0,98.0,253.31,0.20946196660482375,0.0,15,17.0,0.0,0.0
0.009316037208303169,0.01092334336807188,0.008000968,False,False,False,False,0.0,0,0.0,0.0,96.0,239.0,0.20946196660482375,0.0,12,155.0,0.0,0.0
0.2617170445017799,0.3813942123105756,0.16379936,False,False,False,False,69.0,5,119.184,0.0,39.714285714285715,175.25,0.47829313543599256,0.017793594306049824,110,212.0,2.806184985653031,0.4241423487544484
0.06689076559291139,0.11699749085739486,0.025894353,False,False,False,False,169.0,2,211.16,0.0,110.66666666666667,301.32,0.6037105751391466,0.011494252873563218,58,5.0,14.63740862800801,1.2135632183908045
0.05554232980617174,0.09987282362929734,0.019271925,False,False,False,False,101.0,2,301.69,0.0,215.0,414.12,0.7046382189239332,0.013157894736842105,51,51.0,12.067294967934494,1.9848026315789473
0.10447784021066175,0.08696841431031727,0.11880373,False,False,False,False,0.0,0,0.0,0.0,425.0,350.75,0.20946196660482375,0.0,23,150.0,0.0,0.0
0.10910751418585515,0.21321591878522184,0.02392791,False,False,False,False,106.0,2,84.435,0.0,29.333333333333332,121.17,0.44452690166975883,0.007462686567164179,43,162.0,11.060280725422777,0.31505597014925374
0.0953349659576863,0.15918056219481758,0.04309766,False,False,False,False,1.0,1,59.400000000000006,0.0,175.5,370.20000000000005,0.4326530612244898,0.006666666666666667,23,149.0,0.21320071635561044,0.396
0.016509515012460247,0.018293919171795348,0.015049547,False,False,False,False,0.0,0,0.0,0.0,106.0,389.01,0.20946196660482375,0.0,16,115.0,0.0,0.0
0.0339751702727695,0.04836094524172052,0.02220499,False,False,False,False,0.0,0,0.0,0.0,40.0,133.20000000000002,0.20946196660482375,0.0,4,37.0,0.0,0.0
0.23194212910493053,0.28110536595096935,0.19171765,False,False,False,False,187.0,2,182.70999999999998,0.0,538.0,194.48,0.5658627087198516,0.00851063829787234,15,48.0,31.78604947420284,0.7774893617021276
0.21086439590537068,0.3011533805812623,0.13699159,False,False,False,False,134.0,1,52.800000000000004,0.0,99.0,68.10000000000001,0.4300556586270872,0.004545454545454545,6,86.0,47.02260094890541,0.24000000000000002
0.16845990622735518,0.24427445188046598,0.10642982,False,False,False,False,30.0,1,539.81,0.0,273.5,539.81,0.8975881261595547,0.005681818181818182,38,146.0,4.275816728492019,3.0671022727272725
0.007007436649637841,0.003180274760033075,0.010138751,False,False,False,False,0.0,0,0.0,0.0,106.0,290.36,0.20946196660482375,0.0,15,81.0,0.0,0.0
0.013611297760340094,0.015262946246801745,0.012259949,False,False,False,False,0.0,0,0.0,0.0,139.0,206.13,0.20946196660482375,0.0,14,166.0,0.0,0.0
0.09815673028319952,0.16123941501842332,0.046543624,False,False,False,False,231.0,2,336.355,0.0,276.6666666666667,406.22999999999996,0.7584415584415585,0.008547008547008548,54,3.0,24.046451496508478,1.43741452991453
0.10300865095444064,0.18249982505126222,0.037970416,False,False,False,False,170.0,5,375.10200000000003,0.0,237.0,709.19,0.8037105751391466,0.028735632183908046,59,4.0,7.89251704514795,2.1557586206896553
0.27234070380745573,0.46778819638751706,0.11242912,False,False,False,False,16.0,1,165.0,0.0,186.5,345.0,0.5439703153988869,0.058823529411764705,37,1.0,2.6666666666666665,9.705882352941176
0.037373319873958685,0.05724084801640744,0.021118069,False,False,False,False,0.0,0,0.0,0.0,47.5,167.91,0.20946196660482375,0.0,29,190.0,0.0,0.0
0.040065965863641737,0.06902600176373375,0.01637139,False,False,False,False,0.0,0,0.0,0.0,82.0,201.20000000000002,0.20946196660482375,0.0,10,269.0,0.0,0.0
0.029433046414292615,0.044552882393944615,0.017062271,False,False,False,False,0.0,0,0.0,0.0,197.0,334.4,0.20946196660482375,0.0,17,220.0,0.0,0.0
0.12914388452829254,0.1304505395637912,0.1280748,False,False,False,False,0.0,0,0.0,0.0,349.0,300.66,0.20946196660482375,0.0,11,278.0,0.0,0.0
0.21944336503519551,0.24295960664250088,0.2002028,False,False,False,False,96.0,2,426.65,0.0,408.6666666666667,492.26,0.8434137291280148,0.018018018018018018,82,15.0,7.366690623723702,3.8436936936936936
0.0840424073090198,0.15296184295858328,0.027653778,False,False,False,False,178.0,1,347.15999999999997,0.0,201.0,347.15999999999997,0.7714285714285715,0.004901960784313725,32,26.0,28.713191540144962,1.7017647058823528
0.03195626624715474,0.053370310631993656,0.014435684,False,False,False,False,0.0,0,0.0,0.0,78.0,225.89999999999998,0.20946196660482375,0.0,10,239.0,0.0,0.0
0.046393950312907155,0.05984451793868156,0.03538894,False,False,False,False,0.0,0,0.0,0.0,233.0,453.01,0.20946196660482375,0.0,26,23.0,0.0,0.0
0.016410971151097617,0.02964035058888903,0.0055869333,False,False,False,False,0.0,0,0.0,0.0,62.0,151.5,0.20946196660482375,0.0,9,162.0,0.0,0.0
0.011975327906970056,0.016569532308785717,0.008216433,False,False,False,False,0.0,0,0.0,0.0,80.0,248.25,0.20946196660482375,0.0,18,130.0,0.0,0.0
0.10213614060491182,0.17550298304491257,0.042108722,False,False,False,False,110.0,1,148.8,0.0,69.5,197.8,0.5224489795918368,0.0036231884057971015,23,166.0,23.238878082761538,0.5391304347826087
0.07044202068158245,0.13293581450334868,0.019310735,False,False,False,False,211.0,4,382.095,0.0,131.4,438.5,0.8085343228200371,0.01652892561983471,54,31.0,12.504676340463478,1.578904958677686
0.10871856338836376,0.20490314926389464,0.030022083,False,False,False,False,272.0,5,278.054,0.0,126.42857142857143,387.88,0.6790352504638218,0.01773049645390071,62,10.0,17.46038624198497,0.9860070921985815
0.26018271410003657,0.37288579264250854,0.1679711,False,False,False,False,0.0,0,0.0,0.0,760.0,1837.92,0.20946196660482375,0.0,37,65.0,0.0,0.0
0.01760163480531667,0.02974685687415013,0.007664635,False,False,False,False,0.0,0,0.0,0.0,45.0,152.55,0.20946196660482375,0.0,7,176.0,0.0,0.0
0.09184897570076567,0.10245731038656458,0.08316943,False,False,False,False,0.0,0,0.0,0.0,307.0,497.61,0.20946196660482375,0.0,26,5.0,0.0,0.0
0.08451510980430406,0.140128918316699,0.0390129,False,False,False,False,214.0,2,333.47,0.0,161.66666666666666,501.99,0.7562152133580705,0.008298755186721992,41,27.0,26.19341974800614,1.3836929460580913
0.13357956095058374,0.2189819213089822,0.0637049,False,False,False,False,115.0,1,180.09,0.0,47.0,180.09,0.5625231910946197,0.0036101083032490976,17,162.0,28.5,0.6501444043321299
0.2911630070384784,0.286784292630894,0.2947456,False,False,False,False,18.0,2,366.025,0.0,369.6666666666667,425.05,0.7936920222634508,0.008733624454148471,26,211.0,2.034575090361455,1.598362445414847
0.08847700581682384,0.16336204609898858,0.027207427,False,False,False,False,138.0,3,148.41,0.0,65.5,229.93,0.5217068645640074,0.013215859030837005,95,89.0,10.121700336228823,0.6537885462555066
0.03175825852674588,0.052858699604810266,0.014494261,False,False,False,False,0.0,0,0.0,0.0,138.0,297.64,0.20946196660482375,0.0,35,197.0,0.0,0.0
0.09776964401784244,0.1282019579980705,0.07287048,False,False,False,False,0.0,0,0.0,0.0,254.0,914.9300000000001,0.20946196660482375,0.0,37,177.0,0.0,0.0
0.08054498417591624,0.15558868899755063,0.01914559,False,False,False,False,197.0,4,370.21500000000003,0.0,252.0,521.44,0.7977736549165121,0.02,86,3.0,9.435322285402096,1.8510750000000002
0.012194436604107257,0.01695807423431528,0.008296914,False,False,False,False,0.0,0,0.0,0.0,132.0,152.34,0.20946196660482375,0.0,9,111.0,0.0,0.0
0.05912213820759441,0.10318751657547742,0.023068646,False,False,False,False,0.0,0,0.0,0.0,46.0,173.7,0.20946196660482375,0.0,3,274.0,0.0,0.0
0.06288687195230427,0.10157937100306491,0.031229371,False,False,False,False,0.0,0,0.0,0.0,6.0,35.7,0.20946196660482375,0.0,1,68.0,0.0,0.0
0.07437066073329256,0.06709860618712737,0.08032052,False,False,False,False,0.0,0,0.0,0.0,84.0,508.4599999999999,0.20946196660482375,0.0,7,26.0,0.0,0.0
0.09009715498716031,0.16332606791854776,0.03018259,False,False,False,False,248.0,4,266.12,0.0,225.33333333333334,403.05,0.6675324675324675,0.014388489208633094,64,30.0,19.179859427864315,0.9572661870503597
0.24482635095535188,0.3200406263231893,0.1832874,False,False,False,False,197.0,5,822.076,0.0,383.3333333333333,951.24,0.9573283858998145,0.018518518518518517,62,73.0,9.587985919552395,3.044725925925926
0.019578342829867673,0.027073416943846962,0.013446009,False,False,False,False,0.0,0,0.0,0.0,90.0,186.34,0.20946196660482375,0.0,14,212.0,0.0,0.0
0.025147670685770587,0.04136021619764185,0.01188286,False,False,False,False,0.0,0,0.0,0.0,102.0,302.58,0.20946196660482375,0.0,8,228.0,0.0,0.0
0.04989295816047157,0.06383470342387015,0.038486075,False,False,False,False,0.0,0,0.0,0.0,87.0,230.3,0.20946196660482375,0.0,11,8.0,0.0,0.0
0.05413940659107977,0.051052287186565515,0.05666523,False,False,False,False,0.0,0,0.0,0.0,314.0,449.42,0.20946196660482375,0.0,11,127.0,0.0,0.0
0.03162557816735018,0.059339271623362166,0.008950738,False,False,False,False,0.0,0,0.0,0.0,41.0,59.9,0.20946196660482375,0.0,4,127.0,0.0,0.0
0.012925706993173322,0.023528321860025903,0.0042508403,False,False,False,False,0.0,0,0.0,0.0,50.0,163.29999999999998,0.20946196660482375,0.0,12,75.0,0.0,0.0
0.046583493213205096,0.052323215063740935,0.041887358,False,False,False,False,0.0,0,0.0,0.0,142.0,335.52,0.20946196660482375,0.0,6,16.0,0.0,0.0
0.061537535132763076,0.08937898447512982,0.038758166,False,False,False,False,0.0,0,0.0,0.0,144.0,79.2,0.20946196660482375,0.0,1,214.0,0.0,0.0
0.1302743613247568,0.18890414459274757,0.08230454,False,False,False,False,147.0,1,342.97,0.0,173.5,342.97,0.7654916512059369,0.006535947712418301,114,6.0,13.47546790631472,2.241633986928105
0.611502504086973,0.530382738591304,0.6778732,True,False,False,False,194.0,7,397.5142857142857,0.0,969.2222222222222,1867.86,0.8233766233766234,0.0330188679245283,6,18.0,16.925203100701626,1.8750673854447437
0.1458120265860438,0.24012072919895905,0.06865036,False,False,False,False,21.0,2,249.25,0.0,124.0,253.69999999999996,0.6467532467532467,0.028985507246376812,11,48.0,4.48358830654244,3.61231884057971
0.08295858159869979,0.1539624435252629,0.024864512,False,False,False,False,71.0,1,302.45,0.0,109.5,314.6,0.7064935064935065,0.005813953488372093,11,101.0,22.135943621178654,1.7584302325581396
0.1048731496813011,0.1406812068228615,0.07557565,False,False,False,False,0.0,0,0.0,0.0,196.0,1063.0,0.20946196660482375,0.0,14,220.0,0.0,0.0
0.08724193983507475,0.15122441700724143,0.03489264,False,False,False,False,50.0,1,306.2,0.0,150.0,306.2,0.7161410018552876,0.005050505050505051,21,148.0,10.692676621563622,1.5464646464646463
0.07167853821053506,0.13378662649093737,0.020862829,False,False,False,False,187.0,2,176.20499999999998,0.0,131.66666666666666,237.47,0.5573283858998145,0.009708737864077669,33,19.0,18.667334779102827,0.8553640776699029
0.2217875927624175,0.2766372064610475,0.17691064,False,False,False,False,49.0,1,35.7,0.0,5.0,35.7,0.4256029684601113,0.02,1,1.0,0.0,0.7140000000000001
0.031175470838806726,0.04887054347851033,0.016697684,False,False,False,False,0.0,0,0.0,0.0,41.0,117.55,0.20946196660482375,0.0,22,187.0,0.0,0.0
0.024769095913223554,0.040440882710730874,0.011946725,False,False,False,False,0.0,0,0.0,0.0,141.0,334.54,0.20946196660482375,0.0,40,121.0,0.0,0.0
0.049824793061766744,0.043140389403046764,0.05529385,False,False,False,False,0.0,0,0.0,0.0,252.0,304.56,0.20946196660482375,0.0,2,40.0,0.0,0.0
0.057598074381368505,0.09866938707964762,0.023994273,False,False,False,False,0.0,0,0.0,0.0,12.0,91.80000000000001,0.20946196660482375,0.0,4,229.0,0.0,0.0
0.08368349223066324,0.12002905124269048,0.053946216,False,False,False,False,123.0,1,333.65,0.0,244.5,333.65,0.7569573283858998,0.005076142131979695,25,74.0,22.654831257600332,1.6936548223350252
0.018951681579300564,0.03302136363011554,0.0074401237,False,False,False,False,0.0,0,0.0,0.0,40.0,99.14,0.20946196660482375,0.0,12,69.0,0.0,0.0
0.026272991021234617,0.037849212895408435,0.016801536,False,False,False,False,0.0,0,0.0,0.0,177.0,238.85,0.20946196660482375,0.0,16,212.0,0.0,0.0
0.1591880566587407,0.19976017027218218,0.12599269,False,False,False,False,0.0,0,0.0,0.0,380.0,783.9,0.20946196660482375,0.0,70,55.0,0.0,0.0
0.0611925326352889,0.12214692435122743,0.011320758,False,False,False,False,17.0,1,118.60000000000001,0.0,100.0,285.7,0.4775510204081633,0.01,25,83.0,3.4701104689428353,1.1860000000000002
0.04008393197810864,0.042011568602725646,0.038506772,False,False,False,False,0.0,0,0.0,0.0,221.0,255.91,0.20946196660482375,0.0,34,45.0,0.0,0.0
0.02452778431179039,0.04429046761165972,0.008358316,False,False,False,False,0.0,0,0.0,0.0,66.0,93.18,0.20946196660482375,0.0,5,184.0,0.0,0.0
0.0778616930298976,0.09117965957698376,0.06696517,False,False,False,False,0.0,0,0.0,0.0,446.0,394.14,0.20946196660482375,0.0,31,96.0,0.0,0.0
0.22385191455483822,0.2808129188087337,0.17724745,False,False,False,False,0.0,0,0.0,0.0,743.0,1351.45,0.20946196660482375,0.0,12,120.0,0.0,0.0
0.04211535343229944,0.06801509694258756,0.020924654,False,False,False,False,0.0,0,0.0,0.0,6.0,76.5,0.20946196660482375,0.0,3,87.0,0.0,0.0
0.11852130143196188,0.19731056852143786,0.054057356,False,False,False,False,112.0,1,141.85,0.0,58.5,174.4,0.5116883116883116,0.0036363636363636364,18,163.0,26.92145437903296,0.5158181818181818
0.03149834002911197,0.05193697511286971,0.01477582,False,False,False,False,0.0,0,0.0,0.0,114.0,168.3,0.20946196660482375,0.0,11,249.0,0.0,0.0
0.20576980054923544,0.22494534851331727,0.19008072,False,False,False,False,0.0,0,0.0,0.0,370.0,1466.3200000000002,0.20946196660482375,0.0,30,72.0,0.0,0.0
0.21879882652151275,0.32495494327253077,0.13194382,False,False,False,False,3.0,1,63.0,0.0,163.0,1145.06,0.4348794063079777,0.0035842293906810036,29,276.0,0.5144957554275265,0.22580645161290322
0.10870120578598388,0.17207869840090823,0.05684689,False,False,False,False,108.0,1,194.05,0.0,130.0,258.95,0.5818181818181818,0.0036363636363636364,23,167.0,22.045407685048602,0.7056363636363637
0.02684294905716089,0.035292510527237864,0.019929672,False,False,False,False,0.0,0,0.0,0.0,126.0,168.0,0.20946196660482375,0.0,3,38.0,0.0,0.0
0.03608447555411591,0.06645843096814186,0.011233057,False,False,False,False,0.0,0,0.0,0.0,72.0,76.32000000000001,0.20946196660482375,0.0,1,179.0,0.0,0.0
0.07458695989543163,0.12673210014223968,0.031922754,False,False,False,False,79.0,2,191.685,0.0,143.33333333333334,374.87,0.5777365491651206,0.011627906976744186,42,93.0,10.856497168892218,1.1144476744186047
0.11002903945771417,0.16954791529371915,0.06133178,False,False,False,False,125.0,1,180.39,0.0,242.5,180.39,0.563265306122449,0.005263157894736842,16,65.0,32.27486121839515,0.9494210526315788
0.0381934048411985,0.03805262384099867,0.038308587,False,False,False,False,0.0,0,0.0,0.0,330.0,376.58,0.20946196660482375,0.0,26,89.0,0.0,0.0
0.2612225400162925,0.35656312809016744,0.1832166,False,False,False,False,166.0,1,21.72,0.0,52.0,75.68,0.42337662337662335,0.004545454545454545,7,54.0,62.36413804652249,0.09872727272727272
0.2406199046474327,0.3089443497087402,0.18471809,False,False,False,False,0.0,0,0.0,0.0,320.0,763.5,0.20946196660482375,0.0,120,228.0,0.0,0.0
0.0993685411421524,0.16248684503592087,0.047726292,False,False,False,False,21.0,1,131.26,0.0,78.0,131.26,0.49907235621521334,0.005154639175257732,8,173.0,7.424621202458749,0.6765979381443299
0.13526989698998648,0.22621191608889274,0.060862787,False,False,False,False,175.0,1,121.92,0.0,98.0,166.5,0.48385899814471245,0.005434782608695652,21,9.0,37.31012536223182,0.662608695652174
0.12468355882204955,0.18658111466384342,0.0740401,False,False,False,False,0.0,0,0.0,0.0,228.0,390.79,0.20946196660482375,0.0,59,283.0,0.0,0.0
0.03936210142044053,0.06894760573832692,0.015155779,False,False,False,False,0.0,0,0.0,0.0,72.0,39.12,0.20946196660482375,0.0,2,99.0,0.0,0.0
0.5242744927991484,0.44330277826809317,0.5905241,True,False,False,False,80.0,1,481.46000000000004,0.0,793.0,2271.62,0.874582560296846,0.00425531914893617,53,155.0,10.690449676496984,2.0487659574468085
0.035592558606930766,0.061686731873768774,0.014242779,False,False,False,False,0.0,0,0.0,0.0,34.0,100.5,0.20946196660482375,0.0,4,205.0,0.0,0.0
0.31574472678906296,0.3682411686845748,0.27279308,False,False,False,False,35.0,1,313.6,0.0,273.5,988.34,0.7335807050092764,0.02631578947368421,57,3.0,4.445004445006666,8.25263157894737
0.01983785809955405,0.027002453059099485,0.013975916,False,False,False,False,0.0,0,0.0,0.0,126.0,380.5,0.20946196660482375,0.0,24,185.0,0.0,0.0
0.15721747399947478,0.29021472007215976,0.048401546,False,False,False,False,265.0,4,112.8225,0.0,40.333333333333336,174.72,0.4686456400742115,0.014545454545454545,103,10.0,19.016895713565994,0.4102636363636364
0.06097722615231679,0.11703506118566032,0.015111724,False,False,False,False,88.0,1,273.8,0.0,181.0,318.3,0.674582560296846,0.007407407407407408,26,47.0,15.805266578356196,2.0281481481481483
0.06437122616095127,0.1281533913711217,0.012185818,False,False,False,False,84.0,1,242.63,0.0,127.66666666666667,269.59,0.6393320964749536,0.004830917874396135,51,123.0,10.5,1.1721256038647343
0.09700897985186974,0.1733689237189911,0.034532662,False,False,False,False,120.0,2,340.78,0.0,94.5,365.55,0.762152133580705,0.007380073800738007,18,151.0,19.080094339389415,1.257490774907749
0.04456837079221451,0.07050271818029535,0.02334936,False,False,False,False,0.0,0,0.0,0.0,98.0,152.68,0.20946196660482375,0.0,48,55.0,0.0,0.0
0.047940669869657594,0.06982684199517797,0.030033803,False,False,False,False,0.0,0,0.0,0.0,228.0,452.84999999999997,0.20946196660482375,0.0,26,227.0,0.0,0.0
0.014758363047925105,0.022537854517361566,0.008393324,False,False,False,False,0.0,0,0.0,0.0,60.0,174.8,0.20946196660482375,0.0,14,166.0,0.0,0.0
0.065850749747421,0.12720097093442118,0.015655113,False,False,False,False,119.0,1,111.68,0.0,71.0,177.68,0.46641929499072354,0.0049504950495049506,25,83.0,24.08664913736792,0.5528712871287129
0.038246634791501324,0.06320565401449901,0.017825618,False,False,False,False,0.0,0,0.0,0.0,20.0,94.0,0.20946196660482375,0.0,6,199.0,0.0,0.0
0.056089294635160776,0.09473178024182499,0.024472715,False,False,False,False,0.0,0,0.0,0.0,83.0,345.69000000000005,0.20946196660482375,0.0,9,278.0,0.0,0.0
0.29128626112747846,0.3478412854364329,0.24501395,False,False,False,False,0.0,0,0.0,0.0,386.0,1693.88,0.20946196660482375,0.0,45,226.0,0.0,0.0
0.17104452632780526,0.21290215701782378,0.13679737,False,False,False,False,107.0,2,144.5,0.0,316.6666666666667,204.00000000000003,0.5153988868274583,0.009900990099009901,2,95.0,26.16295090390226,0.7153465346534653
0.011540827224220163,0.011520642112946788,0.0115573425,False,False,False,False,0.0,0,0.0,0.0,121.0,277.07,0.20946196660482375,0.0,17,165.0,0.0,0.0
0.05772961598400328,0.04457280694917515,0.068494275,False,False,False,False,0.0,0,0.0,0.0,343.0,346.98,0.20946196660482375,0.0,11,101.0,0.0,0.0
0.021221832600606096,0.03767996559788256,0.007756087,False,False,False,False,0.0,0,0.0,0.0,44.0,126.7,0.20946196660482375,0.0,5,180.0,0.0,0.0
0.026883484759867057,0.04421708373049865,0.012701449,False,False,False,False,0.0,0,0.0,0.0,100.0,330.9,0.20946196660482375,0.0,11,233.0,0.0,0.0
0.0813185188479667,0.1270501579526277,0.043901723,False,False,False,False,99.0,1,366.11,0.0,127.0,366.11,0.7940630797773655,0.0078125,38,29.0,15.897699270814732,2.860234375
0.3855250519519584,0.4253233234099848,0.35296282,False,False,False,False,0.0,0,0.0,0.0,935.0,1784.71,0.20946196660482375,0.0,10,207.0,0.0,0.0
0.07349147286052718,0.1342599551663402,0.023771806,False,False,False,False,76.0,1,307.6,0.0,143.5,308.55,0.7194805194805195,0.006993006993006993,14,67.0,19.0,2.151048951048951
0.09370938262263319,0.14907025095311316,0.048414126,False,False,False,False,0.0,0,0.0,0.0,77.0,172.29,0.20946196660482375,0.0,46,283.0,0.0,0.0
0.0721854329208367,0.12151295611148255,0.03182655,False,False,False,False,0.0,0,0.0,0.0,170.0,209.82999999999998,0.20946196660482375,0.0,38,278.0,0.0,0.0
0.021238686159059248,0.02942960422856905,0.014537025,False,False,False,False,0.0,0,0.0,0.0,121.0,133.25,0.20946196660482375,0.0,6,193.0,0.0,0.0
0.12806384052986292,0.2008899502435081,0.06847884,False,False,False,False,37.0,2,156.0,0.0,120.0,390.0,0.5335807050092765,0.00851063829787234,7,198.0,7.5666733413400005,0.6638297872340425
0.15590869873327912,0.2607183128498859,0.070155375,False,False,False,False,270.0,6,147.48833333333332,0.0,50.285714285714285,254.2,0.5202226345083488,0.021739130434782608,108,6.0,15.445298416717195,0.5343780193236715
0.04176992230422299,0.07058949429805633,0.018190272,False,False,False,False,0.0,0,0.0,0.0,89.0,200.68,0.20946196660482375,0.0,36,213.0,0.0,0.0
0.017914232000358816,0.023685635054327636,0.013192175,False,False,False,False,0.0,0,0.0,0.0,152.0,296.25,0.20946196660482375,0.0,9,198.0,0.0,0.0
0.07673934935433338,0.10641879287919886,0.052456167,False,False,False,False,0.0,0,0.0,0.0,12.0,71.4,0.20946196660482375,0.0,1,22.0,0.0,0.0
0.04453141819236131,0.07922240676808029,0.016147882,False,False,False,False,0.0,0,0.0,0.0,149.0,308.28000000000003,0.20946196660482375,0.0,14,275.0,0.0,0.0
0.03955021284371345,0.033327779170533645,0.044641294,False,False,False,False,0.0,0,0.0,0.0,313.0,327.97,0.20946196660482375,0.0,24,109.0,0.0,0.0
0.09714464580101759,0.170296938001734,0.03729277,False,False,False,False,194.0,2,258.125,0.0,227.33333333333334,295.2,0.6571428571428571,0.007434944237918215,23,75.0,29.209115251802874,0.9595724907063197
0.17865024557508546,0.28103362467106885,0.09488203,False,False,False,False,204.0,4,618.36,0.0,301.3333333333333,1202.22,0.9172541743970315,0.01652892561983471,11,38.0,25.30532915799488,2.555206611570248
0.029468573744336517,0.0418569771012548,0.019332606,False,False,False,False,0.0,0,0.0,0.0,59.0,156.57999999999998,0.20946196660482375,0.0,25,41.0,0.0,0.0
0.10176479023491315,0.16977872179161557,0.046117026,False,False,False,False,3.0,1,11.22,0.0,40.5,134.02,0.42077922077922075,0.0196078431372549,28,48.0,0.5773502691896257,0.22
0.03594624576500652,0.06097228678909933,0.015470393,False,False,False,False,0.0,0,0.0,0.0,100.0,165.0,0.20946196660482375,0.0,1,236.0,0.0,0.0
0.06491158473112933,0.08262069148308154,0.050422315,False,False,False,False,0.0,0,0.0,0.0,124.0,211.89,0.20946196660482375,0.0,43,11.0,0.0,0.0
0.20288551520553155,0.2783614876368956,0.14113244,False,False,False,False,31.0,1,306.0,0.0,96.0,510.0,0.7155844155844155,0.0036101083032490976,1,246.0,0.0,1.1046931407942238
0.10235350595676174,0.182098539709234,0.03710757,False,False,False,False,32.0,1,62.4,0.0,44.0,100.80000000000001,0.43413729128014844,0.007042253521126761,5,110.0,15.5,0.43943661971830983
0.07802066471998259,0.12598376482337414,0.038778126,False,False,False,False,0.0,0,0.0,0.0,100.0,199.11,0.20946196660482375,0.0,53,264.0,0.0,0.0
0.05712043210354131,0.10712628760794096,0.01620655,False,False,False,False,78.0,1,305.51,0.0,160.0,369.01,0.7131725417439703,0.006024096385542169,33,88.0,13.376889641115694,1.8404216867469878
0.051338588614327815,0.061754033342695025,0.04281686,False,False,False,False,0.0,0,0.0,0.0,336.0,559.87,0.20946196660482375,0.0,33,106.0,0.0,0.0
0.012783910109892289,0.01169525699327345,0.013674626,False,False,False,False,0.0,0,0.0,0.0,153.0,335.0,0.20946196660482375,0.0,19,142.0,0.0,0.0
0.16436043207879517,0.23271666246510553,0.108432606,False,False,False,False,0.0,0,0.0,0.0,510.0,1323.05,0.20946196660482375,0.0,32,115.0,0.0,0.0
0.17933315281543025,0.26479912012755624,0.10940645,False,False,False,False,77.0,1,51.0,0.0,41.5,182.85000000000002,0.4296846011131725,0.010101010101010102,5,22.0,38.5,0.5151515151515151
0.0962759011656476,0.17829458275778048,0.029169707,False,False,False,False,208.0,3,538.39,0.0,239.5,683.9300000000001,0.8964749536178107,0.011235955056179775,73,59.0,13.452245348311964,2.016441947565543
0.08853133186932811,0.16157885757279417,0.028765174,False,False,False,False,100.0,4,144.6375,0.0,82.2,223.7,0.5165120593692022,0.02631578947368421,34,52.0,8.921518701149445,0.9515625
0.3775196148948092,0.33569291211857144,0.41174147,False,False,False,False,41.0,1,310.7,0.0,498.0,325.44,0.7269016697588127,0.02,44,9.0,5.798275605729686,6.2139999999999995
0.1521864822696721,0.1765622013566837,0.13224271,False,False,False,False,78.0,2,477.27,0.0,136.0,593.74,0.8712430426716141,0.016129032258064516,38,46.0,8.175165645620487,3.8489516129032255
0.04612674034778266,0.07581997314302985,0.021832276,False,False,False,False,0.0,0,0.0,0.0,17.0,107.45,0.20946196660482375,0.0,7,235.0,0.0,0.0
0.08515944728894835,0.15165263220433406,0.030755932,False,False,False,False,26.0,1,123.17999999999999,0.0,33.0,123.17999999999999,0.48608534322820035,0.005917159763313609,18,143.0,6.305926250944661,0.7288757396449703
0.11624555094401626,0.19493420070764284,0.051863927,False,False,False,False,91.0,1,84.69,0.0,27.5,84.69,0.4452690166975881,0.009174311926605505,29,18.0,17.19738352191984,0.7769724770642201
0.07540819750635232,0.14244775502015938,0.02055765,False,False,False,False,46.0,1,110.94,0.0,28.666666666666668,156.22,0.46307977736549166,0.006535947712418301,42,107.0,7.027819284987275,0.7250980392156863
0.03502008106259083,0.05544826743663628,0.01830611,False,False,False,False,0.0,0,0.0,0.0,24.0,140.3,0.20946196660482375,0.0,11,215.0,0.0,0.0
0.2968278987168247,0.3789970307347895,0.2295986,False,False,False,False,0.0,0,0.0,0.0,800.0,1266.23,0.20946196660482375,0.0,74,149.0,0.0,0.0
0.09821700269411646,0.18921680669940494,0.023762617,False,False,False,False,58.0,1,124.05,0.0,51.0,279.32,0.48794063079777367,0.0035971223021582736,43,220.0,8.551633456984037,0.4462230215827338
0.027597023709195204,0.039832564224970224,0.017586127,False,False,False,False,0.0,0,0.0,0.0,84.5,72.35,0.20946196660482375,0.0,13,187.0,0.0,0.0
0.1533922875213531,0.1960673981878288,0.11847628,False,False,False,False,41.0,1,185.78,0.0,366.0,852.68,0.5714285714285714,0.008130081300813009,56,82.0,5.393598899705938,1.5104065040650407
0.1455132376655069,0.23020782658438477,0.076217666,False,False,False,False,31.0,1,57.45,0.0,16.0,57.45,0.4319109461966605,0.004672897196261682,7,183.0,12.24744871391589,0.26845794392523364
0.023515027573463337,0.041660268269770706,0.008668921,False,False,False,False,0.0,0,0.0,0.0,41.0,111.95,0.20946196660482375,0.0,5,176.0,0.0,0.0
0.22043452907255667,0.367229500824685,0.10032955,False,False,False,False,23.0,1,390.78,0.0,193.5,390.78000000000003,0.8170686456400742,0.029411764705882353,30,11.0,4.270992778072193,11.493529411764705
0.01616541570319322,0.021541320290136945,0.011766948,False,False,False,False,0.0,0,0.0,0.0,135.0,215.05,0.20946196660482375,0.0,9,172.0,0.0,0.0
0.04540458903951914,0.07913204376329913,0.017809398,False,False,False,False,0.0,0,0.0,0.0,90.0,145.0,0.20946196660482375,0.0,6,271.0,0.0,0.0
0.06300076720594298,0.10836110904214408,0.02588776,False,False,False,False,119.0,1,221.52,0.0,206.5,300.36,0.6170686456400742,0.005376344086021506,19,67.0,25.370885246317638,1.1909677419354838
0.09270183296070832,0.1765456717282829,0.024102328,False,False,False,False,185.0,3,102.61666666666667,0.0,64.25,254.5,0.4549165120593692,0.01293103448275862,53,47.0,14.732796731753636,0.4423132183908046
0.12346000772663943,0.20681344777233052,0.05526174,False,False,False,False,186.0,5,479.53000000000003,0.0,245.83333333333334,557.07,0.872356215213358,0.018656716417910446,86,82.0,7.544926739229946,1.7892910447761194
0.11380216921623089,0.21691773655802093,0.029434888,False,False,False,False,196.0,5,177.848,0.0,98.0,260.8,0.558812615955473,0.01773049645390071,97,86.0,8.48508988792688,0.6306666666666667
0.0709899263591561,0.11148070505614488,0.037861105,False,False,False,False,0.0,0,0.0,0.0,63.0,139.52,0.20946196660482375,0.0,32,272.0,0.0,0.0
0.08599324603286393,0.1557764635462895,0.028897887,False,False,False,False,261.0,4,297.6975,0.0,153.4,314.7,0.6990723562152134,0.014336917562724014,64,18.0,14.26237729701697,1.067016129032258
0.043787498777015155,0.053902344582043626,0.035511713,False,False,False,False,0.0,0,0.0,0.0,160.0,356.0,0.20946196660482375,0.0,6,32.0,0.0,0.0
0.16409067137181965,0.15108688171572615,0.17473014,False,False,False,False,0.0,0,0.0,0.0,606.0,640.14,0.20946196660482375,0.0,13,27.0,0.0,0.0
0.07913368269737467,0.1354304924593127,0.033072654,False,False,False,False,42.0,1,199.5,0.0,42.0,199.5,0.5899814471243042,0.0072992700729927005,15,95.0,10.957710918409399,1.4562043795620438
0.1554816197199446,0.27805071729042397,0.055197813,False,False,False,False,266.0,9,184.88777777777779,0.0,90.2,352.23,0.5703153988868275,0.03225806451612903,97,13.0,6.248412496799393,0.6626802070888093
0.015302556533048002,0.023732530912711547,0.0084053045,False,False,False,False,0.0,0,0.0,0.0,73.0,145.04999999999998,0.20946196660482375,0.0,10,195.0,0.0,0.0
0.011407989359016739,0.02027678624731638,0.004151701,False,False,False,False,0.0,0,0.0,0.0,76.0,170.04,0.20946196660482375,0.0,20,82.0,0.0,0.0
0.025319050402490734,0.040822576237052544,0.012634347,False,False,False,False,0.0,0,0.0,0.0,128.0,206.98,0.20946196660482375,0.0,17,229.0,0.0,0.0
0.030582944166211323,0.040237165267926756,0.022684036,False,False,False,False,0.0,0,0.0,0.0,46.0,317.15,0.20946196660482375,0.0,7,193.0,0.0,0.0
0.0677243561442682,0.12062519518776926,0.024441851,False,False,False,False,0.0,0,0.0,0.0,156.0,240.47,0.20946196660482375,0.0,41,274.0,0.0,0.0
0.01059032258157147,0.011264403010169954,0.010038802,False,False,False,False,0.0,0,0.0,0.0,122.0,298.5,0.20946196660482375,0.0,15,184.0,0.0,0.0
0.11581734063616783,0.1727573047609548,0.069230095,False,False,False,False,100.0,2,300.04999999999995,0.0,269.75,770.5,0.7012987012987013,0.017699115044247787,30,13.0,10.852480292652706,2.655309734513274
0.04259675101644973,0.04703085690090347,0.038968846,False,False,False,False,0.0,0,0.0,0.0,164.0,313.62,0.20946196660482375,0.0,6,23.0,0.0,0.0
0.08671679329836945,0.16279041106424025,0.024474742,False,False,False,False,151.0,1,117.86,0.0,77.0,205.1,0.4764378478664193,0.004651162790697674,33,64.0,26.693280989792168,0.548186046511628
0.06545563680538474,0.13117011606381862,0.011689245,False,False,False,False,98.0,1,171.15,0.0,50.333333333333336,166.6,0.550278293135436,0.004878048780487805,19,107.0,21.167135352891272,0.8348780487804879
0.1797811300159376,0.3114773632422379,0.072029665,False,False,False,False,214.0,2,307.325,0.0,101.66666666666667,353.09999999999997,0.7176252319109462,0.009174311926605505,4,4.0,49.73708654291863,1.4097477064220183
0.14917444270000849,0.23363873817624853,0.08006729,False,False,False,False,59.0,3,171.08,0.0,115.0,215.41,0.5499072356215213,0.010830324909747292,35,218.0,5.946883124362769,0.6176173285198556
0.019443277662997867,0.030107954356417443,0.010717633,False,False,False,False,0.0,0,0.0,0.0,113.0,101.19,0.20946196660482375,0.0,8,144.0,0.0,0.0
0.4659100611848582,0.497954452444657,0.4396919,False,False,False,False,25.0,1,870.0,0.0,600.0,870.0,0.9621521335807051,0.015625,5,39.0,9.44911182523068,13.59375
0.15863961855979797,0.22132441689376559,0.107352056,False,False,False,False,201.0,2,577.81,0.0,351.6666666666667,588.66,0.9079777365491651,0.008888888888888889,133,24.0,11.110166967384975,2.5680444444444444
0.13947658091597598,0.23916749159081863,0.057911288,False,False,False,False,208.0,1,126.62,0.0,76.0,147.20000000000002,0.49313543599257886,0.0036231884057971015,36,68.0,34.666666666666664,0.458768115942029
0.02165198822988766,0.032964685797662596,0.012396145,False,False,False,False,0.0,0,0.0,0.0,105.0,160.85,0.20946196660482375,0.0,10,220.0,0.0,0.0
0.10925584185066647,0.19468671106503688,0.039357856,False,False,False,False,250.0,4,154.1275,0.0,66.6,252.0,0.5294990723562152,0.014492753623188406,91,26.0,13.185022735889977,0.5584329710144927
0.08500463962080787,0.13969165334045247,0.040260717,False,False,False,False,0.0,0,0.0,0.0,157.0,371.61,0.20946196660482375,0.0,50,278.0,0.0,0.0
0.08289686895376187,0.1482238026010933,0.029447557,False,False,False,False,105.0,1,113.06,0.0,70.5,107.59,0.4701298701298701,0.005681818181818182,74,71.0,11.888908858518267,0.6423863636363637
0.09903009011052859,0.1263294319025413,0.076694265,False,False,False,False,0.0,0,0.0,0.0,192.0,80.64,0.20946196660482375,0.0,1,269.0,0.0,0.0
0.17731039049229608,0.24798336563290457,0.11948705,False,False,False,False,0.0,0,0.0,0.0,200.0,325.73,0.20946196660482375,0.0,95,279.0,0.0,0.0
0.10737246171408306,0.13921215900168177,0.0813218,False,False,False,False,0.0,0,0.0,0.0,298.0,350.06,0.20946196660482375,0.0,10,282.0,0.0,0.0
0.10106705683592833,0.16048120532044385,0.05245548,False,False,False,False,88.0,2,387.825,0.0,161.5,788.9100000000001,0.8133580705009277,0.011560693641618497,44,85.0,9.119249655849666,2.2417630057803466
0.02883081932168152,0.04706231572122366,0.01391414,False,False,False,False,0.0,0,0.0,0.0,111.0,146.85,0.20946196660482375,0.0,8,236.0,0.0,0.0
0.022997232828696035,0.02251178176129187,0.023394419,False,False,False,False,0.0,0,0.0,0.0,45.0,305.75,0.20946196660482375,0.0,9,86.0,0.0,0.0
0.010368986691286847,0.01056308688996166,0.010210177,False,False,False,False,0.0,0,0.0,0.0,146.0,213.70000000000002,0.20946196660482375,0.0,10,93.0,0.0,0.0
0.021409226289963626,0.03618805397511832,0.009317458,False,False,False,False,0.0,0,0.0,0.0,49.0,108.5,0.20946196660482375,0.0,7,186.0,0.0,0.0
0.015475928162560187,0.018588803984556646,0.01292903,False,False,False,False,0.0,0,0.0,0.0,160.0,328.8,0.20946196660482375,0.0,11,187.0,0.0,0.0
0.2969791543412821,0.39819158380310105,0.21416898,False,False,False,False,242.0,1,150.6,0.0,42.0,150.6,0.5257884972170687,0.0036900369003690036,8,29.0,85.20636713297898,0.555719557195572
0.3905558126227602,0.3968765971962046,0.38538426,False,False,False,False,0.0,0,0.0,0.0,348.0,1044.65,0.20946196660482375,0.0,155,248.0,0.0,0.0
0.021828506319942147,0.03418334902816805,0.011719998,False,False,False,False,0.0,0,0.0,0.0,70.0,162.65,0.20946196660482375,0.0,23,171.0,0.0,0.0
0.20289972992245542,0.266095362802439,0.15119421,False,False,False,False,12.0,1,439.28,0.0,190.0,439.28,0.8523191094619667,0.005076142131979695,6,185.0,4.1576092031015,2.2298477157360406
0.18803133928388227,0.17022558635274282,0.20259967,False,False,False,False,126.0,1,358.0,0.0,200.0,358.0,0.7842300556586271,0.00684931506849315,1,20.0,0.0,2.452054794520548
0.011884919237752417,0.02204644361394348,0.0035709448,False,False,False,False,0.0,0,0.0,0.0,84.0,101.4,0.20946196660482375,0.0,8,121.0,0.0,0.0
0.09081357342354468,0.1698364565185267,0.026158487,False,False,False,False,7.0,1,123.35999999999999,0.0,89.0,123.36,0.48645640074211505,0.00819672131147541,23,115.0,1.1338934190276813,1.0111475409836064
0.04983441871786601,0.10047874134468782,0.008398155,False,False,False,False,114.0,1,252.37,0.0,126.5,370.48,0.6493506493506493,0.0056179775280898875,24,64.0,21.54397496152595,1.417808988764045
0.048593897566082817,0.06197231968218031,0.037647914,False,False,False,False,0.0,0,0.0,0.0,23.0,123.14,0.20946196660482375,0.0,14,27.0,0.0,0.0
0.09747853196860096,0.180730398986091,0.029363366,False,False,False,False,83.0,1,114.60000000000001,0.0,36.5,114.60000000000001,0.4727272727272727,0.005154639175257732,11,111.0,26.24690457939755,0.5907216494845361
0.08866608258654303,0.15733682290425183,0.03248093,False,False,False,False,97.0,1,427.23,0.0,171.5,427.23,0.8437847866419295,0.006993006993006993,31,46.0,16.97056274847714,2.987622377622378
0.18806340331612967,0.3048136120544306,0.0925405,False,False,False,False,204.0,5,73.75,0.0,12.333333333333334,123.15,0.43821892393320966,0.017985611510791366,8,74.0,23.89360608540925,0.2652877697841727
0.21436036089579572,0.28679322224017223,0.15509711,False,False,False,False,4.0,1,310.48,0.0,76.0,310.48,0.726530612244898,0.003676470588235294,13,268.0,1.1094003924504585,1.1414705882352942
0.4560983423218724,0.5739835774072004,0.35964677,False,False,False,False,129.0,2,1047.275,0.0,769.0,2084.8,0.9743970315398887,0.009174311926605505,205,89.0,8.853945137485733,4.80401376146789
0.024196839652894965,0.04075747344215497,0.01064723,False,False,False,False,0.0,0,0.0,0.0,71.0,154.41,0.20946196660482375,0.0,8,220.0,0.0,0.0
0.07239601213498287,0.12752526361110855,0.02729026,False,False,False,False,124.0,1,305.24,0.0,175.0,305.24,0.7120593692022263,0.006756756756756757,32,24.0,20.79079466632151,2.0624324324324323
0.01234679928121964,0.024488512231613746,0.0024126705,False,False,False,False,0.0,0,0.0,0.0,77.0,109.13000000000001,0.20946196660482375,0.0,8,124.0,0.0,0.0
0.17067471786776062,0.2428033676288498,0.11166037,False,False,False,False,29.0,1,261.82,0.0,188.0,261.82,0.6597402597402597,0.020833333333333332,32,19.0,4.901894677425399,5.454583333333333
0.05258534912089029,0.07834776549029171,0.031507008,False,False,False,False,0.0,0,0.0,0.0,18.0,76.5,0.20946196660482375,0.0,1,43.0,0.0,0.0
0.023612711598538064,0.021884768417726408,0.025026483,False,False,False,False,0.0,0,0.0,0.0,153.5,455.16999999999996,0.20946196660482375,0.0,23,67.0,0.0,0.0
0.039041205720008416,0.0531626667433337,0.027487282,False,False,False,False,0.0,0,0.0,0.0,224.0,411.7,0.20946196660482375,0.0,25,26.0,0.0,0.0
0.02306722130519686,0.03977088522342703,0.009400587,False,False,False,False,0.0,0,0.0,0.0,54.0,142.4,0.20946196660482375,0.0,7,206.0,0.0,0.0
0.0538025789805734,0.0755267948129627,0.03602822,False,False,False,False,0.0,0,0.0,0.0,324.0,560.67,0.20946196660482375,0.0,34,153.0,0.0,0.0
0.06964778762700688,0.057337512829624515,0.07971983,False,False,False,False,0.0,0,0.0,0.0,141.0,621.3,0.20946196660482375,0.0,35,41.0,0.0,0.0
0.059262002522241584,0.11314114489928773,0.015179068,False,False,False,False,188.0,2,197.54000000000002,0.0,107.0,314.63,0.588126159554731,0.00909090909090909,39,32.0,21.653902024074473,0.897909090909091
0.09268277204148041,0.16633507838099237,0.032421794,False,False,False,False,93.0,2,204.325,0.0,100.0,242.8,0.5936920222634509,0.00909090909090909,16,127.0,19.884223719853292,0.92875
0.07051526276859851,0.12822049331539676,0.023301892,False,False,False,False,70.0,1,162.23000000000002,0.0,95.5,162.23000000000002,0.5417439703153989,0.0045662100456621,30,149.0,12.004900959975627,0.7407762557077626
0.11234232961261743,0.15885725184997967,0.074284665,False,False,False,False,219.0,3,360.42,0.0,223.0,709.28,0.788126159554731,0.010676156583629894,94,62.0,14.131868747116004,1.2826334519572955
0.058296085095754784,0.09187412084551105,0.030823147,False,False,False,False,0.0,0,0.0,0.0,103.0,179.93,0.20946196660482375,0.0,66,80.0,0.0,0.0
0.10178839064961595,0.11316194351792164,0.09248275,False,False,False,False,0.0,0,0.0,0.0,363.0,296.62,0.20946196660482375,0.0,23,1.0,0.0,0.0
0.047877223070247936,0.08303712189922502,0.019110033,False,False,False,False,0.0,0,0.0,0.0,59.0,135.39999999999998,0.20946196660482375,0.0,9,272.0,0.0,0.0
0.012650271094462803,0.017591098445701447,0.008607776,False,False,False,False,0.0,0,0.0,0.0,91.0,189.9,0.20946196660482375,0.0,10,197.0,0.0,0.0
0.1248998921198054,0.21139544741586486,0.0541308,False,False,False,False,151.0,1,340.38,0.0,136.0,340.38,0.7617810760667904,0.006578947368421052,22,1.0,31.485676522618288,2.239342105263158
0.09882032192715635,0.14834622689901966,0.058299124,False,False,False,False,95.0,3,135.01666666666668,0.0,88.6,475.88,0.5046382189239332,0.019736842105263157,43,57.0,8.957499785837173,0.8882675438596492
0.04319874428648928,0.07605073246004801,0.016319845,False,False,False,False,0.0,0,0.0,0.0,124.0,289.35,0.20946196660482375,0.0,13,277.0,0.0,0.0
0.12416150370175971,0.13728343665457066,0.113425374,False,False,False,False,0.0,0,0.0,0.0,473.0,707.09,0.20946196660482375,0.0,43,44.0,0.0,0.0
0.026533505799494053,0.029384493650378707,0.024200879,False,False,False,False,0.0,0,0.0,0.0,149.0,107.21,0.20946196660482375,0.0,15,135.0,0.0,0.0
0.013030966296182701,0.015441995775007822,0.011058305,False,False,False,False,0.0,0,0.0,0.0,140.0,208.36,0.20946196660482375,0.0,9,128.0,0.0,0.0
0.6794777934610552,0.6535074059300305,0.7007263,True,False,False,False,152.0,6,1640.05,0.0,733.375,2317.0,0.9881261595547309,0.037037037037037035,90,10.0,4.944851139825248,10.123765432098764
0.08881754234371324,0.1694869289781813,0.022815317,False,False,False,False,166.0,2,120.75,0.0,32.666666666666664,130.85,0.48089053803339515,0.008298755186721992,23,75.0,19.520502042724214,0.5010373443983402
0.010905784832197321,0.017663314520226348,0.005376897,False,False,False,False,0.0,0,0.0,0.0,77.0,185.65,0.20946196660482375,0.0,8,152.0,0.0,0.0
0.06858898715895106,0.136654824387623,0.012898756,False,False,False,False,98.0,2,113.005,0.0,45.333333333333336,123.33,0.4697588126159555,0.012048192771084338,51,68.0,9.624641577232689,0.6807530120481927
0.06733676477502862,0.11811139192804315,0.025793888,False,False,False,False,70.0,1,185.56,0.0,153.0,211.73000000000002,0.5706864564007421,0.008849557522123894,17,43.0,15.652475842498529,1.6421238938053098
0.22265876641674726,0.2198804542047864,0.22493193,False,False,False,False,162.0,1,102.0,0.0,30.0,102.0,0.45380333951762525,0.005988023952095809,1,5.0,0.0,0.6107784431137725
0.10853536088222764,0.17669405449219328,0.052769154,False,False,False,False,132.0,2,421.5,0.0,225.33333333333334,537.96,0.8415584415584415,0.014084507042253521,19,10.0,19.34763987754499,2.9683098591549295
0.14182737236714066,0.2000322720628248,0.09420518,False,False,False,False,0.0,0,0.0,0.0,311.0,584.9,0.20946196660482375,0.0,85,167.0,0.0,0.0
0.3050742090725186,0.33922005383687603,0.27713668,False,False,False,False,183.0,1,553.9200000000001,0.0,786.0,553.92,0.9024118738404453,0.004016064257028112,35,66.0,30.763614872118012,2.224578313253012
0.09732336597050927,0.18062320122908004,0.029168954,False,False,False,False,52.0,1,119.15,0.0,93.5,232.81,0.4779220779220779,0.0037735849056603774,55,213.0,6.9487922897230305,0.449622641509434
0.033608355324472,0.049724251337636416,0.020422623,False,False,False,False,0.0,0,0.0,0.0,36.0,135.19,0.20946196660482375,0.0,30,151.0,0.0,0.0
0.02702476117383578,0.0314942816809623,0.02336788,False,False,False,False,0.0,0,0.0,0.0,256.0,361.21999999999997,0.20946196660482375,0.0,22,48.0,0.0,0.0
0.02981204495349604,0.053670414672826794,0.010291561,False,False,False,False,0.0,0,0.0,0.0,38.0,88.2,0.20946196660482375,0.0,5,166.0,0.0,0.0
0.015758403160927293,0.019844808829620142,0.01241498,False,False,False,False,0.0,0,0.0,0.0,107.0,220.53000000000003,0.20946196660482375,0.0,13,199.0,0.0,0.0
0.1044077254917811,0.17988336916027037,0.042654924,False,False,False,False,82.0,2,200.315,0.0,104.0,245.33,0.5914656771799629,0.008849557522123894,82,144.0,6.248855316862791,0.8863495575221239
0.02021235781700635,0.030851327813692098,0.011507746,False,False,False,False,0.0,0,0.0,0.0,141.0,389.5,0.20946196660482375,0.0,20,197.0,0.0,0.0
0.09737303059219962,0.170630823979105,0.037434835,False,False,False,False,217.0,3,159.69,0.0,54.25,229.83,0.5391465677179963,0.01090909090909091,74,58.0,12.023726831677893,0.580690909090909
0.07714731417293119,0.12464553083964558,0.038285136,False,False,False,False,126.0,3,216.53666666666666,0.0,222.0,265.40999999999997,0.6115027829313544,0.01910828025477707,69,31.0,7.695713370242639,1.3792144373673036
0.06315865157437692,0.1240283007482107,0.013356211,False,False,False,False,140.0,2,161.11,0.0,80.33333333333333,213.8,0.540630797773655,0.008695652173913044,32,90.0,15.625207151123444,0.7004782608695653
0.040111707631659624,0.03730062833298603,0.04241168,False,False,False,False,0.0,0,0.0,0.0,62.0,292.69,0.20946196660482375,0.0,14,31.0,0.0,0.0
0.05678092582097289,0.09167651306303864,0.028229991,False,False,False,False,0.0,0,0.0,0.0,65.0,158.8,0.20946196660482375,0.0,39,230.0,0.0,0.0
0.2162182618576646,0.3192933045931128,0.13188413,False,False,False,False,103.0,6,499.70000000000005,0.0,245.875,719.15,0.8823747680890538,0.049586776859504134,61,18.0,5.368325633319532,4.129752066115703
0.12863173907988673,0.21318984144249242,0.059447836,False,False,False,False,49.0,1,74.56,0.0,55.0,114.6,0.4385899814471243,0.004291845493562232,9,184.0,16.97056274847714,0.32
0.10539975621779873,0.16663854008427625,0.055295296,False,False,False,False,209.0,3,327.19666666666666,0.0,125.75,375.0,0.7510204081632653,0.013953488372093023,123,6.0,10.281063585854117,1.52184496124031
0.06390366291373986,0.12034384032355455,0.017725335,False,False,False,False,138.0,3,177.9,0.0,125.25,266.2,0.5591836734693878,0.018292682926829267,42,26.0,13.082868194162566,1.0847560975609756
0.07119118481969192,0.11477091792767474,0.035535038,False,False,False,False,95.0,1,113.95,0.0,92.5,302.55,0.47161410018552874,0.007042253521126761,29,47.0,17.953312467938293,0.8024647887323944
0.17926624455183987,0.20733535373939943,0.1563006,False,False,False,False,0.0,0,0.0,0.0,343.0,754.87,0.20946196660482375,0.0,39,281.0,0.0,0.0
0.3626169804458129,0.4477583575523137,0.29295585,False,False,False,False,201.0,8,810.6975,0.0,98.44444444444444,1077.1200000000001,0.9554730983302412,0.029850746268656716,6,67.0,17.77589536817628,3.024990671641791
0.06657467454665797,0.11151411152534785,0.029806042,False,False,False,False,0.0,0,0.0,0.0,1.0,165.0,0.20946196660482375,0.0,1,240.0,0.0,0.0
0.11954827742144103,0.19018820891478844,0.06175197,False,False,False,False,56.0,2,277.875,0.0,22.666666666666668,333.0,0.6782931354359926,0.013422818791946308,7,93.0,14.669076936938405,1.8649328859060403
0.07752876739477613,0.13244054407489514,0.03260095,False,False,False,False,136.0,3,178.22,0.0,88.75,238.34,0.5599257884972171,0.020134228187919462,68,13.0,8.808254536816472,1.1961073825503357
0.10039290240937067,0.1897443792672862,0.027287148,False,False,False,False,57.0,1,191.39999999999998,0.0,50.5,195.13,0.5769944341372912,0.004166666666666667,15,183.0,14.966629547095765,0.7974999999999999
0.1444436192082713,0.23934893962792775,0.06679381,False,False,False,False,252.0,2,111.39000000000001,0.0,56.666666666666664,155.55,0.4645640074211503,0.007194244604316547,74,26.0,20.32832859010445,0.4006834532374101
0.04296184705238513,0.07521118144284733,0.016576027,False,False,False,False,0.0,0,0.0,0.0,44.0,94.36,0.20946196660482375,0.0,4,232.0,0.0,0.0
0.049462837690036496,0.05384464140053369,0.045877725,False,False,False,False,0.0,0,0.0,0.0,221.0,305.28000000000003,0.20946196660482375,0.0,18,9.0,0.0,0.0
0.18501838801845125,0.31875685152177924,0.075596005,False,False,False,False,279.0,5,120.506,0.0,39.333333333333336,159.85000000000002,0.4805194805194805,0.0176678445229682,18,4.0,28.227533558454077,0.42581625441696114
0.15648057391415568,0.25203243074970183,0.07830178,False,False,False,False,145.0,2,465.99,0.0,93.5,578.5500000000001,0.8664192949907236,0.010101010101010102,8,53.0,35.92518681397562,2.3534848484848485
0.016696873794270584,0.026540496951502845,0.008643,False,False,False,False,0.0,0,0.0,0.0,45.0,103.7,0.20946196660482375,0.0,13,153.0,0.0,0.0
0.019599275036264557,0.038334246779722414,0.0042706616,False,False,False,False,0.0,0,0.0,0.0,54.0,80.82,0.20946196660482375,0.0,7,90.0,0.0,0.0
0.10033078022334141,0.17042691707684293,0.042979393,False,False,False,False,229.0,2,282.53,0.0,123.33333333333333,417.36,0.6846011131725418,0.008547008547008548,39,5.0,27.58377901711194,1.2073931623931622
0.02594482690629911,0.034004420385041756,0.019350614,False,False,False,False,0.0,0,0.0,0.0,223.0,506.19,0.20946196660482375,0.0,26,92.0,0.0,0.0
0.16593234124453282,0.2514326877653911,0.09597751,False,False,False,False,43.0,1,386.05,0.0,132.5,386.05,0.811873840445269,0.0035335689045936395,25,240.0,8.126236169698387,1.3641342756183745
0.05591663159215921,0.09748699970895436,0.021904511,False,False,False,False,0.0,0,0.0,0.0,21.0,110.95,0.20946196660482375,0.0,3,242.0,0.0,0.0
0.1290563576626632,0.22644589111934182,0.04937401,False,False,False,False,59.0,2,64.395,0.0,23.666666666666668,95.94,0.4352504638218924,0.011494252873563218,12,115.0,14.677337715820348,0.3700862068965517
0.045905813872635676,0.046640618641774545,0.045304608,False,False,False,False,0.0,0,0.0,0.0,269.0,321.05,0.20946196660482375,0.0,15,208.0,0.0,0.0
0.02363507322296074,0.03254707826673037,0.016343432,False,False,False,False,0.0,0,0.0,0.0,142.5,177.21,0.20946196660482375,0.0,31,65.0,0.0,0.0
0.05875997968986842,0.04236670784321567,0.07217266,False,False,False,False,0.0,0,0.0,0.0,330.0,336.96,0.20946196660482375,0.0,13,158.0,0.0,0.0
0.019433767865783595,0.02222144635890727,0.017152939,False,False,False,False,0.0,0,0.0,0.0,134.0,187.18,0.20946196660482375,0.0,11,43.0,0.0,0.0
0.08653250583719632,0.13477728733776723,0.047059502,False,False,False,False,34.0,1,156.6,0.0,67.0,156.6,0.535064935064935,0.006944444444444444,14,110.0,8.819620983110006,1.0875
0.16477791042219855,0.2170137690414159,0.12203948,False,False,False,False,106.0,1,216.75,0.0,101.0,556.5,0.611873840445269,0.0037313432835820895,15,162.0,28.062430400804562,0.808768656716418
0.02734009619621448,0.05071075376135359,0.008218649,False,False,False,False,0.0,0,0.0,0.0,55.0,98.45,0.20946196660482375,0.0,6,58.0,0.0,0.0
0.07899435618537007,0.1371086183856447,0.031446323,False,False,False,False,0.0,0,0.0,0.0,36.0,106.2,0.20946196660482375,0.0,1,282.0,0.0,0.0
0.05805349490455874,0.043869998530372156,0.069658175,False,False,False,False,0.0,0,0.0,0.0,251.0,241.09,0.20946196660482375,0.0,12,18.0,0.0,0.0
0.058054481155225386,0.10215549727070938,0.021971831,False,False,False,False,0.0,0,0.0,0.0,72.0,251.40000000000003,0.20946196660482375,0.0,8,283.0,0.0,0.0
0.7836980658081637,0.5193290086382993,1.0,True,False,False,False,153.0,2,171.18,0.0,1361.46111111111,191.16,0.5506493506493506,0.009708737864077669,2,53.0,59.39696961966999,0.8309708737864078
0.08882932563077844,0.09433856881219893,0.08432176,False,False,False,False,0.0,0,0.0,0.0,314.0,674.7,0.20946196660482375,0.0,32,32.0,0.0,0.0
0.03129834259662637,0.05349783634120908,0.01313512,False,False,False,False,0.0,0,0.0,0.0,88.0,113.64,0.20946196660482375,0.0,4,220.0,0.0,0.0
0.014928250163157172,0.024081458356886853,0.0074392613,False,False,False,False,0.0,0,0.0,0.0,44.0,139.35,0.20946196660482375,0.0,19,102.0,0.0,0.0
0.33225684215643203,0.4684648657290625,0.22081392,False,False,False,False,193.0,2,1202.5700000000002,0.0,568.3333333333334,1298.18,0.9818181818181818,0.010101010101010102,77,5.0,18.088736092323373,6.07358585858586
0.1302075781744127,0.21047788048704563,0.06453188,False,False,False,False,170.0,1,145.04,0.0,69.0,270.52,0.5168831168831168,0.0035971223021582736,23,108.0,36.03092106409816,0.5217266187050359
0.20302507245972543,0.18566199396351507,0.21723123,False,False,False,False,0.0,0,0.0,0.0,724.0,765.3199999999999,0.20946196660482375,0.0,15,41.0,0.0,0.0
0.1249352948215478,0.1870785722791869,0.074090794,False,False,False,False,111.0,1,319.42,0.0,136.0,319.42,0.7432282003710575,0.0037313432835820895,21,157.0,24.596747752497688,1.191865671641791
0.09157632350773377,0.17280915677218,0.025113096,False,False,False,False,91.0,1,142.2,0.0,61.5,142.2,0.512430426716141,0.00425531914893617,13,144.0,23.49609896699166,0.6051063829787233
0.06055633337591388,0.10309517353319014,0.025751827,False,False,False,False,0.0,0,0.0,0.0,34.0,102.28,0.20946196660482375,0.0,4,269.0,0.0,0.0
0.36963311570747814,0.45710840132201425,0.2980624,False,False,False,False,75.0,1,765.79,0.0,827.0,1456.42,0.9499072356215214,0.006535947712418301,92,78.0,6.930735005704543,5.00516339869281
0.01689032882780009,0.023950869183411716,0.011113523,False,False,False,False,0.0,0,0.0,0.0,45.0,180.60000000000002,0.20946196660482375,0.0,10,187.0,0.0,0.0
0.1553337487384273,0.25516383080672195,0.07365459,False,False,False,False,202.0,1,457.7,0.0,142.0,457.7,0.8634508348794063,0.004830917874396135,25,5.0,36.28027100940852,2.2111111111111112
0.08722508115741585,0.1761810641746383,0.014442913,False,False,False,False,208.0,5,237.17,0.0,157.42857142857142,363.15999999999997,0.6359925788497217,0.02066115702479339,125,34.0,8.881694318038644,0.9800413223140495
0.004900540210690693,0.010030049565584231,0.0007036689,False,False,False,False,0.0,0,0.0,0.0,91.0,189.47,0.20946196660482375,0.0,13,89.0,0.0,0.0
0.15749264014802405,0.23885386416298438,0.09092437,False,False,False,False,164.0,7,300.3,0.0,273.625,516.12,0.7020408163265306,0.03211009174311927,120,54.0,5.797631267746659,1.3775229357798167
0.3090770718625796,0.44356926219807996,0.199038,False,False,False,False,206.0,3,730.8000000000001,0.0,218.25,1495.2,0.9424860853432282,0.013100436681222707,8,23.0,45.6315471492924,3.191266375545852
0.08828969769654484,0.13685126901727718,0.0485575,False,False,False,False,64.0,1,307.56,0.0,255.5,496.46000000000004,0.7191094619666049,0.010416666666666666,39,32.0,9.288843237758524,3.20375
0.1035243619105816,0.16754518198119273,0.05114369,False,False,False,False,11.0,1,104.95,0.0,36.0,111.25999999999999,0.4567717996289425,0.013333333333333334,21,64.0,2.4596747752497685,1.3993333333333333
0.08344943872201185,0.16141615299952783,0.019658491,False,False,False,False,157.0,4,140.7725,0.0,66.2,188.69,0.5098330241187384,0.016666666666666666,39,83.0,13.026805994510115,0.5865520833333334
0.03413639312414346,0.03054847116664644,0.037071966,False,False,False,False,0.0,0,0.0,0.0,197.0,248.35,0.20946196660482375,0.0,14,31.0,0.0,0.0
0.024612688985509265,0.024789835771018898,0.02446775,False,False,False,False,0.0,0,0.0,0.0,174.0,329.65,0.20946196660482375,0.0,9,52.0,0.0,0.0
0.13242509792301402,0.21288787777894835,0.06659191,False,False,False,False,161.0,1,178.35,0.0,87.0,305.45,0.5606679035250464,0.0036231884057971015,17,115.0,35.133080327994776,0.6461956521739131
0.02802165192606606,0.04679772309666558,0.012659412,False,False,False,False,0.0,0,0.0,0.0,46.0,78.25999999999999,0.20946196660482375,0.0,17,156.0,0.0,0.0
0.32013687294808235,0.4046092387059708,0.2510231,False,False,False,False,140.0,2,778.8800000000001,0.0,724.0,1063.8400000000001,0.9521335807050093,0.008130081300813009,17,106.0,24.173590962039544,3.166178861788618
0.1430883611197076,0.2739413121132501,0.036026854,False,False,False,False,230.0,7,103.47142857142856,0.0,48.75,174.45999999999998,0.45602968460111315,0.026119402985074626,41,38.0,14.924555167199298,0.3860874200426439
0.026507433539169196,0.034794103846587876,0.01972743,False,False,False,False,0.0,0,0.0,0.0,87.0,320.69,0.20946196660482375,0.0,22,201.0,0.0,0.0
0.04596960069408605,0.052758217060358215,0.040415276,False,False,False,False,0.0,0,0.0,0.0,268.0,572.8,0.20946196660482375,0.0,17,183.0,0.0,0.0
0.1441102137113184,0.10258518102976355,0.17808524,False,False,False,False,0.0,0,0.0,0.0,470.0,306.94,0.20946196660482375,0.0,15,191.0,0.0,0.0
0.14079579804197395,0.21754038209949256,0.07800477,False,False,False,False,17.0,1,99.0,0.0,105.0,845.1,0.45231910946196663,0.005128205128205128,8,178.0,6.010407640085654,0.5076923076923077
0.25741127601706537,0.38281506347310873,0.15480818,False,False,False,False,44.0,1,688.35,0.0,488.0,1005.1,0.9380333951762523,0.005780346820809248,107,129.0,4.156966902896357,3.9789017341040465
0.06733459970786479,0.0871050894025146,0.051158745,False,False,False,False,0.0,0,0.0,0.0,258.0,316.58,0.20946196660482375,0.0,9,267.0,0.0,0.0
0.013336439874163839,0.02448006693718957,0.0042189267,False,False,False,False,0.0,0,0.0,0.0,43.0,135.75000000000003,0.20946196660482375,0.0,8,80.0,0.0,0.0
0.27576753148749134,0.3076788705656851,0.24965824,False,False,False,False,266.0,3,643.9033333333333,0.0,385.0,1167.41,0.92430426716141,0.01107011070110701,111,5.0,16.056115879715634,2.3760270602706024
0.18505301735351665,0.24847453747745318,0.13316268,False,False,False,False,160.0,1,156.02,0.0,107.5,156.02,0.5339517625231911,0.0035460992907801418,13,122.0,44.09866559990571,0.5532624113475177
0.030976990858915872,0.04200627544456814,0.02195303,False,False,False,False,0.0,0,0.0,0.0,64.0,363.7,0.20946196660482375,0.0,13,206.0,0.0,0.0
0.14633278423193757,0.19089250649884154,0.10987483,False,False,False,False,136.0,4,311.15999999999997,0.0,296.6,319.29,0.7287569573283859,0.02531645569620253,91,22.0,7.307435518797687,1.9693670886075947
0.13576721908189518,0.19690746535940662,0.08574338,False,False,False,False,194.0,2,122.39999999999999,0.0,74.66666666666667,326.4,0.48460111317254173,0.007220216606498195,1,83.0,21.920310216782973,0.4418772563176895
0.15756717123438216,0.226295834290745,0.101334624,False,False,False,False,136.0,1,184.28,0.0,80.5,184.28,0.5688311688311688,0.004366812227074236,9,93.0,45.33333333333333,0.8047161572052401
0.050274250285669564,0.06911482910722361,0.03485923,False,False,False,False,0.0,0,0.0,0.0,80.0,98.88,0.20946196660482375,0.0,4,18.0,0.0,0.0
0.09856986446767334,0.15682213849688642,0.050908912,False,False,False,False,118.0,1,407.47,0.0,197.5,410.18,0.8307977736549165,0.004273504273504274,50,116.0,16.383276983127722,1.7413247863247865
0.11130377458663962,0.19088228117828415,0.046194088,False,False,False,False,105.0,1,87.8,0.0,72.5,202.7,0.4478664192949907,0.0035842293906810036,55,174.0,14.023357139235435,0.3146953405017921
0.010609270723746279,0.014661611985467227,0.007293719,False,False,False,False,0.0,0,0.0,0.0,88.0,140.54,0.20946196660482375,0.0,10,180.0,0.0,0.0
0.0781237142253364,0.13587778519004468,0.030870384,False,False,False,False,69.0,1,151.55,0.0,115.5,164.1,0.5269016697588126,0.0045662100456621,21,150.0,15.205262246998576,0.6920091324200913
0.14299180732624706,0.137027460699986,0.14787172,False,False,False,False,0.0,0,0.0,0.0,561.0,738.6,0.20946196660482375,0.0,22,121.0,0.0,0.0
0.02807293558228622,0.02737345599705665,0.028645238,False,False,False,False,0.0,0,0.0,0.0,173.0,116.28000000000002,0.20946196660482375,0.0,9,80.0,0.0,0.0
0.016348318426625933,0.017917756915792282,0.015064232,False,False,False,False,0.0,0,0.0,0.0,64.0,310.05,0.20946196660482375,0.0,10,155.0,0.0,0.0
0.035793903712038236,0.0522213418033477,0.022353273,False,False,False,False,0.0,0,0.0,0.0,48.0,249.0,0.20946196660482375,0.0,11,227.0,0.0,0.0
0.20355594919845388,0.3299310393184407,0.10015815,False,False,False,False,155.0,2,102.50000000000001,0.0,19.0,189.60000000000002,0.45454545454545453,0.009345794392523364,1,59.0,49.56813492557492,0.4789719626168225
0.2197884276159996,0.22929321387264334,0.21201178,False,False,False,False,40.0,1,411.74,0.0,389.5,411.74,0.8326530612244898,0.012345679012345678,30,41.0,6.688444820557848,5.08320987654321
0.048834152776172736,0.08456164821026718,0.019602565,False,False,False,False,0.0,0,0.0,0.0,95.0,236.02,0.20946196660482375,0.0,37,247.0,0.0,0.0
0.05788917236009721,0.10281804642698245,0.021129183,False,False,False,False,0.0,0,0.0,0.0,108.0,269.83,0.20946196660482375,0.0,37,272.0,0.0,0.0
0.059036167221258797,0.11115876724762103,0.016390404,False,False,False,False,61.0,1,185.70000000000002,0.0,118.0,227.57999999999998,0.5710575139146568,0.009009009009009009,22,50.0,12.199999999999998,1.6729729729729732
0.2062694510237295,0.31438781275040983,0.117808975,False,False,False,False,195.0,1,103.0,0.0,76.0,125.2,0.4556586270871985,0.0036900369003690036,14,76.0,53.80591903384723,0.3800738007380074
0.04495548746492116,0.06402729929609757,0.029351277,False,False,False,False,0.0,0,0.0,0.0,207.0,399.15,0.20946196660482375,0.0,39,193.0,0.0,0.0
0.016403854334142424,0.02311041676619896,0.010916667,False,False,False,False,0.0,0,0.0,0.0,125.0,295.15,0.20946196660482375,0.0,18,198.0,0.0,0.0
0.032058836047353365,0.050795248177320895,0.016729044,False,False,False,False,0.0,0,0.0,0.0,119.0,177.05,0.20946196660482375,0.0,37,51.0,0.0,0.0
0.026152088368602843,0.040435898772363865,0.014465334,False,False,False,False,0.0,0,0.0,0.0,72.0,404.40000000000003,0.20946196660482375,0.0,3,127.0,0.0,0.0
0.012158453965965233,0.010902351882796202,0.0131861735,False,False,False,False,0.0,0,0.0,0.0,146.0,320.58000000000004,0.20946196660482375,0.0,21,94.0,0.0,0.0
0.038445237911868234,0.04080738433451153,0.036512572,False,False,False,False,0.0,0,0.0,0.0,81.0,579.0,0.20946196660482375,0.0,15,149.0,0.0,0.0
0.028956352382472232,0.016471533774382707,0.039171204,False,False,False,False,0.0,0,0.0,0.0,220.0,289.96000000000004,0.20946196660482375,0.0,9,68.0,0.0,0.0
0.12715085339748533,0.21060738557364483,0.058868233,False,False,False,False,185.0,4,123.925,0.0,159.8,313.5,0.487569573283859,0.020618556701030927,24,9.0,20.809370126399102,0.6387886597938144
0.026321282204817536,0.044596937308335305,0.011368473,False,False,False,False,0.0,0,0.0,0.0,19.0,103.25,0.20946196660482375,0.0,5,95.0,0.0,0.0
0.19663071355492373,0.2755924832218334,0.13202563,False,False,False,False,125.0,1,166.4,0.0,65.0,166.4,0.5456400742115027,0.004545454545454545,5,95.0,50.622788017519014,0.7563636363636363
0.15271429940880957,0.19379674228963195,0.11910138,False,False,False,False,0.0,0,0.0,0.0,154.0,344.8,0.20946196660482375,0.0,114,44.0,0.0,0.0
0.048807777678246,0.08493538579515769,0.019248825,False,False,False,False,0.0,0,0.0,0.0,88.0,110.39999999999999,0.20946196660482375,0.0,4,262.0,0.0,0.0
0.15095523429276875,0.23770775358682056,0.079975896,False,False,False,False,245.0,1,312.95,0.0,239.5,312.95,0.7320964749536178,0.0035460992907801418,32,37.0,39.582026755906064,1.1097517730496453
0.028477846775019272,0.04544444825045291,0.014596082,False,False,False,False,0.0,0,0.0,0.0,114.0,200.10000000000002,0.20946196660482375,0.0,6,229.0,0.0,0.0
0.19177352967783698,0.3151022881915147,0.09086818,False,False,False,False,42.0,2,149.065,0.0,82.75,380.12,0.5233766233766234,0.045454545454545456,28,2.0,4.976611966656297,3.387840909090909
0.11280648920124377,0.18261377487327446,0.055691436,False,False,False,False,64.0,2,253.60500000000002,0.0,80.33333333333333,373.74,0.6519480519480519,0.00881057268722467,49,163.0,5.744467521348269,1.1172026431718063
0.0777616493892439,0.08734054708740618,0.06992437,False,False,False,False,0.0,0,0.0,0.0,301.0,285.33,0.20946196660482375,0.0,49,181.0,0.0,0.0
0.033803376635715976,0.04016475397305491,0.028598612,False,False,False,False,0.0,0,0.0,0.0,213.0,307.49,0.20946196660482375,0.0,23,23.0,0.0,0.0
0.011473813054852367,0.01312948237225453,0.010119175,False,False,False,False,0.0,0,0.0,0.0,117.0,300.19,0.20946196660482375,0.0,16,178.0,0.0,0.0
0.015106906270549655,0.019709886142646738,0.011340831,False,False,False,False,0.0,0,0.0,0.0,110.0,312.38,0.20946196660482375,0.0,18,192.0,0.0,0.0
0.0561737573137958,0.10163100775548245,0.01898146,False,False,False,False,0.0,0,0.0,0.0,126.0,341.9,0.20946196660482375,0.0,10,282.0,0.0,0.0
0.04145522146659811,0.059261390549997905,0.026886538,False,False,False,False,0.0,0,0.0,0.0,248.0,612.78,0.20946196660482375,0.0,34,121.0,0.0,0.0
0.020809396149314884,0.03607536040599135,0.008319061,False,False,False,False,0.0,0,0.0,0.0,69.0,142.1,0.20946196660482375,0.0,26,65.0,0.0,0.0
0.1459558951474912,0.2098516562730487,0.09367754,False,False,False,False,98.0,1,34.0,0.0,4.0,34.0,0.42523191094619667,0.0051813471502590676,1,95.0,0.0,0.17616580310880828
0.19035837703145325,0.2585927623995318,0.13453025,False,False,False,False,197.0,7,201.62285714285716,0.0,141.0,780.42,0.5922077922077922,0.02880658436213992,113,46.0,7.506368420245916,0.8297236919459142
0.048912375031547495,0.07549351864089954,0.027164167,False,False,False,False,0.0,0,0.0,0.0,26.0,60.7,0.20946196660482375,0.0,3,45.0,0.0,0.0
0.04665191572251355,0.06824313576226843,0.02898637,False,False,False,False,0.0,0,0.0,0.0,133.0,76.1,0.20946196660482375,0.0,2,191.0,0.0,0.0
0.10499194029803477,0.19623553479899747,0.030338088,False,False,False,False,182.0,2,107.17500000000001,0.0,36.333333333333336,120.95,0.4593692022263451,0.007407407407407408,44,88.0,17.02217336196855,0.3969444444444445
0.013640195907028037,0.0167079204340147,0.011130239,False,False,False,False,0.0,0,0.0,0.0,139.0,383.45,0.20946196660482375,0.0,17,132.0,0.0,0.0
0.026151446606331657,0.04759065699105702,0.008610275,False,False,False,False,0.0,0,0.0,0.0,68.0,120.0,0.20946196660482375,0.0,5,51.0,0.0,0.0
0.25597906488261724,0.31085689041530873,0.21107902,False,False,False,False,13.0,2,353.69,0.0,217.0,388.42,0.7781076066790352,0.007067137809187279,57,270.0,0.9805118605972756,1.2497879858657244
0.09744511946366624,0.1548657076077637,0.050464638,False,False,False,False,132.0,3,279.6433333333334,0.0,297.0,695.3299999999999,0.6812615955473098,0.020689655172413793,44,13.0,9.622602041344276,1.9285747126436785
0.15690210027520982,0.22229760748424193,0.103396684,False,False,False,False,115.0,5,386.91999999999996,0.0,184.85714285714286,615.0,0.8122448979591836,0.021929824561403508,22,113.0,12.966664465149805,1.6970175438596489
0.02104115715037772,0.037926310171926214,0.007226032,False,False,False,False,0.0,0,0.0,0.0,66.0,211.5,0.20946196660482375,0.0,5,174.0,0.0,0.0
0.17831141054099725,0.25221350125617287,0.11784606,False,False,False,False,189.0,5,575.4,0.0,165.16666666666666,855.9999999999999,0.9068645640074211,0.017793594306049824,36,92.0,14.162370114946418,2.0476868327402133
0.11156673324473702,0.1873741664239213,0.049542468,False,False,False,False,77.0,1,529.55,0.0,327.5,580.79,0.8938775510204081,0.0053475935828877,52,110.0,9.652009652014476,2.8318181818181816
0.2972616217655141,0.4470739512801609,0.17468789,False,False,False,False,274.0,2,62.6,0.0,26.666666666666668,81.4,0.4345083487940631,0.007067137809187279,7,9.0,59.97869992292633,0.22120141342756183
0.08454654150648945,0.14220532379644962,0.037371174,False,False,False,False,105.0,1,351.3,0.0,124.5,351.3,0.7758812615955473,0.007874015748031496,27,22.0,19.49801050859044,2.7661417322834647
0.11164544189037182,0.19030863712366636,0.047284644,False,False,False,False,87.0,3,127.72333333333334,0.0,37.25,156.0,0.49424860853432284,0.014492753623188406,61,120.0,6.5745531262705095,0.6170209339774557
0.026488987065031774,0.041514958538776514,0.01419501,False,False,False,False,0.0,0,0.0,0.0,189.0,330.79,0.20946196660482375,0.0,20,212.0,0.0,0.0
0.06887064044090671,0.12116590325838023,0.026083607,False,False,False,False,107.0,1,196.66000000000003,0.0,140.0,395.1,0.5851576994434138,0.005,22,93.0,23.131096365015196,0.9833000000000002
0.1243869190330156,0.1815968613745655,0.07757878,False,False,False,False,213.0,1,146.74,0.0,98.5,267.87,0.5183673469387755,0.0035842293906810036,79,66.0,23.555555555555557,0.5259498207885305
0.03803170393917005,0.04667168929649812,0.030962626,False,False,False,False,0.0,0,0.0,0.0,89.0,156.51,0.20946196660482375,0.0,12,16.0,0.0,0.0
0.08559105751944089,0.14838295723624811,0.034215868,False,False,False,False,88.0,1,120.49,0.0,56.5,151.52,0.48014842300556587,0.005555555555555556,77,92.0,9.838699100999076,0.6693888888888888
0.05584507412235928,0.0846654792410575,0.032264743,False,False,False,False,0.0,0,0.0,0.0,56.5,219.76999999999998,0.20946196660482375,0.0,54,108.0,0.0,0.0
0.0887342608236696,0.15954365967896816,0.030799298,False,False,False,False,62.0,2,194.975,0.0,74.33333333333333,238.0,0.5821892393320964,0.022727272727272728,20,26.0,7.871744902884743,2.2156249999999997
0.016938207337519266,0.027076130405643994,0.008643542,False,False,False,False,0.0,0,0.0,0.0,62.0,162.3,0.20946196660482375,0.0,10,192.0,0.0,0.0
0.11297158568877914,0.18878828005170245,0.050939742,False,False,False,False,121.0,1,205.8,0.0,145.0,231.8,0.5968460111317254,0.008130081300813009,11,2.0,29.346810629396295,1.6731707317073172
0.14465846648039418,0.25726474336390137,0.052526057,False,False,False,False,81.0,1,588.0,0.0,163.5,588.0,0.9102040816326531,0.004048582995951417,29,166.0,15.118578920369087,2.380566801619433
0.04118059402384059,0.062037756336567496,0.024115643,False,False,False,False,0.0,0,0.0,0.0,174.0,204.89,0.20946196660482375,0.0,41,179.0,0.0,0.0
0.11596156973735415,0.19531469668714918,0.051036283,False,False,False,False,101.0,1,166.4,0.0,43.333333333333336,166.4,0.5456400742115027,0.008130081300813009,12,22.0,29.156188594076095,1.3528455284552845
0.2318218711585713,0.2990660211710825,0.17680393,False,False,False,False,116.0,5,511.17600000000004,0.0,184.88888888888889,859.01,0.8868274582560297,0.021551724137931036,112,116.0,5.663948928116983,2.203344827586207
0.25786033054569335,0.3582291753287441,0.17574036,False,False,False,False,13.0,1,292.5,0.0,219.0,1368.4,0.6938775510204082,0.0035587188612099642,19,268.0,3.064129385141706,1.0409252669039146
0.08428102420435594,0.1587822136319621,0.023325505,False,False,False,False,237.0,4,221.445,0.0,169.2,373.35,0.6163265306122448,0.014234875444839857,60,44.0,16.272534741236903,0.7880604982206405
0.052628469899740946,0.08528455318774808,0.025909856,False,False,False,False,0.0,0,0.0,0.0,72.0,161.6,0.20946196660482375,0.0,23,272.0,0.0,0.0
0.10345968390186767,0.18529704400080532,0.036501843,False,False,False,False,14.0,1,110.78,0.0,29.333333333333332,142.0,0.462708719851577,0.009615384615384616,56,90.0,1.565016090114998,1.0651923076923078
0.11630141526606788,0.2011504060724733,0.04687951,False,False,False,False,94.0,1,86.02000000000001,0.0,17.0,102.0,0.44675324675324674,0.006134969325153374,12,69.0,28.04055504573202,0.5277300613496934
0.028665745746356608,0.030447424956521196,0.027208008,False,False,False,False,0.0,0,0.0,0.0,176.0,161.38,0.20946196660482375,0.0,30,93.0,0.0,0.0
0.20213006205886946,0.2265235895918552,0.18217172,False,False,False,False,0.0,0,0.0,0.0,396.0,582.14,0.20946196660482375,0.0,41,279.0,0.0,0.0
0.02675830603223837,0.0440921382486113,0.012576079,False,False,False,False,0.0,0,0.0,0.0,150.0,382.5,0.20946196660482375,0.0,15,222.0,0.0,0.0
0.14823767677066096,0.272966564200926,0.046186768,False,False,False,False,196.0,5,175.774,0.0,97.83333333333333,212.12,0.5562152133580704,0.01838235294117647,177,76.0,7.468564856461738,0.6462279411764706
0.09904890418290532,0.13971585168307438,0.065775946,False,False,False,False,0.0,0,0.0,0.0,241.0,586.4,0.20946196660482375,0.0,68,170.0,0.0,0.0
0.031244067423507323,0.047320965562627826,0.01809024,False,False,False,False,0.0,0,0.0,0.0,133.0,155.93,0.20946196660482375,0.0,12,235.0,0.0,0.0
0.06439253807587546,0.12295502607520248,0.016477775,False,False,False,False,116.0,2,388.43,0.0,128.5,543.22,0.814100185528757,0.01092896174863388,44,67.0,12.824786881752376,2.122568306010929
0.038850554734673776,0.06696308963874242,0.01584939,False,False,False,False,0.0,0,0.0,0.0,42.0,80.7,0.20946196660482375,0.0,2,55.0,0.0,0.0
0.09084107000596807,0.1500110208208359,0.04242929,False,False,False,False,0.0,0,0.0,0.0,119.0,210.35999999999999,0.20946196660482375,0.0,71,222.0,0.0,0.0
0.06776659674537676,0.07934347042535184,0.05829461,False,False,False,False,0.0,0,0.0,0.0,37.0,205.3,0.20946196660482375,0.0,12,5.0,0.0,0.0
0.09640834015207345,0.16894904483461498,0.037056852,False,False,False,False,71.0,1,497.9,0.0,171.5,497.90000000000003,0.8812615955473099,0.006711409395973154,27,78.0,12.962767194288933,3.3416107382550333
0.13749195877368547,0.25652025018920055,0.040105175,False,False,False,False,148.0,3,84.76666666666667,0.0,23.75,185.45,0.44601113172541745,0.011152416356877323,15,121.0,20.880865075848497,0.3151177199504337
0.016607842055723906,0.012216712082460723,0.020200584,False,False,False,False,0.0,0,0.0,0.0,137.0,275.88,0.20946196660482375,0.0,15,38.0,0.0,0.0
0.04751228748564937,0.054131303866815084,0.042096727,False,False,False,False,0.0,0,0.0,0.0,168.0,439.23,0.20946196660482375,0.0,21,16.0,0.0,0.0
0.10306837179748195,0.1871300396210171,0.03429064,False,False,False,False,178.0,5,131.036,0.0,124.83333333333333,201.86,0.4987012987012987,0.02336448598130841,25,36.0,13.347695009706937,0.6123177570093458
0.03312103757777553,0.04838722923880906,0.020630516,False,False,False,False,0.0,0,0.0,0.0,30.0,115.8,0.20946196660482375,0.0,7,43.0,0.0,0.0
0.018189711148432184,0.023424929890679624,0.01390635,False,False,False,False,0.0,0,0.0,0.0,140.0,207.79999999999998,0.20946196660482375,0.0,7,171.0,0.0,0.0
0.013301104610621593,0.012003270962634927,0.0143629685,False,False,False,False,0.0,0,0.0,0.0,197.0,330.11,0.20946196660482375,0.0,22,79.0,0.0,0.0
0.01441060732980003,0.017975753585595333,0.011493669,False,False,False,False,0.0,0,0.0,0.0,128.0,183.6,0.20946196660482375,0.0,8,176.0,0.0,0.0
0.05376213090082311,0.0906227870442316,0.023603411,False,False,False,False,0.0,0,0.0,0.0,11.0,84.3,0.20946196660482375,0.0,5,213.0,0.0,0.0
0.03290569154749948,0.026662414401342205,0.038013827,False,False,False,False,0.0,0,0.0,0.0,276.0,328.15999999999997,0.20946196660482375,0.0,20,149.0,0.0,0.0
0.018732149084419815,0.030241043462821304,0.00931578,False,False,False,False,0.0,0,0.0,0.0,28.0,147.0,0.20946196660482375,0.0,9,89.0,0.0,0.0
0.7123923955709838,0.5462298919428504,0.8483435,True,False,False,False,246.0,11,309.0163636363636,0.0,21.384615384615383,2500.0,0.7220779220779221,0.03985507246376811,134,30.0,8.772376798854083,1.1196245059288537
0.10847794715560016,0.1656604906805475,0.06169223,False,False,False,False,38.0,1,343.40999999999997,0.0,179.5,390.5,0.7669758812615955,0.012658227848101266,27,41.0,6.992342750670703,4.346962025316455
0.11493168542813847,0.15877669376425368,0.0790585,False,False,False,False,0.0,0,0.0,0.0,257.0,480.91,0.20946196660482375,0.0,66,229.0,0.0,0.0
0.1384992168521943,0.2222563279284509,0.06997067,False,False,False,False,21.0,1,94.80000000000001,0.0,27.5,113.25000000000001,0.45083487940630795,0.023255813953488372,7,22.0,7.000000000000001,2.204651162790698
0.10758758602983705,0.19474432878906972,0.03627752,False,False,False,False,251.0,2,252.52999999999997,0.0,136.66666666666666,318.15999999999997,0.649721706864564,0.007575757575757576,33,13.0,28.844800615059242,0.9565530303030302
0.00703128831688287,0.011336853556831061,0.0035085531,False,False,False,False,0.0,0,0.0,0.0,110.0,196.64,0.20946196660482375,0.0,12,76.0,0.0,0.0
0.029008273047120944,0.04871992396957692,0.012880558,False,False,False,False,0.0,0,0.0,0.0,130.0,239.95999999999998,0.20946196660482375,0.0,39,166.0,0.0,0.0
0.08375374799214574,0.1344282720981433,0.042292774,False,False,False,False,134.0,1,372.37,0.0,233.5,372.37,0.8003710575139147,0.006666666666666667,39,16.0,20.927284093073215,2.482466666666667
0.004796233959496021,0.0,0.008720425,False,False,False,False,0.0,0,0.0,0.0,108.0,304.3,0.20946196660482375,0.0,14,107.0,0.0,0.0
0.08955309135574481,0.17177083769017637,0.022284025,False,False,False,False,155.0,4,127.635,0.0,55.6,322.24,0.49387755102040815,0.020100502512562814,33,44.0,11.817876083372647,0.6413819095477388
0.2137132951088508,0.249330863570231,0.18457164,False,False,False,False,0.0,0,0.0,0.0,505.0,919.98,0.20946196660482375,0.0,48,241.0,0.0,0.0
0.12255907597566171,0.20795756699695683,0.05268758,False,False,False,False,254.0,2,392.79999999999995,0.0,139.33333333333334,430.38,0.8189239332096475,0.007220216606498195,32,23.0,29.720550316424358,1.4180505415162454
0.09745125376047518,0.16906574567957777,0.03885758,False,False,False,False,0.0,0,0.0,0.0,30.0,38.1,0.20946196660482375,0.0,3,282.0,0.0,0.0
0.026840572217671728,0.03267407204170725,0.022067709,False,False,False,False,0.0,0,0.0,0.0,138.0,138.28,0.20946196660482375,0.0,21,179.0,0.0,0.0
0.06051641275872246,0.09806052971525225,0.029798498,False,False,False,False,0.0,0,0.0,0.0,90.0,164.22,0.20946196660482375,0.0,57,61.0,0.0,0.0
0.06905155920080962,0.08102709039698314,0.0592534,False,False,False,False,0.0,0,0.0,0.0,105.5,625.3299999999999,0.20946196660482375,0.0,26,218.0,0.0,0.0
0.10360447304408646,0.0963804040123113,0.10951507,False,False,False,False,0.0,0,0.0,0.0,384.0,326.4,0.20946196660482375,0.0,1,110.0,0.0,0.0
0.28630286713357234,0.3798377902400817,0.20977429,False,False,False,False,87.0,5,588.9200000000001,0.0,132.0,830.0000000000001,0.9109461966604824,0.04032258064516129,4,37.0,10.272671404156652,4.749354838709678
0.14756182334576098,0.16184132412084934,0.1358786,False,False,False,False,0.0,0,0.0,0.0,399.0,868.49,0.20946196660482375,0.0,52,48.0,0.0,0.0
0.01114006833301951,0.012344026299361155,0.010155012,False,False,False,False,0.0,0,0.0,0.0,123.0,307.53,0.20946196660482375,0.0,15,163.0,0.0,0.0
0.08131041054023039,0.15228562165394383,0.023239782,False,False,False,False,195.0,2,147.69,0.0,84.0,154.24,0.5205936920222635,0.009478672985781991,36,16.0,20.80605306086745,0.6999526066350711
0.08088811009441603,0.14492343877895647,0.028495567,False,False,False,False,91.0,1,218.27,0.0,35.0,218.27,0.6137291280148423,0.0064516129032258064,15,64.0,22.5,1.4081935483870969
0.16397780894568817,0.2684145827940494,0.07852954,False,False,False,False,258.0,2,132.10500000000002,0.0,61.666666666666664,158.26,0.500556586270872,0.007246376811594203,40,18.0,37.6791492410116,0.47864130434782615
0.039095561341522624,0.061080595157937845,0.021107806,False,False,False,False,0.0,0,0.0,0.0,34.0,108.07,0.20946196660482375,0.0,19,216.0,0.0,0.0
0.06654670611494645,0.12753737801697218,0.016645247,False,False,False,False,68.0,1,134.65,0.0,67.5,323.16,0.5031539888682746,0.0051813471502590676,23,125.0,13.6,0.6976683937823834
0.020435842128604723,0.016419917349484392,0.023721598,False,False,False,False,0.0,0,0.0,0.0,182.0,347.9,0.20946196660482375,0.0,15,99.0,0.0,0.0
0.027725133923192525,0.02974555076272334,0.026072064,False,False,False,False,0.0,0,0.0,0.0,191.0,302.25,0.20946196660482375,0.0,17,31.0,0.0,0.0
0.037156491450475185,0.060944629426370134,0.01769347,False,False,False,False,0.0,0,0.0,0.0,189.0,417.69,0.20946196660482375,0.0,23,228.0,0.0,0.0
0.07811125306720498,0.10688844518385471,0.054566275,False,False,False,False,0.0,0,0.0,0.0,73.0,91.32000000000001,0.20946196660482375,0.0,2,2.0,0.0,0.0
0.17906902586167844,0.24224362118919235,0.12738071,False,False,False,False,181.0,2,764.8499999999999,0.0,133.33333333333334,897.8,0.9495361781076067,0.008888888888888889,66,44.0,14.58695378683366,3.399333333333333
0.06892162344222673,0.1194373759708009,0.027590552,False,False,False,False,0.0,0,0.0,0.0,38.0,189.3,0.20946196660482375,0.0,3,282.0,0.0,0.0
0.009802339678896526,0.016638672468326843,0.0042089764,False,False,False,False,0.0,0,0.0,0.0,94.0,214.79999999999998,0.20946196660482375,0.0,11,67.0,0.0,0.0
0.024876519574533615,0.027971835812618806,0.022343988,False,False,False,False,0.0,0,0.0,0.0,156.0,417.38,0.20946196660482375,0.0,24,55.0,0.0,0.0
0.08781261700674406,0.1432681405607089,0.042439915,False,False,False,False,39.0,1,253.15,0.0,169.5,411.55,0.650834879406308,0.007352941176470588,75,97.0,4.205478154934096,1.8613970588235293
0.13315366979990106,0.2161465591093722,0.0652504,False,False,False,False,35.0,2,197.74,0.0,87.66666666666667,260.92,0.5884972170686457,0.010638297872340425,81,153.0,2.457796061141664,1.051808510638298
0.11586950728345047,0.20615554538144293,0.041999113,False,False,False,False,14.0,1,31.200000000000003,0.0,40.0,31.200000000000003,0.42448979591836733,0.009009009009009009,1,97.0,0.0,0.2810810810810811
0.13262023381178928,0.2278401614733394,0.05471302,False,False,False,False,83.0,1,48.4,0.0,67.0,159.4,0.42857142857142855,0.005263157894736842,7,107.0,30.99308678675663,0.25473684210526315
0.19874254338447067,0.2277763457762712,0.17498761,False,False,False,False,35.0,1,111.37,0.0,413.0,722.41,0.46419294990723564,0.00819672131147541,62,87.0,4.353253917718463,0.9128688524590164
0.06417347553097069,0.11644496824394462,0.02140589,False,False,False,False,0.0,0,0.0,0.0,146.0,255.0,0.20946196660482375,0.0,31,283.0,0.0,0.0
0.3250189981840023,0.4686719260794076,0.20748478,False,False,False,False,166.0,1,1258.83,0.0,386.6666666666667,1104.13,0.9829313543599257,0.005434782608695652,116,18.0,14.69936830518336,6.841467391304348
0.024116323082311313,0.02140062909692164,0.026338253,False,False,False,False,0.0,0,0.0,0.0,158.0,233.22,0.20946196660482375,0.0,11,36.0,0.0,0.0
0.06742241526472073,0.0984549090780042,0.042032193,False,False,False,False,0.0,0,0.0,0.0,222.0,249.86,0.20946196660482375,0.0,17,275.0,0.0,0.0
0.03587048824432182,0.06637976810176477,0.01090835,False,False,False,False,0.0,0,0.0,0.0,48.0,122.39999999999999,0.20946196660482375,0.0,1,207.0,0.0,0.0
0.08166982417250065,0.14727033876035805,0.027996676,False,False,False,False,128.0,2,265.21500000000003,0.0,110.75,346.48,0.6649350649350649,0.0106951871657754,108,59.0,9.223476358132654,1.4182620320855617
0.011225560374501724,0.014383001608856028,0.008642199,False,False,False,False,0.0,0,0.0,0.0,71.0,225.15,0.20946196660482375,0.0,13,142.0,0.0,0.0
0.0681092801066415,0.11720304616009225,0.027941654,False,False,False,False,0.0,0,0.0,0.0,29.0,129.75,0.20946196660482375,0.0,3,276.0,0.0,0.0
0.07056782652878085,0.10997348935390666,0.03832683,False,False,False,False,0.0,0,0.0,0.0,24.75,98.06,0.20946196660482375,0.0,53,64.0,0.0,0.0
0.27271950534569195,0.2745967174368207,0.2711836,False,False,False,False,161.0,1,466.12,0.0,427.5,1056.63,0.8667903525046382,0.0035460992907801418,88,121.0,16.865480854231347,1.6529078014184397
0.02695310213457227,0.029086921878229255,0.02520725,False,False,False,False,0.0,0,0.0,0.0,128.0,304.3,0.20946196660482375,0.0,16,30.0,0.0,0.0
0.04774430883323629,0.0770663640818216,0.023753535,False,False,False,False,0.0,0,0.0,0.0,63.0,113.01,0.20946196660482375,0.0,42,150.0,0.0,0.0
0.11663931980907374,0.1917071019649385,0.055220224,False,False,False,False,225.0,3,134.67,0.0,40.5,178.74,0.5035250463821892,0.012711864406779662,38,11.0,18.005240327340342,0.570635593220339
0.04816814537819073,0.08496695151982142,0.01806003,False,False,False,False,0.0,0,0.0,0.0,76.0,168.6,0.20946196660482375,0.0,7,276.0,0.0,0.0
0.017087420399157466,0.023040914177162253,0.01221638,False,False,False,False,0.0,0,0.0,0.0,137.0,383.95,0.20946196660482375,0.0,22,144.0,0.0,0.0
0.014791959657668594,0.01625300952825176,0.013596555,False,False,False,False,0.0,0,0.0,0.0,93.0,338.95,0.20946196660482375,0.0,19,146.0,0.0,0.0
0.021915468767651443,0.027054642241019944,0.01771069,False,False,False,False,0.0,0,0.0,0.0,72.0,307.4,0.20946196660482375,0.0,16,204.0,0.0,0.0
0.06215688386897925,0.10417252956917294,0.027780445,False,False,False,False,0.0,0,0.0,0.0,66.0,123.6,0.20946196660482375,0.0,19,279.0,0.0,0.0
0.08352960595021192,0.12681705970520318,0.048112597,False,False,False,False,178.0,2,385.445,0.0,296.6666666666667,570.76,0.8111317254174397,0.00966183574879227,64,29.0,17.072400443171716,1.8620531400966183
0.15907659515895117,0.24437971711506817,0.08928313,False,False,False,False,241.0,2,305.525,0.0,323.3333333333333,311.07,0.7142857142857143,0.008130081300813009,26,5.0,37.2978710222943,1.2419715447154471
0.7380652722475479,0.41792280072581994,1.0,True,False,False,False,0.0,0,0.0,0.0,40.333333333333336,3685.0121999999938,0.20946196660482375,0.0,1,92.0,0.0,0.0
0.11994479191166105,0.12657542122430143,0.11451972,False,False,False,False,0.0,0,0.0,0.0,325.0,650.42,0.20946196660482375,0.0,26,1.0,0.0,0.0
0.11123205661679963,0.1637102815819153,0.06829532,False,False,False,False,112.0,1,322.53000000000003,0.0,384.0,375.45,0.7450834879406308,0.006289308176100629,41,47.0,16.191014056266297,2.028490566037736
0.10000010991678436,0.18078849634827948,0.03390052,False,False,False,False,186.0,1,287.64,0.0,116.0,318.0,0.688682745825603,0.0044444444444444444,25,39.0,35.79571668975679,1.2784
0.02332754133324459,0.045479737388991304,0.005203017,False,False,False,False,0.0,0,0.0,0.0,48.0,84.72,0.20946196660482375,0.0,3,102.0,0.0,0.0
0.10038973693430911,0.18102954089377743,0.034411713,False,False,False,False,117.0,2,131.85,0.0,62.666666666666664,144.95,0.5001855287569573,0.007352941176470588,62,155.0,12.993500307011614,0.48474264705882353
0.06582875164549867,0.10749640535869687,0.031737033,False,False,False,False,0.0,0,0.0,0.0,3.0,32.65,0.20946196660482375,0.0,2,73.0,0.0,0.0
0.8293908545224382,0.6749496876859031,0.95575184,True,False,False,False,274.0,2,467.5,0.0,1233.3333333333333,615.0,0.8682745825602969,0.007246376811594203,3,2.0,96.63807048294511,1.693840579710145
0.12273190320084643,0.1874026441033273,0.06981948,False,False,False,False,171.0,2,111.43,0.0,112.0,409.73,0.46530612244897956,0.00847457627118644,83,65.0,14.118320236208517,0.4721610169491526
0.10069798593365734,0.17790588051397677,0.03752789,False,False,False,False,216.0,3,230.95000000000002,0.0,158.75,323.95,0.6304267161410019,0.013636363636363636,22,4.0,25.255494451702987,1.0497727272727273
0.13561189858918477,0.1700119163991144,0.10746643,False,False,False,False,34.0,1,242.87,0.0,102.0,242.87,0.640074211502783,0.008333333333333333,93,86.0,3.2836227276929675,2.0239166666666666
0.182348585026671,0.2627625529351268,0.11655534,False,False,False,False,139.0,2,343.25,0.0,81.75,584.5,0.7662337662337663,0.007246376811594203,7,137.0,35.41578430273398,1.243659420289855
0.021802374698424765,0.029385517405590367,0.015597984,False,False,False,False,0.0,0,0.0,0.0,201.0,486.1,0.20946196660482375,0.0,22,148.0,0.0,0.0
0.21856728661501212,0.24337158641205459,0.19827285,False,False,False,False,127.0,3,603.6500000000001,0.0,275.75,1336.2,0.9146567717996289,0.019230769230769232,35,29.0,13.139390767596105,3.8695512820512827
0.036814138772944274,0.04859301264718652,0.027176877,False,False,False,False,0.0,0,0.0,0.0,144.0,358.56000000000006,0.20946196660482375,0.0,1,57.0,0.0,0.0
0.024519181392814095,0.032408776696579045,0.018064057,False,False,False,False,0.0,0,0.0,0.0,74.0,170.53,0.20946196660482375,0.0,27,40.0,0.0,0.0
0.0801055061822627,0.06625020735914927,0.09144166,False,False,False,False,0.0,0,0.0,0.0,321.0,187.99,0.20946196660482375,0.0,29,185.0,0.0,0.0
0.13124082180833996,0.1870281981754343,0.085596606,False,False,False,False,183.0,2,618.37,0.0,266.6666666666667,703.17,0.9176252319109462,0.00966183574879227,65,24.0,14.213137289315783,2.987294685990338
0.03716564058715542,0.04761225795203755,0.028618408,False,False,False,False,0.0,0,0.0,0.0,90.0,151.98,0.20946196660482375,0.0,9,19.0,0.0,0.0
0.13784284942418412,0.20586213421093258,0.08219071,False,False,False,False,46.0,3,229.61666666666667,0.0,73.33333333333333,311.42,0.6289424860853432,0.020689655172413793,78,99.0,3.2261522915167222,1.5835632183908046
0.05743036509821905,0.09594393681641183,0.02591926,False,False,False,False,0.0,0,0.0,0.0,124.0,180.7,0.20946196660482375,0.0,29,277.0,0.0,0.0
0.2427367791833625,0.3177649445670944,0.1813501,False,False,False,False,0.0,0,0.0,0.0,560.0,1340.32,0.20946196660482375,0.0,52,198.0,0.0,0.0
0.08526988412631303,0.07992328230303197,0.08964437,False,False,False,False,0.0,0,0.0,0.0,324.0,219.52,0.20946196660482375,0.0,19,222.0,0.0,0.0
0.17529294393804584,0.28637522905727036,0.084407434,False,False,False,False,84.0,1,793.88,0.0,306.0,793.88,0.9536178107606679,0.006896551724137931,76,61.0,9.333333333333329,5.475034482758621
0.01579012157105599,0.023910840842639836,0.009145897,False,False,False,False,0.0,0,0.0,0.0,94.0,124.10000000000001,0.20946196660482375,0.0,8,191.0,0.0,0.0
0.1526329803085218,0.25961074290802966,0.06510572,False,False,False,False,221.0,5,164.79000000000002,0.0,22.833333333333332,337.5,0.5435992578849722,0.022222222222222223,8,4.0,23.554590071794756,0.7324
0.4233941145323552,0.38692090413809643,0.45323583,False,False,False,False,0.0,0,0.0,0.0,1048.0,1487.6,0.20946196660482375,0.0,2,39.0,0.0,0.0
0.11069970839239325,0.18495748607134743,0.049943343,False,False,False,False,0.0,0,0.0,0.0,152.0,332.8,0.20946196660482375,0.0,64,283.0,0.0,0.0
0.017469548974577188,0.020440002241937316,0.015039178,False,False,False,False,0.0,0,0.0,0.0,84.0,328.2,0.20946196660482375,0.0,18,159.0,0.0,0.0
0.08091720214032762,0.13946928957090626,0.03301095,False,False,False,False,172.0,2,343.115,0.0,195.0,351.69,0.7658627087198516,0.011494252873563218,50,2.0,16.063124309889833,1.971925287356322
0.08268450443604956,0.1497934916153963,0.02777715,False,False,False,False,142.0,2,302.48,0.0,180.33333333333334,353.06,0.7072356215213358,0.007434944237918215,38,127.0,14.774699819518188,1.124460966542751
0.060713673289885695,0.10065196351049249,0.02803689,False,False,False,False,155.0,2,306.775,0.0,214.66666666666666,519.08,0.7172541743970315,0.009708737864077669,42,51.0,16.28155056770973,1.4891990291262134
0.01373146108808683,0.024043033571929107,0.0052947197,False,False,False,False,0.0,0,0.0,0.0,102.0,98.25,0.20946196660482375,0.0,8,89.0,0.0,0.0
0.01988690747722606,0.025833905795208167,0.015021181,False,False,False,False,0.0,0,0.0,0.0,62.0,268.58,0.20946196660482375,0.0,10,184.0,0.0,0.0
0.030486479739601027,0.048655638601503126,0.015620803,False,False,False,False,0.0,0,0.0,0.0,199.0,349.27,0.20946196660482375,0.0,21,220.0,0.0,0.0
0.08683436880535647,0.151687801602301,0.03377247,False,False,False,False,146.0,2,378.69500000000005,0.0,107.66666666666667,411.54,0.8059369202226345,0.007272727272727273,46,129.0,14.507211436849923,1.3770727272727274
0.11186139462946272,0.1807633164537928,0.055487093,False,False,False,False,237.0,2,228.4,0.0,99.0,347.3,0.6274582560296846,0.008298755186721992,44,4.0,29.565102763535954,0.9477178423236515
0.12352250004457681,0.20406162263391742,0.057626855,False,False,False,False,70.0,2,208.675,0.0,52.25,230.15,0.6018552875695733,0.007220216606498195,28,207.0,8.871302046486749,0.7533393501805055
0.16176649468099139,0.2261954360969654,0.109051906,False,False,False,False,45.0,1,166.8,0.0,60.0,734.4000000000001,0.5473098330241187,0.004524886877828055,1,176.0,0.0,0.7547511312217196
0.021006056862319045,0.03302268437708866,0.011174271,False,False,False,False,0.0,0,0.0,0.0,24.0,134.1,0.20946196660482375,0.0,12,83.0,0.0,0.0
0.10933047510654564,0.09441839274368541,0.12153126,False,False,False,False,0.0,0,0.0,0.0,393.0,203.85999999999999,0.20946196660482375,0.0,34,72.0,0.0,0.0
0.05239267768622153,0.08853727600443612,0.022819825,False,False,False,False,0.0,0,0.0,0.0,18.0,119.3,0.20946196660482375,0.0,6,248.0,0.0,0.0
0.11775682396153382,0.19267198308661626,0.0564626,False,False,False,False,110.0,1,447.62,0.0,297.5,464.32,0.8560296846011132,0.008695652173913044,57,5.0,13.843013843020774,3.8923478260869566
0.12044455086462204,0.17737573992924566,0.07386448,False,False,False,False,84.0,3,180.03333333333333,0.0,73.0,603.17,0.562152133580705,0.015625,33,108.0,10.530735795584107,0.9376736111111111
0.058054110370680145,0.051041242066587444,0.06379191,False,False,False,False,0.0,0,0.0,0.0,288.0,305.28000000000003,0.20946196660482375,0.0,2,136.0,0.0,0.0
0.12493604451902499,0.1720040381062426,0.08642586,False,False,False,False,137.0,2,411.48,0.0,225.75,928.05,0.8322820037105751,0.009615384615384616,81,71.0,10.092963507866958,1.978269230769231
0.15599063729069032,0.23505517056300457,0.09130147,False,False,False,False,17.0,1,50.0,0.0,43.0,75.9,0.4293135435992579,0.023255813953488372,4,26.0,9.814954576223638,1.1627906976744187
0.7062759935762052,0.34727995923394717,1.0,True,False,False,False,0.0,0,0.0,0.0,1361.46111111111,244.8,0.20946196660482375,0.0,1,44.0,0.0,0.0
0.06550751970816932,0.06817233996500088,0.06332721,False,False,False,False,0.0,0,0.0,0.0,120.0,594.0,0.20946196660482375,0.0,2,38.0,0.0,0.0
0.10368841395025727,0.16343216664802757,0.05480716,False,False,False,False,126.0,1,125.28,0.0,162.5,352.51,0.49016697588126157,0.004132231404958678,29,116.0,23.004347415216973,0.5176859504132232
0.173511991784707,0.2719856851315836,0.0929426,False,False,False,False,166.0,1,126.6,0.0,107.0,156.0,0.49276437847866417,0.004405286343612335,11,61.0,49.749371855331,0.5577092511013215
0.05945140324053582,0.1007199994285331,0.025686188,False,False,False,False,0.0,0,0.0,0.0,36.0,112.6,0.20946196660482375,0.0,7,277.0,0.0,0.0
0.013397364914859761,0.017098784530483857,0.01036893,False,False,False,False,0.0,0,0.0,0.0,110.0,193.0,0.20946196660482375,0.0,17,167.0,0.0,0.0
0.048977296444903895,0.05210246812001662,0.046420336,False,False,False,False,0.0,0,0.0,0.0,301.0,375.1,0.20946196660482375,0.0,12,34.0,0.0,0.0
0.040720303158978566,0.0691830834327361,0.017432574,False,False,False,False,0.0,0,0.0,0.0,24.0,70.80000000000001,0.20946196660482375,0.0,2,68.0,0.0,0.0
0.42195812308641895,0.5558793510298513,0.3123862,False,False,False,False,160.0,1,1221.4,0.0,1067.5,1570.19,0.9821892393320965,0.005376344086021506,84,26.0,16.227869545938553,6.566666666666667
0.11481613017060317,0.19787412350791378,0.04685959,False,False,False,False,80.0,1,83.70000000000002,0.0,76.5,83.7,0.4437847866419295,0.007692307692307693,10,50.0,26.33333333333333,0.643846153846154
0.05571165364009819,0.0898292404031904,0.027797263,False,False,False,False,0.0,0,0.0,0.0,149.0,294.25,0.20946196660482375,0.0,60,61.0,0.0,0.0
0.05600547590002814,0.11030841173166256,0.011575801,False,False,False,False,141.0,2,173.85,0.0,103.33333333333333,305.68,0.5539888682745826,0.012121212121212121,30,24.0,17.028416455060253,1.0536363636363637
0.03804746993354352,0.06506441733288304,0.015942695,False,False,False,False,0.0,0,0.0,0.0,95.0,201.53,0.20946196660482375,0.0,45,162.0,0.0,0.0
0.5006361103035949,0.5471345663021985,0.4625919,True,False,False,False,45.0,1,961.5799999999999,0.0,432.0,961.58,0.9695732838589981,0.02127659574468085,37,2.0,5.879747322073333,20.459148936170212
0.021648508787107668,0.02574562884028797,0.01829632,False,False,False,False,0.0,0,0.0,0.0,175.0,204.5,0.20946196660482375,0.0,16,193.0,0.0,0.0
0.17252218374610256,0.24421348392964093,0.11386566,False,False,False,False,107.0,2,206.85,0.0,59.666666666666664,220.2,0.597773654916512,0.017391304347826087,6,8.0,31.98749755763961,1.798695652173913
0.10795177583069324,0.16700207500922942,0.059637897,False,False,False,False,213.0,4,337.97499999999997,0.0,165.2,385.8,0.759925788497217,0.01606425702811245,14,36.0,24.077828599468013,1.3573293172690761
0.1335835143726204,0.2380705715442441,0.0480941,False,False,False,False,272.0,5,182.62599999999998,0.0,51.666666666666664,243.92999999999998,0.5647495361781076,0.0176678445229682,46,11.0,16.76937844916825,0.6453215547703179
0.06498381888317295,0.12017027416598419,0.019831264,False,False,False,False,108.0,3,297.75,0.0,184.75,314.07,0.699443413729128,0.01935483870967742,58,47.0,8.748395784084765,1.9209677419354838
0.29986215671464866,0.4192332325283039,0.20219491,False,False,False,False,127.0,2,1042.545,0.0,393.6666666666667,1452.35,0.974025974025974,0.009950248756218905,132,74.0,7.583901675259816,5.18679104477612
0.06982292446210542,0.11879541035525354,0.029754525,False,False,False,False,24.0,1,76.38,0.0,114.5,316.95,0.4397031539888683,0.009009009009009009,23,87.0,5.116817192534651,0.6881081081081081
0.14350164928938997,0.22179945197162915,0.07943981,False,False,False,False,260.0,4,436.0775,0.0,308.0,554.66,0.8500927643784787,0.014388489208633094,162,18.0,9.636723601259293,1.5686241007194244
0.12932176907870177,0.19731950472931076,0.073687255,False,False,False,False,11.0,1,15.149999999999999,0.0,136.0,313.2,0.42226345083487943,0.0041841004184100415,22,228.0,2.2936585546278225,0.06338912133891213
0.06362447035420875,0.0746300006267967,0.054619946,False,False,False,False,0.0,0,0.0,0.0,293.0,325.75,0.20946196660482375,0.0,21,221.0,0.0,0.0
0.11710064568039708,0.20859255328039178,0.04224363,False,False,False,False,75.0,2,84.24000000000001,0.0,34.666666666666664,237.60000000000002,0.44415584415584414,0.00881057268722467,2,152.0,6.363961030678928,0.37110132158590314
0.0501731663914678,0.08914594682767601,0.018286346,False,False,False,False,0.0,0,0.0,0.0,111.0,233.45,0.20946196660482375,0.0,14,283.0,0.0,0.0
0.01112397467650436,0.018042789273956583,0.005463126,False,False,False,False,0.0,0,0.0,0.0,93.0,154.95,0.20946196660482375,0.0,8,170.0,0.0,0.0
0.03281932267247359,0.054113095809987743,0.0153971445,False,False,False,False,0.0,0,0.0,0.0,108.0,66.0,0.20946196660482375,0.0,4,108.0,0.0,0.0
0.022058440267497162,0.04380232786432209,0.004267987,False,False,False,False,0.0,0,0.0,0.0,46.0,86.5,0.20946196660482375,0.0,5,111.0,0.0,0.0
0.012438853380920066,0.012507146054046181,0.012382978,False,False,False,False,0.0,0,0.0,0.0,146.0,310.26,0.20946196660482375,0.0,20,152.0,0.0,0.0
0.04611250187055222,0.07297424158224247,0.024134714,False,False,False,False,0.0,0,0.0,0.0,51.0,101.4,0.20946196660482375,0.0,24,227.0,0.0,0.0
0.13713077146991234,0.21742656140822264,0.071434215,False,False,False,False,164.0,2,429.325,0.0,298.0,811.9,0.8456400742115028,0.009615384615384616,19,44.0,32.073271377302724,2.0640625
0.05664787883412889,0.08553739377419267,0.033011,False,False,False,False,0.0,0,0.0,0.0,49.0,85.13000000000001,0.20946196660482375,0.0,29,24.0,0.0,0.0
0.14416172433765917,0.2033786741422765,0.09571149,False,False,False,False,0.0,0,0.0,0.0,283.0,404.88,0.20946196660482375,0.0,83,215.0,0.0,0.0
0.07146240480146701,0.13526349820807898,0.01926151,False,False,False,False,72.0,1,111.86,0.0,62.5,125.8,0.46679035250463824,0.00847457627118644,25,46.0,12.93158174592779,0.9479661016949152
0.09565888913387735,0.14792079333717467,0.05289915,False,False,False,False,57.0,1,316.99,0.0,237.0,395.3,0.7410018552875696,0.011627906976744186,34,29.0,8.967176613084876,3.68593023255814
0.08037705785956675,0.12975512841071674,0.039976817,False,False,False,False,0.0,0,0.0,0.0,160.0,487.75,0.20946196660482375,0.0,27,283.0,0.0,0.0
0.04303420834269821,0.0738791983994444,0.017797397,False,False,False,False,0.0,0,0.0,0.0,92.0,174.4,0.20946196660482375,0.0,11,275.0,0.0,0.0
0.19835508303484006,0.3236310114825364,0.09585659,False,False,False,False,217.0,2,182.175,0.0,37.0,349.35,0.5640074211502782,0.0091324200913242,18,2.0,52.14515938281157,0.8318493150684932
0.03410191682095363,0.05470999282521305,0.017240763,False,False,False,False,0.0,0,0.0,0.0,30.0,118.0,0.20946196660482375,0.0,10,219.0,0.0,0.0
0.05451017323908629,0.09459921436237895,0.021710047,False,False,False,False,0.0,0,0.0,0.0,10.0,85.0,0.20946196660482375,0.0,1,192.0,0.0,0.0
0.010513117400635994,0.018407692312542412,0.0040539196,False,False,False,False,0.0,0,0.0,0.0,94.0,179.17,0.20946196660482375,0.0,11,59.0,0.0,0.0
0.10603867982509052,0.1698606367946182,0.053820714,False,False,False,False,80.0,3,251.00333333333336,0.0,229.5,527.32,0.6478664192949907,0.0234375,54,48.0,6.336566399298512,1.9609635416666669
0.06735968127387648,0.12031602163089394,0.024031766,False,False,False,False,70.0,2,287.285,0.0,173.0,341.4,0.6879406307977737,0.013513513513513514,27,78.0,9.814034386324542,1.941114864864865
0.031239771416791767,0.0334144531488606,0.029460484,False,False,False,False,0.0,0,0.0,0.0,236.0,348.2,0.20946196660482375,0.0,14,191.0,0.0,0.0
0.015708790775059656,0.02121346207883401,0.011204968,False,False,False,False,0.0,0,0.0,0.0,155.0,374.57,0.20946196660482375,0.0,12,158.0,0.0,0.0
0.12585462788038904,0.22507074744157113,0.0446778,False,False,False,False,43.0,2,61.8,0.0,28.0,262.55,0.4332096474953618,0.008583690987124463,40,190.0,6.638610837076825,0.2652360515021459
0.15701779794930928,0.2398065990262454,0.08928151,False,False,False,False,32.0,1,533.26,0.0,301.5,770.65,0.8942486085343229,0.006711409395973154,40,117.0,4.963972767957701,3.5789261744966443
0.08789350993863233,0.06888068732136904,0.10344946,False,False,False,False,0.0,0,0.0,0.0,343.0,213.85,0.20946196660482375,0.0,19,26.0,0.0,0.0
0.02460798443108225,0.0401627388016918,0.011881367,False,False,False,False,0.0,0,0.0,0.0,152.0,302.0,0.20946196660482375,0.0,14,232.0,0.0,0.0
0.07179872221245395,0.11846400993828482,0.033618033,False,False,False,False,112.0,1,246.74,0.0,188.0,246.73999999999998,0.6430426716141002,0.0051813471502590676,48,81.0,16.3368790477642,1.2784455958549223
0.025279557258022646,0.03321068551834605,0.018790452,False,False,False,False,0.0,0,0.0,0.0,217.0,400.53999999999996,0.20946196660482375,0.0,25,166.0,0.0,0.0
0.0956653187222428,0.17517697856319103,0.030610325,False,False,False,False,266.0,5,320.178,0.0,126.66666666666667,363.66,0.7439703153988868,0.017793594306049824,66,15.0,12.643638090297259,1.139423487544484
0.028927877366582113,0.050608308381591804,0.0111893425,False,False,False,False,0.0,0,0.0,0.0,144.0,252.42000000000002,0.20946196660482375,0.0,17,242.0,0.0,0.0
0.03133774346870226,0.044694643948079094,0.02040937,False,False,False,False,0.0,0,0.0,0.0,167.0,230.69,0.20946196660482375,0.0,40,104.0,0.0,0.0
0.05832424819676791,0.09504839496940848,0.028277218,False,False,False,False,0.0,0,0.0,0.0,9.0,47.550000000000004,0.20946196660482375,0.0,3,61.0,0.0,0.0
0.09104393308064285,0.16566822671671583,0.029987691,False,False,False,False,236.0,3,430.05333333333334,0.0,245.75,490.87,0.8463821892393321,0.010948905109489052,80,38.0,13.945618062957795,1.5695377128953771
0.05181946412847951,0.08540384043425353,0.024341337,False,False,False,False,0.0,0,0.0,0.0,114.0,165.94,0.20946196660482375,0.0,23,277.0,0.0,0.0
0.021337139838065997,0.028034550962903526,0.01585744,False,False,False,False,0.0,0,0.0,0.0,191.0,396.87,0.20946196660482375,0.0,24,171.0,0.0,0.0
0.15352280597275839,0.23073813507703378,0.09034663,False,False,False,False,39.0,1,307.8,0.0,102.5,307.8,0.7198515769944341,0.017241379310344827,23,19.0,8.314827937868806,5.306896551724138
0.2108807270902257,0.26331828814476965,0.16797726,False,False,False,False,11.0,1,295.0,0.0,1.0,295.0,0.6968460111317254,0.005555555555555556,1,169.0,0.0,1.6388888888888888
0.0750279756913396,0.12713769961944604,0.032392748,False,False,False,False,0.0,0,0.0,0.0,39.0,56.25,0.20946196660482375,0.0,4,278.0,0.0,0.0
0.1139676942817588,0.18978547291451459,0.051934965,False,False,False,False,232.0,3,132.55999999999997,0.0,168.0,343.26,0.5012987012987012,0.011152416356877323,34,37.0,19.953607810279934,0.49278810408921925
0.035286711174717114,0.057282006201855695,0.01729056,False,False,False,False,0.0,0,0.0,0.0,27.0,118.95000000000002,0.20946196660482375,0.0,8,213.0,0.0,0.0
0.20313964915128918,0.28003990941251583,0.14022125,False,False,False,False,44.0,1,658.85,0.0,278.0,658.85,0.9302411873840445,0.008695652173913044,48,71.0,6.161232369723243,5.729130434782609
0.013880394443870764,0.01024711266160272,0.01685308,False,False,False,False,0.0,0,0.0,0.0,162.0,229.26,0.20946196660482375,0.0,10,78.0,0.0,0.0
0.1864337352632176,0.2524934604694868,0.13238487,False,False,False,False,102.0,1,406.0,0.0,192.0,408.0,0.8285714285714286,0.006896551724137931,7,43.0,41.641325627314025,2.8
0.016652304402338378,0.012660166668333195,0.019918598,False,False,False,False,0.0,0,0.0,0.0,179.0,246.04,0.20946196660482375,0.0,15,151.0,0.0,0.0
0.1403189575642021,0.1170428209767676,0.15936306,False,False,False,False,0.0,0,0.0,0.0,488.0,611.94,0.20946196660482375,0.0,14,164.0,0.0,0.0
0.11004680401680807,0.1619204052421327,0.067604765,False,False,False,False,161.0,3,303.96,0.0,375.0,375.34999999999997,0.7090909090909091,0.016304347826086956,44,23.0,14.84144455979328,1.6519565217391303
0.060579328880983954,0.10281977158735939,0.026018966,False,False,False,False,0.0,0,0.0,0.0,38.0,161.0,0.20946196660482375,0.0,9,283.0,0.0,0.0
0.13265202501374534,0.2296845145017582,0.053261805,False,False,False,False,258.0,2,166.54999999999998,0.0,126.33333333333333,256.78,0.5465677179962894,0.0072992700729927005,30,16.0,33.230317828580965,0.6078467153284671
0.006772228814919392,0.008675730932663106,0.005214818,False,False,False,False,0.0,0,0.0,0.0,98.0,237.61,0.20946196660482375,0.0,12,80.0,0.0,0.0
0.031002429698417298,0.05618419894081511,0.010399164,False,False,False,False,0.0,0,0.0,0.0,20.0,89.0,0.20946196660482375,0.0,4,114.0,0.0,0.0
0.006516111966553842,0.0026708209025275154,0.009662259,False,False,False,False,0.0,0,0.0,0.0,114.0,309.54,0.20946196660482375,0.0,15,102.0,0.0,0.0
0.3347790801416287,0.4461674809214029,0.24364312,False,False,False,False,271.0,1,183.36,0.0,76.0,183.36,0.5673469387755102,0.0036363636363636364,9,4.0,95.45941546018392,0.6667636363636364
0.03612407734063584,0.057745169628931836,0.018434092,False,False,False,False,0.0,0,0.0,0.0,35.0,105.85,0.20946196660482375,0.0,13,221.0,0.0,0.0
0.04113563887767773,0.05017116649267367,0.033742934,False,False,False,False,0.0,0,0.0,0.0,106.0,138.14,0.20946196660482375,0.0,9,16.0,0.0,0.0
0.10761837484277828,0.14687939257174826,0.07549572,False,False,False,False,93.0,2,343.27,0.0,335.6666666666667,483.7,0.7666048237476809,0.015503875968992248,66,36.0,7.184272115029106,2.6610077519379844
0.06479650139076851,0.11504235903451493,0.023686254,False,False,False,False,83.0,1,291.0,0.0,183.5,416.69,0.6923933209647495,0.005263157894736842,40,107.0,13.130508612017138,1.5315789473684212
0.09974158820118072,0.15523405299375592,0.05433866,False,False,False,False,0.0,0,0.0,0.0,70.0,107.92,0.20946196660482375,0.0,41,281.0,0.0,0.0
0.013209611472087953,0.028511247372815685,0.00069009117,False,False,False,False,0.0,0,0.0,0.0,66.0,125.43,0.20946196660482375,0.0,7,114.0,0.0,0.0
0.0908866698606787,0.1556591289604103,0.03789102,False,False,False,False,0.0,0,0.0,0.0,20.0,48.800000000000004,0.20946196660482375,0.0,2,276.0,0.0,0.0
0.02664397533018971,0.024065008324154757,0.028754039,False,False,False,False,0.0,0,0.0,0.0,232.0,337.44,0.20946196660482375,0.0,14,43.0,0.0,0.0
0.19877392082646267,0.2727150261233201,0.13827665,False,False,False,False,163.0,2,500.25,0.0,524.6666666666666,532.8,0.8827458256029684,0.009708737864077669,23,43.0,29.161740596619158,2.4283980582524274
0.025524889901568246,0.02541670956609371,0.025613401,False,False,False,False,0.0,0,0.0,0.0,168.0,163.68,0.20946196660482375,0.0,11,52.0,0.0,0.0
0.020498485024950983,0.01973599754258898,0.021122338,False,False,False,False,0.0,0,0.0,0.0,188.0,426.6,0.20946196660482375,0.0,16,123.0,0.0,0.0
0.020193441817955796,0.03149960821380576,0.0109429415,False,False,False,False,0.0,0,0.0,0.0,34.0,172.9,0.20946196660482375,0.0,8,174.0,0.0,0.0
0.1229759326997437,0.17362261456980482,0.08153774,False,False,False,False,51.0,1,448.1,0.0,189.5,615.36,0.8564007421150278,0.009259259259259259,38,57.0,7.372097807744859,4.149074074074075
0.12376544806765344,0.1346938518110652,0.11482402,False,False,False,False,0.0,0,0.0,0.0,336.0,418.92,0.20946196660482375,0.0,7,271.0,0.0,0.0
0.3545226141068771,0.4261494972647195,0.2959188,False,False,False,False,27.0,1,816.0,0.0,420.0,1182.0,0.9565862708719851,0.006134969325153374,4,136.0,13.0,5.006134969325154
0.09508574997374086,0.1713386480452544,0.032697015,False,False,False,False,52.0,1,145.5,0.0,125.0,252.84,0.5176252319109462,0.0037313432835820895,53,216.0,7.005388761383137,0.542910447761194
0.00569501410238287,0.012426248451484379,0.00018764054,False,False,False,False,0.0,0,0.0,0.0,82.0,189.5,0.20946196660482375,0.0,10,86.0,0.0,0.0
0.1329726077596918,0.20206397274701138,0.07644331,False,False,False,False,206.0,2,182.635,0.0,82.33333333333333,195.48,0.5651205936920223,0.0091324200913242,144,13.0,12.56661073403251,0.8339497716894977
0.06001285235983193,0.10653936729722685,0.021945704,False,False,False,False,0.0,0,0.0,0.0,60.0,112.6,0.20946196660482375,0.0,5,275.0,0.0,0.0
0.8346980575108993,0.6326623235332675,1.0,True,False,False,False,23.0,1,829.4399999999999,0.0,600.0,829.4399999999999,0.9584415584415584,0.04,4,2.0,10.285912696499032,33.1776
0.014205619316541887,0.028341707661734106,0.0026397288,False,False,False,False,0.0,0,0.0,0.0,51.0,113.06,0.20946196660482375,0.0,7,86.0,0.0,0.0
0.11824898450535067,0.2070519458687201,0.045592014,False,False,False,False,268.0,5,419.73999999999995,0.0,267.6666666666667,625.1,0.8393320964749537,0.01824817518248175,58,6.0,11.520406416954208,1.531897810218978
0.07445194007481154,0.1250780703629612,0.03303056,False,False,False,False,94.0,1,421.24,0.0,253.0,609.74,0.8408163265306122,0.0064516129032258064,49,61.0,12.791779767867713,2.717677419354839
0.09238054863153625,0.14189724042545265,0.05186689,False,False,False,False,228.0,4,363.00750000000005,0.0,143.8,645.83,0.7910946196660482,0.016260162601626018,77,18.0,11.91638860814458,1.4756402439024392
0.02231166865756976,0.029669347738355778,0.016291749,False,False,False,False,0.0,0,0.0,0.0,159.0,178.41,0.20946196660482375,0.0,31,145.0,0.0,0.0
0.1006613141983408,0.15304324344124137,0.05780337,False,False,False,False,154.0,1,229.23000000000002,0.0,29.666666666666668,156.85,0.6285714285714286,0.004651162790697674,39,61.0,24.982098854137433,1.066186046511628
0.06481442961298606,0.07066013886317457,0.060031578,False,False,False,False,0.0,0,0.0,0.0,177.0,174.71,0.20946196660482375,0.0,11,3.0,0.0,0.0
0.09663015899384825,0.13488309079463412,0.0653323,False,False,False,False,49.0,1,307.5,0.0,71.0,315.66,0.7185528756957328,0.007874015748031496,32,78.0,8.355727485873494,2.421259842519685
0.172959560996984,0.18674774820428103,0.16167831,False,False,False,False,0.0,0,0.0,0.0,440.0,585.0,0.20946196660482375,0.0,5,228.0,0.0,0.0
0.055181378121559516,0.05491327824500908,0.055400733,False,False,False,False,0.0,0,0.0,0.0,319.0,611.85,0.20946196660482375,0.0,23,108.0,0.0,0.0
0.08125770724536303,0.1479968424300645,0.02665296,False,False,False,False,162.0,2,145.195,0.0,122.33333333333333,176.66,0.5172541743970316,0.007380073800738007,63,109.0,14.743482660084096,0.5357749077490774
0.12034492083281782,0.18705532535116998,0.06576368,False,False,False,False,168.0,1,94.39,0.0,42.5,183.25,0.45009276437847867,0.0055248618784530384,40,13.0,26.23719199728581,0.5214917127071823
0.255338092416013,0.2854178123330292,0.23072742,False,False,False,False,267.0,6,213.29666666666665,0.0,358.85714285714283,309.14,0.6063079777365492,0.022388059701492536,79,1.0,22.711925918938896,0.7958830845771144
0.03696523036320903,0.06666188309335924,0.012667969,False,False,False,False,0.0,0,0.0,0.0,72.0,56.4,0.20946196660482375,0.0,3,164.0,0.0,0.0
0.07776358130295408,0.14155725975211753,0.025568753,False,False,False,False,49.0,1,119.64,0.0,49.0,155.10000000000002,0.4790352504638219,0.010752688172043012,13,44.0,13.856406460551018,1.2864516129032257
0.06308620706204651,0.10842500676720401,0.025990825,False,False,False,False,85.0,1,187.14000000000001,0.0,148.5,187.14000000000001,0.5725417439703154,0.005747126436781609,43,89.0,12.962378478271393,1.0755172413793104
0.025174134019399056,0.04749895866051729,0.0069083683,False,False,False,False,0.0,0,0.0,0.0,36.5,79.8,0.20946196660482375,0.0,4,100.0,0.0,0.0
0.031849329970173174,0.0505590576582311,0.016541371,False,False,False,False,0.0,0,0.0,0.0,64.0,268.8,0.20946196660482375,0.0,8,226.0,0.0,0.0
0.017200720908592954,0.009516043883453507,0.023488183,False,False,False,False,0.0,0,0.0,0.0,190.0,311.3,0.20946196660482375,0.0,16,123.0,0.0,0.0
0.04895413612884709,0.07875488743875708,0.024571702,False,False,False,False,0.0,0,0.0,0.0,58.0,160.2,0.20946196660482375,0.0,32,228.0,0.0,0.0
0.08148169689937214,0.1287376049726932,0.04281777,False,False,False,False,0.0,0,0.0,0.0,190.0,489.6,0.20946196660482375,0.0,13,283.0,0.0,0.0
0.16189106404883413,0.24559282263346838,0.0934078,False,False,False,False,23.0,3,96.33333333333333,0.0,51.0,208.79999999999998,0.45120593692022265,0.015,26,177.0,3.7276513537862703,0.48166666666666663
0.12327032000555549,0.22153702098426892,0.04287029,False,False,False,False,210.0,4,113.5,0.0,72.0,187.98000000000002,0.47087198515769946,0.01486988847583643,19,59.0,27.18608107014633,0.42193308550185876
0.032476046139795225,0.04829392668781157,0.019534143,False,False,False,False,0.0,0,0.0,0.0,67.0,243.36,0.20946196660482375,0.0,16,225.0,0.0,0.0
0.10770284057836375,0.20387108229223538,0.029019734,False,False,False,False,201.0,2,184.735,0.0,70.66666666666667,247.33,0.5699443413729128,0.007067137809187279,100,82.0,19.212166920849985,0.652773851590106
0.16587217567412837,0.2580785595277677,0.09043059,False,False,False,False,64.0,1,15.0,0.0,11.0,80.5,0.4217068645640074,0.011627906976744186,8,22.0,23.811761799581316,0.1744186046511628
0.03563082168692908,0.05907738678310892,0.016447268,False,False,False,False,0.0,0,0.0,0.0,100.0,168.0,0.20946196660482375,0.0,10,267.0,0.0,0.0
0.10185988643059422,0.18270815877537572,0.0357113,False,False,False,False,122.0,5,179.556,0.0,145.66666666666666,298.99,0.5617810760667904,0.03205128205128205,64,34.0,6.553682856086053,1.151
0.27239728395145324,0.3508184115975253,0.20823453,False,False,False,False,61.0,5,40.7,0.0,28.166666666666668,116.0,0.4267161410018553,0.01773049645390071,12,221.0,8.092912831313463,0.1443262411347518
0.2755092931377866,0.3942960396051359,0.17832014,False,False,False,False,95.0,3,625.7166666666667,0.0,206.375,1761.26,0.9198515769944341,0.011152416356877323,51,174.0,7.590310814560431,2.326084262701363
0.1565164383062248,0.20931119296474032,0.11332073,False,False,False,False,212.0,3,311.6766666666667,0.0,428.25,753.26,0.7302411873840445,0.012295081967213115,74,32.0,14.35622624860839,1.277363387978142
0.05283217416333356,0.08933432824914539,0.022966774,False,False,False,False,0.0,0,0.0,0.0,46.0,164.70000000000002,0.20946196660482375,0.0,9,279.0,0.0,0.0
0.037500521128796524,0.06612404344351863,0.014081275,False,False,False,False,0.0,0,0.0,0.0,159.0,344.14,0.20946196660482375,0.0,29,242.0,0.0,0.0
0.03528898116299542,0.06218391263869144,0.013284037,False,False,False,False,0.0,0,0.0,0.0,145.0,286.95,0.20946196660482375,0.0,14,264.0,0.0,0.0
0.1340286153118518,0.1625797770775484,0.11066857,False,False,False,False,165.0,1,314.1,0.0,167.5,585.53,0.7354359925788497,0.0036900369003690036,51,106.0,22.742708045234398,1.1590405904059042
0.01787294362676759,0.024871358627359508,0.012146967,False,False,False,False,0.0,0,0.0,0.0,94.0,141.41,0.20946196660482375,0.0,21,176.0,0.0,0.0
0.07510917153085712,0.151693282521995,0.012449444,False,False,False,False,92.0,2,96.64500000000001,0.0,49.333333333333336,117.11,0.4515769944341373,0.010869565217391304,30,92.0,11.04261716892304,0.5252445652173914
0.10069932758857078,0.1725417493129056,0.041919164,False,False,False,False,0.0,0,0.0,0.0,8.0,79.6,0.20946196660482375,0.0,1,283.0,0.0,0.0
0.13981539843860835,0.1802759719862666,0.10671129,False,False,False,False,95.0,1,348.33000000000004,0.0,215.0,717.02,0.7725417439703154,0.004310344827586207,67,137.0,11.52044218922581,1.5014224137931036
0.12994272961374825,0.2081651561603879,0.06594256,False,False,False,False,113.0,1,455.97,0.0,169.5,455.97,0.8619666048237477,0.0036101083032490976,59,164.0,14.711346940833089,1.6461010830324911
0.01724086194686942,0.024699006962618397,0.011138743,False,False,False,False,0.0,0,0.0,0.0,149.0,311.55,0.20946196660482375,0.0,17,204.0,0.0,0.0
0.030368690300801002,0.022555736444214103,0.036761105,False,False,False,False,0.0,0,0.0,0.0,232.0,232.48000000000002,0.20946196660482375,0.0,15,146.0,0.0,0.0
0.14642888817100552,0.24343050492933122,0.06706393,False,False,False,False,98.0,1,679.88,0.0,176.66666666666666,679.88,0.937291280148423,0.0058823529411764705,25,72.0,13.200028058331583,3.9992941176470587
0.022732107141284392,0.030365249318476617,0.016486809,False,False,False,False,0.0,0,0.0,0.0,109.0,417.95,0.20946196660482375,0.0,24,162.0,0.0,0.0
0.3762176216221358,0.4449259308922082,0.32000172,False,False,False,False,234.0,3,913.9200000000001,0.0,423.0,1500.47,0.9669758812615955,0.011235955056179775,234,33.0,8.909349333573546,3.422921348314607
0.008059460141653006,0.011590082680503933,0.005170769,False,False,False,False,0.0,0,0.0,0.0,87.0,185.04999999999998,0.20946196660482375,0.0,10,150.0,0.0,0.0
0.5801709717022895,0.5144900360609688,0.6339099,True,False,False,False,0.0,0,0.0,0.0,1361.46111111111,2007.3999999999999,0.20946196660482375,0.0,27,47.0,0.0,0.0
0.10583998823814213,0.16904948904895384,0.054123122,False,False,False,False,119.0,1,349.25,0.0,122.0,498.16,0.7740259740259741,0.0037174721189591076,62,150.0,14.760133416115792,1.2983271375464684
0.010746266681586101,0.015636984130319387,0.0067447703,False,False,False,False,0.0,0,0.0,0.0,110.0,205.7,0.20946196660482375,0.0,11,137.0,0.0,0.0
0.15102992329708748,0.14481716958929014,0.15611309,False,False,False,False,0.0,0,0.0,0.0,303.0,905.5,0.20946196660482375,0.0,45,26.0,0.0,0.0
0.07015499243680189,0.11459220105947276,0.033797275,False,False,False,False,0.0,0,0.0,0.0,107.0,89.14,0.20946196660482375,0.0,7,281.0,0.0,0.0
0.1727965636272852,0.1865155196233203,0.16157196,False,False,False,False,195.0,1,235.85,0.0,215.5,450.78,0.6341372912801484,0.005,131,5.0,16.599502349795607,1.17925
0.05785194218423127,0.09511572810270519,0.02736339,False,False,False,False,0.0,0,0.0,0.0,2.0,46.95,0.20946196660482375,0.0,2,86.0,0.0,0.0
0.07307409938016257,0.13591985892010444,0.02165484,False,False,False,False,174.0,4,259.8125,0.0,96.11111111111111,424.41,0.6575139146567718,0.018604651162790697,75,41.0,9.472172299260377,1.2084302325581395
0.1090328189194966,0.13404452523937238,0.088568695,False,False,False,False,118.0,2,329.925,0.0,123.0,654.6,0.7543599257884972,0.014814814814814815,29,17.0,16.847768749242643,2.443888888888889
0.07027399911368508,0.1117863712793063,0.03630933,False,False,False,False,0.0,0,0.0,0.0,254.5,572.24,0.20946196660482375,0.0,57,122.0,0.0,0.0
0.013783034974116948,0.0224289683280805,0.0067090895,False,False,False,False,0.0,0,0.0,0.0,66.0,138.68,0.20946196660482375,0.0,10,174.0,0.0,0.0
0.11078351532070725,0.17291584323178594,0.059947975,False,False,False,False,6.0,1,10.5,0.0,157.5,296.52,0.4204081632653061,0.0045871559633027525,11,212.0,1.8973665961010278,0.0481651376146789
0.1727316429523876,0.27468769369484114,0.08931305,False,False,False,False,189.0,3,124.08,0.0,140.0,162.48,0.4883116883116883,0.014705882352941176,11,15.0,37.8277133519315,0.6082352941176471
0.05504644860774378,0.08053972102867452,0.034188315,False,False,False,False,0.0,0,0.0,0.0,216.0,436.18,0.20946196660482375,0.0,38,209.0,0.0,0.0
0.12545627781844457,0.19987718218115347,0.06456645,False,False,False,False,133.0,1,281.47,0.0,173.0,281.46999999999997,0.6834879406307978,0.003703703703703704,99,137.0,13.435028842544385,1.0424814814814816
0.24942240625055104,0.31210680271589025,0.19813517,False,False,False,False,113.0,2,663.415,0.0,255.33333333333334,969.99,0.9328385899814471,0.011695906432748537,173,58.0,6.584653934781871,3.8796198830409354
0.12423156914423691,0.16864183804085492,0.08789589,False,False,False,False,158.0,2,467.96500000000003,0.0,356.0,1012.82,0.8686456400742115,0.01015228426395939,66,39.0,12.123870474981068,2.3754568527918782
0.09497681819970202,0.10528136874955651,0.08654582,False,False,False,False,0.0,0,0.0,0.0,335.0,443.0,0.20946196660482375,0.0,19,2.0,0.0,0.0
0.10540380738738649,0.1916557765683305,0.034834012,False,False,False,False,136.0,3,169.20999999999998,0.0,89.5,262.15000000000003,0.549165120593692,0.010638297872340425,82,146.0,9.001017242706995,0.6000354609929077
0.0881739719930598,0.15373445947375758,0.03453357,False,False,False,False,234.0,3,251.28666666666666,0.0,82.75,309.89,0.6486085343228201,0.012345679012345678,35,9.0,20.10736246676771,1.0341015089163237
0.05977842783728063,0.09303088018847439,0.032571875,False,False,False,False,0.0,0,0.0,0.0,268.0,626.65,0.20946196660482375,0.0,38,194.0,0.0,0.0
0.08180798324357559,0.1278641388352511,0.044125672,False,False,False,False,111.0,3,172.66333333333333,0.0,77.5,181.3,0.5525046382189239,0.02,31,39.0,11.043078367553711,1.1510888888888888
0.10043647579281863,0.1678115433990809,0.04531142,False,False,False,False,2.0,1,150.84,0.0,68.5,150.84,0.5261595547309833,0.011235955056179775,49,87.0,0.2857142857142858,1.6948314606741572
0.10674219945387467,0.1869509616232895,0.04111685,False,False,False,False,103.0,1,510.87,0.0,208.5,727.6,0.8864564007421151,0.005235602094240838,56,88.0,13.510230042063446,2.674712041884817
0.05781172824483369,0.0783409272097052,0.04101511,False,False,False,False,0.0,0,0.0,0.0,208.0,337.74,0.20946196660482375,0.0,21,1.0,0.0,0.0
0.1401191511732178,0.20545917450980722,0.08665913,False,False,False,False,32.0,2,62.160000000000004,0.0,64.0,130.8,0.43376623376623374,0.013793103448275862,6,113.0,10.064080399406308,0.4286896551724138
0.13814426875495894,0.20930371166123246,0.07992291,False,False,False,False,27.0,1,121.25,0.0,43.5,121.25,0.4816326530612245,0.023255813953488372,13,16.0,7.505553499465136,2.8197674418604652
0.06668912504053295,0.11510904415197243,0.027072826,False,False,False,False,119.0,1,356.99,0.0,190.5,356.99,0.7821892393320965,0.005405405405405406,28,66.0,21.912049904892115,1.9296756756756757
0.16738487744401415,0.2698510546170014,0.08354891,False,False,False,False,229.0,1,204.54000000000002,0.0,118.5,318.14,0.5944341372912801,0.0035335689045936395,20,54.0,50.9823498869952,0.7227561837455831
0.15234482033707064,0.2511905573839912,0.071471035,False,False,False,False,270.0,5,132.566,0.0,56.833333333333336,292.85,0.501669758812616,0.017985611510791366,87,8.0,14.228066199393238,0.4768561151079137
0.09442671285036398,0.17059711302790803,0.032105476,False,False,False,False,55.0,1,293.58,0.0,81.0,263.58,0.6957328385899815,0.004545454545454545,28,165.0,10.205040771249138,1.3344545454545453
0.15766081881260402,0.1410261938248636,0.17127097,False,False,False,False,0.0,0,0.0,0.0,504.0,534.24,0.20946196660482375,0.0,1,129.0,0.0,0.0
0.10600250575943593,0.14757407184008764,0.0719894,False,False,False,False,194.0,2,357.21,0.0,257.3333333333333,691.36,0.7825602968460111,0.009389671361502348,24,19.0,26.046895867141743,1.6770422535211267
0.1380218595351721,0.21982534728358077,0.071091734,False,False,False,False,18.0,1,135.9,0.0,21.0,87.75,0.5050092764378479,0.004291845493562232,5,215.0,6.80336051416609,0.5832618025751073
0.05173008610176614,0.08363785430496645,0.02562373,False,False,False,False,0.0,0,0.0,0.0,12.0,39.239999999999995,0.20946196660482375,0.0,9,66.0,0.0,0.0
0.09340624158400229,0.12961443143460333,0.06378136,False,False,False,False,0.0,0,0.0,0.0,422.0,535.34,0.20946196660482375,0.0,37,159.0,0.0,0.0
0.43050772950870614,0.49883460569873606,0.37460393,False,False,False,False,281.0,2,102.36000000000001,0.0,40.333333333333336,295.0,0.4541743970315399,0.0070921985815602835,5,1.0,117.82755761422425,0.36297872340425535
0.12953287293806653,0.16538197641670666,0.100201786,False,False,False,False,0.0,0,0.0,0.0,251.0,371.56,0.20946196660482375,0.0,76,23.0,0.0,0.0
0.04003732766146187,0.06922236174200913,0.016158663,False,False,False,False,0.0,0,0.0,0.0,58.0,97.5,0.20946196660482375,0.0,7,244.0,0.0,0.0
0.11134623878139759,0.14438448996319825,0.08431494,False,False,False,False,65.0,1,78.21000000000001,0.0,152.5,387.46999999999997,0.4411873840445269,0.010101010101010102,25,34.0,12.8,0.79
0.10910949135734865,0.1871034674051565,0.045296237,False,False,False,False,0.0,0,0.0,0.0,12.0,35.400000000000006,0.20946196660482375,0.0,1,282.0,0.0,0.0
0.10579305885609597,0.14013009763153855,0.07769912,False,False,False,False,173.0,1,216.95,0.0,245.0,216.95,0.6122448979591837,0.004048582995951417,49,74.0,24.826061575153904,0.8783400809716598
0.0643027621827863,0.1011170801900807,0.034181956,False,False,False,False,0.0,0,0.0,0.0,148.0,155.35,0.20946196660482375,0.0,11,282.0,0.0,0.0
0.17851156321275818,0.24080706033681476,0.12754251,False,False,False,False,99.0,1,535.85,0.0,379.0,1169.95,0.8949907235621521,0.006134969325153374,75,64.0,10.999999999999995,3.2874233128834356
0.08168315786793212,0.1404790764864811,0.033577405,False,False,False,False,108.0,1,311.86,0.0,147.5,311.86,0.7309833024118738,0.004366812227074236,30,121.0,19.21776731686492,1.3618340611353712
0.030619012253449724,0.04767099616034465,0.016667388,False,False,False,False,0.0,0,0.0,0.0,175.0,229.46999999999997,0.20946196660482375,0.0,14,233.0,0.0,0.0
0.15204726482892245,0.21891270965258747,0.09733917,False,False,False,False,10.0,1,147.9,0.0,67.0,147.9,0.5209647495361781,0.0035971223021582736,18,268.0,2.357022603955159,0.5320143884892087
0.23015620071321263,0.2751428277101679,0.19334896,False,False,False,False,0.0,0,0.0,0.0,651.0,1089.18,0.20946196660482375,0.0,63,40.0,0.0,0.0
0.14578930061907544,0.24761952783997354,0.062473662,False,False,False,False,56.0,3,117.89666666666666,0.0,104.5,179.64000000000001,0.47680890538033394,0.010752688172043012,52,223.0,5.388098613845126,0.422568697729988
0.437217136449157,0.6142091866478628,0.29240546,False,False,False,False,249.0,19,38.965555555555554,0.0,15.064516129032258,396.84999999999997,0.42597402597402595,0.09574468085106383,195,33.0,3.638462097450768,0.13817572892040977
0.029978607684138053,0.04516620788256909,0.017552389,False,False,False,False,0.0,0,0.0,0.0,25.0,110.23,0.20946196660482375,0.0,13,53.0,0.0,0.0
0.01940585359623593,0.012841623352425224,0.024776587,False,False,False,False,0.0,0,0.0,0.0,219.0,314.45,0.20946196660482375,0.0,19,146.0,0.0,0.0
0.10551380988317698,0.20153867221779226,0.026948012,False,False,False,False,92.0,2,87.925,0.0,46.666666666666664,153.75,0.44823747680890536,0.015151515151515152,13,40.0,20.445048300260872,0.6660984848484848
0.090696298707839,0.1672624407638359,0.028051272,False,False,False,False,49.0,1,192.5,0.0,86.5,192.5,0.5792207792207792,0.004878048780487805,9,156.0,14.774055884310421,0.9390243902439024
0.08759142405310746,0.12628010045642052,0.05593705,False,False,False,False,31.0,1,266.1,0.0,182.5,275.93,0.6671614100185529,0.007692307692307693,32,99.0,5.144957554275263,2.0469230769230773
0.03419637939815193,0.04512761572410595,0.02525264,False,False,False,False,0.0,0,0.0,0.0,48.0,393.95,0.20946196660482375,0.0,5,121.0,0.0,0.0
0.07833230685575296,0.14431108418732858,0.02434967,False,False,False,False,137.0,1,156.48,0.0,45.0,156.48,0.5346938775510204,0.004273504273504274,28,97.0,23.84863886593061,0.6687179487179487
0.10953018656354249,0.1868544276882344,0.046264898,False,False,False,False,53.0,1,157.4,0.0,162.0,301.12,0.5354359925788498,0.0035842293906810036,26,226.0,10.600000000000001,0.5641577060931899
0.01602928090329179,0.022337341090268747,0.0108681405,False,False,False,False,0.0,0,0.0,0.0,91.0,173.05,0.20946196660482375,0.0,12,206.0,0.0,0.0
0.04157430979017548,0.0726524020765475,0.016146779,False,False,False,False,0.0,0,0.0,0.0,118.0,254.03,0.20946196660482375,0.0,13,275.0,0.0,0.0
0.05455099169192571,0.08291532869201806,0.031343807,False,False,False,False,0.0,0,0.0,0.0,197.0,492.65000000000003,0.20946196660482375,0.0,29,241.0,0.0,0.0
0.06479461013270435,0.11096538534855438,0.027018521,False,False,False,False,0.0,0,0.0,0.0,10.0,31.770000000000003,0.20946196660482375,0.0,3,163.0,0.0,0.0
0.022848627237050504,0.04134040985133641,0.007718987,False,False,False,False,0.0,0,0.0,0.0,36.0,101.8,0.20946196660482375,0.0,5,151.0,0.0,0.0
0.2797256857680187,0.3091906177836226,0.255618,False,False,False,False,0.0,0,0.0,0.0,680.0,1308.48,0.20946196660482375,0.0,17,226.0,0.0,0.0
0.04607209439813427,0.05356799950730651,0.03993908,False,False,False,False,0.0,0,0.0,0.0,291.0,501.14,0.20946196660482375,0.0,30,48.0,0.0,0.0
0.08314900714747459,0.1320295379358828,0.043155845,False,False,False,False,54.0,1,160.66,0.0,267.0,372.64,0.5402597402597402,0.005649717514124294,40,123.0,8.380035799446201,0.907683615819209
0.029088722200997386,0.041773643414858785,0.01871015,False,False,False,False,0.0,0,0.0,0.0,165.0,462.95,0.20946196660482375,0.0,23,198.0,0.0,0.0
0.17537185024184732,0.2704481249818702,0.09758217,False,False,False,False,276.0,2,141.84,0.0,58.333333333333336,217.26,0.511317254174397,0.0071174377224199285,111,5.0,21.539887501688526,0.5047686832740214
0.03445235477976896,0.05447746619235361,0.018068172,False,False,False,False,0.0,0,0.0,0.0,53.0,140.35,0.20946196660482375,0.0,23,209.0,0.0,0.0
0.02096480794499618,0.028835069642029476,0.014525503,False,False,False,False,0.0,0,0.0,0.0,124.0,99.84,0.20946196660482375,0.0,20,117.0,0.0,0.0
0.02263702901891679,0.033438544779835155,0.013799425,False,False,False,False,0.0,0,0.0,0.0,96.0,135.09,0.20946196660482375,0.0,28,166.0,0.0,0.0
0.1738905829033373,0.29398173024060953,0.07563419,False,False,False,False,209.0,2,40.505,0.0,5.4,64.99000000000001,0.42634508348794065,0.00847457627118644,25,27.0,33.79704129062186,0.1716313559322034
0.02883824577918299,0.052552867109370405,0.009435373,False,False,False,False,0.0,0,0.0,0.0,21.0,93.75,0.20946196660482375,0.0,5,127.0,0.0,0.0
0.0077292262138839605,0.01597734300731035,0.000980767,False,False,False,False,0.0,0,0.0,0.0,102.0,161.46,0.20946196660482375,0.0,8,86.0,0.0,0.0
0.07171272304476911,0.12396330230372071,0.028962249,False,False,False,False,0.0,0,0.0,0.0,60.0,63.0,0.20946196660482375,0.0,5,275.0,0.0,0.0
0.015554882906768618,0.013253474286074762,0.017437853,False,False,False,False,0.0,0,0.0,0.0,135.0,353.43,0.20946196660482375,0.0,19,87.0,0.0,0.0
0.03873969466326274,0.04011028013489065,0.037618306,False,False,False,False,0.0,0,0.0,0.0,191.0,278.74,0.20946196660482375,0.0,20,15.0,0.0,0.0
0.13203755743943757,0.21031704992371808,0.0679907,False,False,False,False,0.0,0,0.0,0.0,128.0,237.0,0.20946196660482375,0.0,74,283.0,0.0,0.0
0.08822562786846633,0.1565728183236227,0.0323052,False,False,False,False,107.0,2,182.85,0.0,48.333333333333336,451.03,0.5662337662337662,0.008771929824561403,23,121.0,13.074075554810873,0.8019736842105263
0.5347723462919757,0.5766919804370767,0.50047445,True,False,False,False,33.0,1,1267.5,0.0,76.0,1267.5,0.9833024118738405,0.005025125628140704,2,166.0,22.627416997969522,6.369346733668341
0.1583848224101621,0.26235971208372777,0.07331446,False,False,False,False,168.0,4,53.94,0.0,51.6,74.16,0.4307977736549165,0.020618556701030927,9,26.0,20.841864919755462,0.27804123711340206
0.014341867949261428,0.026472163699995943,0.0044170804,False,False,False,False,0.0,0,0.0,0.0,89.0,90.75,0.20946196660482375,0.0,9,101.0,0.0,0.0
0.07639970730121778,0.13930048601220818,0.024935434,False,False,False,False,146.0,3,313.61,0.0,157.4,351.97,0.733951762523191,0.019867549668874173,52,5.0,10.294947915846448,2.076887417218543
0.2422558426107078,0.3700501685330402,0.13769685,False,False,False,False,176.0,2,109.5,0.0,30.0,183.6,0.4619666048237477,0.010810810810810811,3,9.0,56.61448577881813,0.5918918918918918
0.110440540660012,0.09171360808078499,0.12576257,False,False,False,False,0.0,0,0.0,0.0,288.0,207.35999999999999,0.20946196660482375,0.0,1,9.0,0.0,0.0
0.0680140723916827,0.04683062878647076,0.085345976,False,False,False,False,0.0,0,0.0,0.0,341.0,300.52,0.20946196660482375,0.0,21,173.0,0.0,0.0
0.10722164815945819,0.1409801676600817,0.07960104,False,False,False,False,0.0,0,0.0,0.0,232.5,925.88,0.20946196660482375,0.0,52,149.0,0.0,0.0
0.06233491506225916,0.12575829276987915,0.010443061,False,False,False,False,130.0,2,223.28000000000003,0.0,62.333333333333336,327.85,0.6192949907235622,0.0106951871657754,17,57.0,19.43266763541669,1.1940106951871658
0.1030987097027136,0.17427387048850085,0.044864487,False,False,False,False,102.0,1,480.27,0.0,227.0,480.27,0.8727272727272727,0.0040650406504065045,58,144.0,13.039043932231637,1.9523170731707316
0.025575937083748404,0.0412871250568439,0.012721328,False,False,False,False,0.0,0,0.0,0.0,73.0,178.95000000000002,0.20946196660482375,0.0,10,233.0,0.0,0.0
0.2869207465295325,0.34069618773555976,0.24292266,False,False,False,False,211.0,3,812.6266666666667,0.0,386.75,1561.0900000000001,0.9562152133580705,0.013157894736842105,129,17.0,10.844081283519277,3.564152046783626
0.03122677648381111,0.054037504600500996,0.012563453,False,False,False,False,0.0,0,0.0,0.0,16.0,157.2,0.20946196660482375,0.0,3,143.0,0.0,0.0
0.07525794379530151,0.11665233274560943,0.041389808,False,False,False,False,121.0,1,111.16000000000001,0.0,123.5,291.3,0.4634508348794063,0.006060606060606061,63,44.0,15.244567078038838,0.6736969696969698
0.0104027036158182,0.01901554374227099,0.0033558344,False,False,False,False,0.0,0,0.0,0.0,99.0,197.22,0.20946196660482375,0.0,11,66.0,0.0,0.0
0.07455852072651853,0.06758550397148111,0.08026371,False,False,False,False,0.0,0,0.0,0.0,204.0,111.0,0.20946196660482375,0.0,8,10.0,0.0,0.0
0.020946018302744833,0.02076976394058644,0.021090226,False,False,False,False,0.0,0,0.0,0.0,209.0,257.23,0.20946196660482375,0.0,19,162.0,0.0,0.0
0.11891153817556299,0.1670477868270432,0.07952733,False,False,False,False,108.0,2,334.08000000000004,0.0,172.33333333333334,397.12,0.7573283858998144,0.014814814814814815,133,27.0,5.885076798731557,2.474666666666667
0.023517471819138627,0.04499692591310894,0.005943373,False,False,False,False,0.0,0,0.0,0.0,72.0,136.8,0.20946196660482375,0.0,2,162.0,0.0,0.0
0.11743587519167846,0.13917344070008475,0.09965059,False,False,False,False,70.0,2,309.15000000000003,0.0,36.833333333333336,371.29,0.7235621521335807,0.012121212121212121,37,95.0,7.253839108925825,1.8736363636363638
0.03509196183470835,0.05421943364072618,0.019442212,False,False,False,False,0.0,0,0.0,0.0,208.0,381.32,0.20946196660482375,0.0,23,218.0,0.0,0.0
0.06279507015501443,0.10464639954776639,0.028553074,False,False,False,False,117.0,1,115.49000000000001,0.0,76.5,270.15,0.47346938775510206,0.005847953216374269,51,54.0,15.231546211727817,0.6753801169590644
0.16552359322827423,0.2602349737202981,0.08803246,False,False,False,False,261.0,3,71.28666666666668,0.0,22.2,214.32,0.437847866419295,0.01079136690647482,37,17.0,26.01349177611428,0.25642685851318947
0.08589992884012203,0.053775977497015626,0.11218316,False,False,False,False,0.0,0,0.0,0.0,352.0,228.84,0.20946196660482375,0.0,10,156.0,0.0,0.0
0.09606205569782128,0.15572608945719113,0.047246028,False,False,False,False,49.0,2,67.8,0.0,114.0,320.28000000000003,0.43673469387755104,0.012903225806451613,25,106.0,7.792172272091315,0.43741935483870964
0.08142730204411625,0.11145865714435838,0.05685619,False,False,False,False,76.0,1,301.78,0.0,258.0,345.92,0.7053803339517625,0.005847953216374269,30,95.0,12.16973968918663,1.7647953216374268
0.2454313761489155,0.3179342827303679,0.18611081,False,False,False,False,127.0,1,492.94,0.0,736.5,834.22,0.8797773654916512,0.004975124378109453,90,74.0,13.281566172707183,2.452437810945274
0.11271802372770709,0.18443176397652983,0.054043144,False,False,False,False,268.0,2,374.85,0.0,211.33333333333334,459.18,0.8025974025974026,0.007194244604316547,57,10.0,22.012569321587982,1.3483812949640288
0.06931751731591426,0.13161149181827358,0.01834972,False,False,False,False,85.0,1,115.21,0.0,65.33333333333333,126.78999999999999,0.47309833024118736,0.005649717514124294,61,92.0,9.899494936611669,0.6509039548022598
0.025755757038090247,0.029825244389846628,0.022426177,False,False,False,False,0.0,0,0.0,0.0,246.0,375.0,0.20946196660482375,0.0,22,43.0,0.0,0.0
0.21734791035806364,0.323766713569677,0.13027798,False,False,False,False,205.0,1,112.1,0.0,67.0,112.10000000000001,0.4675324675324675,0.0045045045045045045,12,17.0,58.88972745734183,0.5049549549549549
0.028057402846884894,0.04517645142458582,0.014050908,False,False,False,False,0.0,0,0.0,0.0,106.0,267.18,0.20946196660482375,0.0,34,174.0,0.0,0.0
0.16377685458261615,0.255423301144857,0.0887934,False,False,False,False,32.0,1,86.0,0.0,60.0,107.64,0.4463821892393321,0.029411764705882353,10,2.0,10.333333333333334,2.5294117647058822
0.04396323137334499,0.07574057049997457,0.01796359,False,False,False,False,0.0,0,0.0,0.0,77.0,198.86,0.20946196660482375,0.0,44,172.0,0.0,0.0
0.8858234467025322,0.7462742995146738,1.0,True,False,False,False,223.0,1,1752.254799999996,0.0,184.16666666666666,1960.7999999999997,0.9981447124304267,0.0035587188612099642,18,58.0,54.08544438310225,15.673665480427047
0.3644997903787991,0.45920957659878126,0.28700995,False,False,False,False,0.0,0,0.0,0.0,748.0,1608.66,0.20946196660482375,0.0,70,240.0,0.0,0.0
0.10953268514337913,0.19673484715626804,0.038185462,False,False,False,False,269.0,6,398.14166666666665,0.0,249.11111111111111,534.34,0.8237476808905381,0.02127659574468085,67,13.0,11.777664372704095,1.4118498817966902
0.2180058133833152,0.24310148363478584,0.19747299,False,False,False,False,22.0,2,393.555,0.0,170.5,377.61,0.8200371057513914,0.022988505747126436,52,65.0,1.7665307416062903,4.523620689655172
0.8233193028318124,0.6304859824417338,0.98109204,True,False,False,False,241.0,19,199.44782608695652,0.0,94.58333333333333,1200.1,0.5896103896103896,0.09465020576131687,244,2.0,2.5524776443069133,0.8207729468599034
0.15575325876128132,0.24125165441856244,0.08580002,False,False,False,False,106.0,4,265.05,0.0,177.6,452.52,0.6641929499072357,0.014184397163120567,39,176.0,7.528190671526746,0.9398936170212766
0.34466790879256126,0.4583952432316011,0.25161827,False,False,False,False,172.0,4,794.9449999999999,0.0,656.6,2114.71,0.9539888682745825,0.020942408376963352,153,19.0,7.531849165304767,4.162015706806282
0.5646939304877587,0.8666905821273212,0.31760576,True,False,False,False,228.0,5,1752.254799999996,0.0,1361.46111111111,3685.0121999999938,0.9970315398886828,0.017793594306049824,424,53.0,3.899262793514857,11.746149466192172
0.16675846990780177,0.2750026841259917,0.07819502,False,False,False,False,159.0,4,265.5325,0.0,131.5,426.51,0.6656771799628942,0.014545454545454545,216,116.0,5.927494077847848,0.9655727272727274
0.20155435125810597,0.30408010043000056,0.11766965,False,False,False,False,158.0,1,883.41,0.0,313.0,883.41,0.9625231910946197,0.0041841004184100415,58,81.0,20.74641639183617,3.696276150627615
0.07497493509003791,0.1251564952190115,0.033917293,False,False,False,False,0.0,0,0.0,0.0,2.0,2.9,0.20946196660482375,0.0,2,115.0,0.0,0.0
0.1671843367123526,0.25240506282645725,0.09745829,False,False,False,False,52.0,2,549.135,0.0,176.25,783.67,0.900556586270872,0.012578616352201259,80,107.0,5.152447429604272,3.453679245283019
0.06332749470816498,0.056527711611024656,0.06889095,False,False,False,False,0.0,0,0.0,0.0,122.0,498.48,0.20946196660482375,0.0,13,15.0,0.0,0.0
0.1951298822474119,0.29821638365843495,0.11078638,False,False,False,False,216.0,8,519.57375,0.0,216.66666666666666,633.07,0.889795918367347,0.03669724770642202,120,2.0,5.006605297666762,2.3833658256880734
0.18151550288182788,0.21634647239540006,0.15301743,False,False,False,False,156.0,3,435.8066666666667,0.0,412.0,491.0,0.849721706864564,0.01818181818181818,101,9.0,11.861020180974547,2.641252525252525
0.17606359089043255,0.24239825130892056,0.121789776,False,False,False,False,77.0,1,514.06,0.0,426.5,661.6899999999999,0.8886827458256029,0.009900990099009901,60,24.0,9.701088140570175,5.089702970297029
0.6329593657409713,0.511583950553904,0.7322665,True,False,False,False,0.0,0,0.0,0.0,1340.0,1700.4,0.20946196660482375,0.0,53,165.0,0.0,0.0
0.42263894438301697,0.5123246855107761,0.3492597,False,False,False,False,258.0,19,166.5078947368421,0.0,90.0,353.7,0.5461966604823748,0.0673758865248227,190,24.0,3.038758588189694,0.5904535274356103
0.12599742014831528,0.16776568303784234,0.091823384,False,False,False,False,184.0,1,361.46,0.0,103.5,328.37,0.7896103896103897,0.005376344086021506,64,2.0,20.720669724846097,1.9433333333333331
0.7555868385245701,0.7212659513531572,0.78366756,True,False,False,False,273.0,16,1076.598125,0.0,952.125,2567.6400000000003,0.9777365491651205,0.05673758865248227,40,9.0,7.2558892171440315,3.8177238475177306
0.09612413664560066,0.1531749007856525,0.049446236,False,False,False,False,177.0,4,305.425,0.0,239.8,339.2,0.7128014842300556,0.01486988847583643,62,92.0,11.16032461572939,1.1354089219330856
0.6651783233628821,0.8543219711485065,0.51042444,True,False,False,False,270.0,15,1752.254799999996,0.0,1165.2631578947369,3685.0121999999938,0.9948051948051948,0.05338078291814947,19,11.0,9.139411990966165,9.910301304863582
0.16047015761454386,0.27060366284228,0.07036092,False,False,False,False,274.0,9,310.0988888888889,0.0,89.6,330.52,0.725417439703154,0.03260869565217391,68,2.0,8.119012707647318,1.1235466988727858
0.056233262850546105,0.07442235578807033,0.041351277,False,False,False,False,0.0,0,0.0,0.0,199.0,160.15,0.20946196660482375,0.0,36,207.0,0.0,0.0
0.2514669348312696,0.3960468481013686,0.13317427,False,False,False,False,245.0,9,557.2511111111112,0.0,328.8666666666667,829.85,0.9046382189239333,0.03272727272727273,240,30.0,4.379357460139249,2.026367676767677
0.08839861735820513,0.15700344129005495,0.032267395,False,False,False,False,135.0,2,277.99,0.0,85.33333333333333,337.43,0.6786641929499072,0.0071174377224199285,44,146.0,15.368112957582321,0.9892882562277581
0.30424465065398293,0.3786309521551149,0.24338314,False,False,False,False,66.0,2,542.01,0.0,204.4,928.08,0.8994434137291281,0.02666666666666667,8,9.0,16.242947187420555,7.2268
0.4137382623941029,0.5646883044839622,0.29023367,False,False,False,False,159.0,2,1108.33,0.0,715.0,1989.73,0.9799628942486085,0.00881057268722467,211,68.0,7.485265011469089,4.882511013215859
0.10144786762824455,0.20594538795464123,0.015949896,False,False,False,False,194.0,6,171.88,0.0,93.0,289.25,0.55139146567718,0.022222222222222223,63,76.0,11.24217466632101,0.6365925925925926
0.6506946393042067,0.643795995400848,0.656339,True,False,False,False,83.0,1,1752.254799999996,0.0,360.0,1866.43,0.9914656771799629,0.008130081300813009,113,40.0,7.276323377212154,15.41569105691057
0.6745317198547064,0.6016009202074869,0.7342024,True,False,False,False,260.0,5,1729.726,0.0,392.6,2489.11,0.989239332096475,0.018656716417910446,88,8.0,9.06265563988349,6.4542014925373135
0.11291944932560151,0.1890455258471,0.050634477,False,False,False,False,84.0,2,137.65,0.0,123.0,195.67000000000002,0.5072356215213358,0.021739130434782608,87,8.0,6.174481646461057,1.496195652173913
0.0548095470354836,0.09730857694830736,0.020037614,False,False,False,False,0.0,0,0.0,0.0,172.0,365.8,0.20946196660482375,0.0,16,275.0,0.0,0.0
0.6841996438371611,0.7195720025935599,0.6552586,True,False,False,False,0.0,0,0.0,0.0,1361.46111111111,3147.64,0.20946196660482375,0.0,165,24.0,0.0,0.0
0.663844121162699,0.733190802875727,0.6071059,True,False,False,False,270.0,19,762.4861111111111,0.0,707.8461538461538,2353.0,0.9491651205936921,0.12903225806451613,68,9.0,2.6014071068727165,2.7329251294305057
0.14960303182405588,0.20887518149840295,0.101107635,False,False,False,False,153.0,3,106.32000000000001,0.0,34.5,463.63,0.4582560296846011,0.015789473684210527,27,37.0,18.14013213676774,0.5595789473684211
0.17570105767080513,0.22678992429992284,0.13390107,False,False,False,False,88.0,1,534.7,0.0,337.0,1083.58,0.8946196660482375,0.00909090909090909,63,22.0,10.229792209456098,4.860909090909091
0.1126162013786907,0.19697174322337463,0.04359803,False,False,False,False,53.0,2,117.725,0.0,67.66666666666667,206.2,0.47569573283858996,0.02531645569620253,12,26.0,9.523404753303206,1.4901898734177215
0.1803965103940078,0.2700075716477651,0.107078366,False,False,False,False,48.0,1,593.25,0.0,412.5,871.6,0.911317254174397,0.006369426751592357,65,109.0,5.658135095031147,3.7786624203821657
0.1414503558839852,0.2242256351898101,0.07372513,False,False,False,False,261.0,6,387.72333333333336,0.0,241.42857142857142,740.52,0.812987012987013,0.02214022140221402,163,10.0,8.468145890516658,1.4307134071340715
0.1409625001365422,0.2544333786025045,0.04812269,False,False,False,False,249.0,8,167.6,0.0,70.66666666666667,310.45,0.548051948051948,0.02909090909090909,106,26.0,9.891795494169159,0.6094545454545455
0.16524782317634798,0.2588038706725698,0.08870196,False,False,False,False,112.0,6,351.3233333333333,0.0,198.28571428571428,417.94,0.776252319109462,0.046153846153846156,71,18.0,4.382566081291347,2.7024871794871794
0.6035847581932274,0.47256183127768114,0.7107853,True,False,False,False,11.0,1,491.39,0.0,180.0,491.39,0.8786641929499073,0.019230769230769232,220,41.0,0.7115308500884694,9.449807692307692
0.16221271990156066,0.2198065605078779,0.11509048,False,False,False,False,0.0,0,0.0,0.0,509.0,1069.47,0.20946196660482375,0.0,53,116.0,0.0,0.0
0.14364162638660677,0.18698708447872286,0.108177155,False,False,False,False,169.0,2,548.365,0.0,171.0,671.0,0.9001855287569573,0.010638297872340425,109,19.0,12.444243265572878,2.9168351063829787
0.3203265934694271,0.4133418797361543,0.24422318,False,False,False,False,15.0,1,498.48,0.0,119.0,498.48,0.8820037105751392,0.024390243902439025,13,26.0,2.8577380332470406,12.158048780487805
0.25806639424259586,0.38151327286153197,0.1570644,False,False,False,False,250.0,10,481.70799999999997,0.0,363.90909090909093,768.38,0.8753246753246753,0.03546099290780142,200,32.0,5.021389925856293,1.7081843971631205
0.2389138115633828,0.33380125919741666,0.16127862,False,False,False,False,219.0,1,752.6700000000001,0.0,202.0,752.6700000000001,0.9465677179962895,0.0044444444444444444,44,6.0,32.28978839792245,3.3452
0.25832668276700166,0.3728607701388285,0.16461697,False,False,False,False,275.0,13,247.41923076923075,0.0,181.41176470588235,498.32,0.6441558441558441,0.04659498207885305,164,4.0,5.473231981729286,0.8868072787427626
0.13691594798400444,0.22961945940023093,0.06106762,False,False,False,False,15.0,2,128.355,0.0,34.0,130.26,0.49536178107606677,0.0273972602739726,23,58.0,1.848877165793755,1.7582876712328765
0.05883330897874646,0.1078646992122026,0.018716717,False,False,False,False,112.0,2,310.19,0.0,122.0,445.44,0.7257884972170686,0.0106951871657754,60,75.0,8.935912170326521,1.6587700534759358
0.33114657424514604,0.39338894735056185,0.280221,False,False,False,False,273.0,3,511.23333333333335,0.0,669.5,939.96,0.8871985157699444,0.010830324909747292,32,4.0,29.6371363070869,1.8456077015643804
0.14867820201654813,0.21159822705365072,0.09719818,False,False,False,False,6.0,2,199.0,0.0,132.33333333333334,669.25,0.5892393320964749,0.013422818791946308,23,143.0,0.816496580927726,1.3355704697986577
0.1279457648733358,0.2304233837214003,0.04410044,False,False,False,False,281.0,5,392.994,0.0,231.5,458.94,0.8192949907235622,0.01773049645390071,93,1.0,11.685214594137056,1.3935957446808511
0.16612345487004693,0.30405057271600155,0.053273994,False,False,False,False,256.0,11,288.4536363636364,0.0,143.58333333333334,526.22,0.6901669758812616,0.040892193308550186,51,13.0,7.6483626531671955,1.0723183507941874
0.2559713941246523,0.3744662131270332,0.15902108,False,False,False,False,42.0,1,768.83,0.0,363.5,812.7,0.950278293135436,0.005076142131979695,92,155.0,4.274545488170037,3.9026903553299492
0.16406964298257914,0.29099675044240086,0.06022019,False,False,False,False,270.0,7,154.90857142857143,0.0,112.75,222.31,0.5317254174397031,0.024734982332155476,170,13.0,7.72431971520866,0.5473801110550227
0.24024041562902473,0.32319921188062084,0.17236504,False,False,False,False,104.0,4,507.37,0.0,298.4,600.03,0.8846011131725418,0.037037037037037035,130,4.0,4.351857969170076,4.697870370370371
0.62796201795335,0.8269917852347732,0.46511945,True,False,False,False,194.0,5,1752.254799999996,0.0,1010.5714285714286,3685.0121999999938,0.9974025974025974,0.021551724137931036,232,38.0,7.929555652596448,15.485327586206896
0.18733936599683165,0.2666362800375488,0.122460075,False,False,False,False,88.0,3,554.2733333333333,0.0,182.71428571428572,797.48,0.9027829313543599,0.015463917525773196,104,106.0,4.819539008481206,2.857079037800687
0.34434144661817667,0.3912872510043276,0.30593124,False,False,False,False,139.0,6,739.4233333333333,0.0,256.2,1016.57,0.9443413729128015,0.03225806451612903,209,47.0,3.1606736816056475,3.975394265232975
0.3978836507369132,0.6595886848081154,0.18376134,False,False,False,False,271.0,19,131.27552631578948,0.0,33.575,292.95,0.49944341372912804,0.13620071684587814,263,8.0,1.7155089105805175,0.47052159969817015
0.1222951435803786,0.21376950983855791,0.04745248,False,False,False,False,145.0,2,641.86,0.0,287.0,748.32,0.9239332096474954,0.010810810810810811,89,40.0,9.70860703853081,3.4695135135135136
0.2810029724486782,0.2822044909548128,0.2800199,False,False,False,False,144.0,7,319.0514285714286,0.0,382.5,375.22,0.7421150278293135,0.04216867469879518,54,22.0,5.5604285641568545,1.9219965576592082
0.16763962441110963,0.26251560302629195,0.090013824,False,False,False,False,216.0,4,381.96750000000003,0.0,212.6,556.08,0.8081632653061225,0.01834862385321101,231,2.0,6.964165733796085,1.7521444954128442
0.1372087641295464,0.21375995680947463,0.07457597,False,False,False,False,208.0,6,236.65333333333334,0.0,259.57142857142856,324.96,0.6352504638218924,0.02843601895734597,78,3.0,7.8782304321141625,1.1215797788309636
0.16334490221777204,0.2928194760622502,0.05741116,False,False,False,False,218.0,2,357.72,0.0,186.0,543.6,0.7833024118738404,0.008849557522123894,11,8.0,45.70180024303797,1.5828318584070797
0.5718752192929242,0.6853275933695842,0.47905055,True,False,False,False,273.0,19,1048.444761904762,0.0,250.22857142857143,1821.6,0.9747680890538033,0.07473309608540925,27,8.0,7.678642839530845,3.7311201491272663
0.6382561343359918,0.6829827400154473,0.6016616,True,False,False,False,146.0,1,1752.254799999996,0.0,982.5,1965.74,0.9922077922077922,0.0043859649122807015,110,82.0,12.565679301028483,8.621666666666666
0.18918143259296377,0.2357232746550233,0.15110174,False,False,False,False,64.0,2,385.68,0.0,155.0,410.55,0.8115027829313544,0.02531645569620253,40,15.0,6.524873913865055,4.882025316455696
0.12527337664388669,0.18530937519389284,0.07615301,False,False,False,False,127.0,4,489.43,0.0,279.6,619.5,0.8779220779220779,0.025157232704402517,38,32.0,9.49597121877247,3.078176100628931
0.1400323013110041,0.17111911258059065,0.11459763,False,False,False,False,193.0,3,267.46,0.0,230.75,723.63,0.6693877551020408,0.01507537688442211,81,6.0,15.115768485536698,1.3440201005025125
0.05789507205250957,0.07192748757342715,0.046414003,False,False,False,False,0.0,0,0.0,0.0,209.0,440.76,0.20946196660482375,0.0,40,19.0,0.0,0.0
0.16478205524584205,0.25327685922827,0.092377216,False,False,False,False,181.0,6,349.65333333333336,0.0,142.75,478.9,0.7747680890538033,0.03225806451612903,170,5.0,4.654555571807067,1.879856630824373
0.0985953510430688,0.1781000405278988,0.03354606,False,False,False,False,239.0,4,139.9325,0.0,133.0,266.36,0.5087198515769944,0.01486988847583643,66,30.0,15.572551102054108,0.5201951672862454
0.17311111581241073,0.27232561104639774,0.09193562,False,False,False,False,265.0,6,323.8933333333334,0.0,131.9,411.25,0.7465677179962894,0.021897810218978103,233,9.0,6.2218630185534956,1.1820924574209246
0.8835639843881808,0.7412532721494485,1.0,True,False,False,False,211.0,9,1625.5644444444447,0.0,1352.888888888889,1920.48,0.9877551020408163,0.0410958904109589,8,8.0,13.570597301191686,7.422668696093354
0.03907989150170712,0.050433451895012416,0.029790616,False,False,False,False,0.0,0,0.0,0.0,70.0,137.22,0.20946196660482375,0.0,9,19.0,0.0,0.0
0.06546275935972001,0.13299331304716328,0.010210488,False,False,False,False,193.0,4,305.51250000000005,0.0,104.0,379.40000000000003,0.713543599257885,0.018867924528301886,59,19.0,12.94151135105104,1.4410966981132078
0.23894955642563317,0.3421057689530367,0.15454902,False,False,False,False,232.0,8,446.7075,0.0,495.8,1080.65,0.8552875695732839,0.02952029520295203,80,39.0,8.13422690233527,1.6483671586715867
0.09172100326708912,0.136321185668132,0.055229943,False,False,False,False,82.0,2,254.70000000000002,0.0,288.0,365.1,0.6534322820037106,0.016,29,43.0,9.291088435932808,2.0376000000000003
0.5789102479908284,0.770217746516823,0.42238593,True,False,False,False,218.0,1,1752.254799999996,0.0,1012.5,3209.15,0.9959183673469387,0.00411522633744856,112,25.0,19.1802714396851,13.206378600823045
0.185501388606011,0.2664327939275881,0.11928479,False,False,False,False,267.0,8,338.13375,0.0,336.4,748.86,0.7602968460111317,0.028368794326241134,82,15.0,13.440105910536822,1.1990558510638298
0.04098783448318994,0.04448460241115437,0.03812684,False,False,False,False,0.0,0,0.0,0.0,142.0,146.63,0.20946196660482375,0.0,17,18.0,0.0,0.0
0.10597569525894104,0.1793900966789232,0.045909368,False,False,False,False,153.0,3,433.86999999999995,0.0,312.0,586.52,0.84860853432282,0.012048192771084338,97,96.0,9.515664724773224,1.7424497991967869
0.08603274255886748,0.1738967889689753,0.014143977,False,False,False,False,199.0,5,196.946,0.0,98.83333333333333,319.9,0.5862708719851577,0.024390243902439025,53,6.0,15.720942166386532,0.9607121951219512
0.10092346705998094,0.17579070728145507,0.039668452,False,False,False,False,253.0,5,398.75,0.0,179.42857142857142,685.0,0.8252319109461966,0.01818181818181818,60,22.0,12.509410958038742,1.45
0.272879297585083,0.30736634036080257,0.24466261,False,False,False,False,272.0,9,345.7922222222222,0.0,113.27272727272727,882.75,0.7703153988868274,0.03180212014134275,144,11.0,8.918851251381433,1.2218806438947782
0.6057917194364549,0.5739955806727942,0.63180673,True,False,False,False,246.0,11,740.8772727272727,0.0,238.1578947368421,1761.18,0.9447124304267162,0.03985507246376811,288,30.0,4.532745766802574,2.6843379446640316
0.14890269859161875,0.2428631798763386,0.07202594,False,False,False,False,106.0,5,227.13000000000002,0.0,119.33333333333333,493.45,0.6252319109461967,0.0211864406779661,89,130.0,5.414757978007519,0.9624152542372882
0.08627901036036952,0.1522004727631353,0.03234327,False,False,False,False,113.0,2,428.87,0.0,172.25,439.74,0.8448979591836735,0.013986013986013986,59,30.0,9.669779096060024,2.999090909090909
0.46307759179104724,0.5059172090210154,0.42802697,False,False,False,False,258.0,14,736.2921428571428,0.0,336.95,1327.55,0.9435992578849721,0.050359712230215826,205,20.0,4.681437447377151,2.648532887975334
0.14666193782207992,0.2450585792223089,0.06615559,False,False,False,False,265.0,8,454.83000000000004,0.0,222.66666666666666,588.3000000000001,0.8597402597402597,0.029850746268656716,65,3.0,7.917482501219511,1.6971268656716418
0.17816417421664868,0.23581009232923,0.13099933,False,False,False,False,34.0,3,267.17,0.0,50.4,376.5,0.6690166975881262,0.014563106796116505,26,172.0,3.5019802321284583,1.2969417475728156
0.1513884252423846,0.18229702250048035,0.12609957,False,False,False,False,17.0,1,379.82,0.0,204.0,379.82,0.8066790352504638,0.008130081300813009,26,106.0,3.4000000000000004,3.0879674796747967
0.1183186684654421,0.18417811826561697,0.064433664,False,False,False,False,148.0,3,265.17,0.0,234.5,644.26,0.6645640074211503,0.016129032258064516,166,38.0,7.118166368174334,1.4256451612903227
0.0370554303344216,0.03941729531599991,0.035122994,False,False,False,False,0.0,0,0.0,0.0,186.0,316.38,0.20946196660482375,0.0,6,34.0,0.0,0.0
0.17902580574681853,0.29718845918290027,0.08234727,False,False,False,False,196.0,8,374.9225,0.0,82.11111111111111,584.76,0.8029684601113173,0.028368794326241134,23,86.0,13.013125316361368,1.3295124113475179
0.1672711606250333,0.3103574843707189,0.05020053,False,False,False,False,268.0,8,229.945,0.0,161.88888888888889,417.93,0.6293135435992578,0.028268551236749116,229,15.0,6.749833704993152,0.8125265017667844
0.5061665765826959,0.5841075363832622,0.4423967,True,False,False,False,274.0,14,759.76,0.0,426.0625,954.0,0.948051948051948,0.05054151624548736,270,3.0,3.449285762544633,2.7428158844765345
0.3094929415259471,0.36984204324830694,0.2601164,False,False,False,False,202.0,7,735.6428571428571,0.0,270.25,780.35,0.9432282003710575,0.03211009174311927,203,16.0,4.7834637047927115,3.374508519003932
0.14013612810107393,0.225175473829824,0.07055848,False,False,False,False,220.0,5,207.484,0.0,148.33333333333334,542.7,0.5992578849721707,0.02092050209205021,203,19.0,6.418663625487883,0.8681338912133891
0.17358608040526127,0.27985822532606597,0.08663614,False,False,False,False,272.0,8,175.65375,0.0,91.22222222222223,595.29,0.5558441558441558,0.028368794326241134,68,10.0,13.657087880756858,0.6228856382978724
0.20729863445991203,0.2887861717858563,0.14062701,False,False,False,False,70.0,4,311.4,0.0,284.0,338.12,0.7294990723562153,0.043010752688172046,48,23.0,3.7817511270398687,3.3483870967741933
0.21374227651073452,0.27774518944850485,0.16137625,False,False,False,False,279.0,7,308.25,0.0,195.33333333333334,841.94,0.7205936920222634,0.02491103202846975,137,2.0,10.762732122574798,1.0969750889679715
0.10565668654932144,0.1527015188776467,0.06716546,False,False,False,False,27.0,1,340.25,0.0,185.5,425.4,0.7614100185528757,0.0078125,25,101.0,5.013774130780401,2.658203125
0.2134975401491062,0.2209088334176576,0.20743375,False,False,False,False,217.0,4,350.03999999999996,0.0,255.0,1199.33,0.775139146567718,0.01694915254237288,118,19.0,11.293855194171273,1.4832203389830507
0.3364098133385561,0.46078024346307067,0.23465219,False,False,False,False,278.0,17,264.78058823529415,0.0,188.55555555555554,456.57,0.6634508348794063,0.06093189964157706,114,1.0,4.482999193281646,0.949034366434746
0.13323683948348816,0.22890400358992274,0.054963704,False,False,False,False,255.0,7,436.29,0.0,222.0,673.37,0.8504638218923933,0.025179856115107913,130,23.0,9.12323940775055,1.5693884892086332
0.11938429468527141,0.15113746609190443,0.09340443,False,False,False,False,0.0,0,0.0,0.0,220.0,777.5600000000001,0.20946196660482375,0.0,23,271.0,0.0,0.0
0.01658752530647753,0.013142705539496702,0.019406013,False,False,False,False,0.0,0,0.0,0.0,156.0,359.08000000000004,0.20946196660482375,0.0,16,86.0,0.0,0.0
0.27502628518252054,0.368580323747098,0.19848207,False,False,False,False,263.0,12,342.7658333333333,0.0,148.92857142857142,610.78,0.764378478664193,0.04411764705882353,221,9.0,4.299897786548022,1.2601685049019606
0.09653693768785185,0.16581993458239647,0.03985085,False,False,False,False,43.0,1,130.99,0.0,66.5,288.57,0.49833024118738406,0.017241379310344827,18,15.0,9.391485505499118,2.258448275862069
0.18466192153108218,0.2621555254859416,0.12125806,False,False,False,False,171.0,5,557.018,0.0,381.6666666666667,1094.33,0.9042671614100185,0.0205761316872428,92,72.0,7.8542889603365,2.292255144032922
0.01752806927306786,0.024602300533946686,0.011740061,False,False,False,False,0.0,0,0.0,0.0,72.0,299.04,0.20946196660482375,0.0,4,86.0,0.0,0.0
0.3135847295914905,0.4356871701158454,0.21368273,False,False,False,False,117.0,2,1139.735,0.0,426.6666666666667,1161.07,0.9803339517625231,0.013986013986013986,51,26.0,11.10848215411169,7.970174825174825
0.1505031760069801,0.2475719872521192,0.07108324,False,False,False,False,179.0,3,660.1366666666667,0.0,308.75,789.9,0.9306122448979591,0.011194029850746268,88,89.0,11.52582702649527,2.463196517412935
0.13026586847039612,0.16382410960136856,0.10280912,False,False,False,False,211.0,1,245.64,0.0,173.0,437.71,0.6426716141001856,0.004347826086956522,72,19.0,24.74873734152917,1.0679999999999998
0.24911755479572242,0.33910205313890124,0.17549387,False,False,False,False,231.0,11,373.8781818181818,0.0,215.23076923076923,806.47,0.8014842300556586,0.04602510460251046,153,8.0,5.152385031374455,1.5643438569798402
0.31267487987502957,0.3539129094862175,0.27893466,False,False,False,False,91.0,3,244.23333333333335,0.0,172.25,1440.9,0.6411873840445269,0.03,108,9.0,4.898921338477155,2.4423333333333335
0.15946520431153485,0.24507721128977028,0.089419015,False,False,False,False,268.0,6,260.97333333333336,0.0,127.57142857142857,599.36,0.6593692022263451,0.02158273381294964,176,10.0,10.392641587841158,0.9387529976019185
0.022767539591595696,0.040452934572001664,0.008297671,False,False,False,False,0.0,0,0.0,0.0,69.0,119.19,0.20946196660482375,0.0,23,60.0,0.0,0.0
0.1319691711727284,0.22295704021796092,0.05752455,False,False,False,False,147.0,2,343.95500000000004,0.0,207.66666666666666,383.6,0.7673469387755102,0.008438818565400843,199,90.0,7.005501857615645,1.4512869198312237
0.16597855715260101,0.20501949452261553,0.13403597,False,False,False,False,128.0,3,467.1133333333333,0.0,383.0,541.4300000000001,0.8679035250463822,0.01639344262295082,100,55.0,7.20050453022487,2.5525318761384335
0.10525914239971491,0.18120029227796863,0.043125473,False,False,False,False,219.0,6,286.5466666666667,0.0,193.0,700.31,0.6871985157699444,0.02510460251046025,81,20.0,8.15525549091481,1.1989400278940028
0.15210271369849135,0.22852753028680856,0.08957332,False,False,False,False,202.0,5,656.586,0.0,282.0,690.3399999999999,0.9294990723562152,0.021929824561403508,68,26.0,8.03990170212577,2.879763157894737
0.1755736977261259,0.30132303313015874,0.07268788,False,False,False,False,193.0,2,689.93,0.0,168.75,713.8,0.9384044526901669,0.007462686567164179,17,75.0,29.80356743040919,2.574365671641791
0.37039468434937706,0.44956963917696713,0.30561516,False,False,False,False,253.0,5,618.8679999999999,0.0,308.8333333333333,1054.58,0.9179962894248609,0.01838235294117647,388,19.0,5.87096557990224,2.2752499999999998
0.0639628129207176,0.11745643370197478,0.020195305,False,False,False,False,139.0,1,306.4,0.0,183.0,388.3,0.7165120593692023,0.005208333333333333,34,53.0,22.68706024813929,1.5958333333333332
0.6301123276515709,0.6414389776220821,0.6208451,True,False,False,False,0.0,0,0.0,0.0,1361.46111111111,2050.08,0.20946196660482375,0.0,141,152.0,0.0,0.0
0.7064231458914955,0.5603796516552411,0.82591325,True,False,False,False,69.0,3,1373.5100000000002,0.0,130.71428571428572,1241.98,0.9851576994434137,0.024793388429752067,89,52.0,4.140943720719067,11.351322314049588
0.3478462938529804,0.5008514433133502,0.22266026,False,False,False,False,251.0,10,842.628,0.0,439.90909090909093,1485.78,0.9595547309833025,0.03546099290780142,193,31.0,5.268447219241623,2.9880425531914896
0.10499353698263607,0.15907333937773088,0.060746424,False,False,False,False,4.0,1,131.41,0.0,147.5,225.4,0.4998144712430427,0.005747126436781609,22,170.0,0.7559289460184546,0.7552298850574712
0.13019861116453738,0.24170245609779556,0.03896819,False,False,False,False,268.0,6,212.08,0.0,52.5,291.24,0.6051948051948052,0.021505376344086023,29,11.0,18.1933257391076,0.7601433691756273
0.09651650827895779,0.1693689857207223,0.036909934,False,False,False,False,242.0,3,173.63,0.0,103.4,346.14,0.5532467532467532,0.01107011070110701,45,29.0,23.056001033862522,0.6407011070110701
0.191248453879778,0.3305410504880314,0.07728178,False,False,False,False,251.0,10,355.634,0.0,194.9090909090909,529.67,0.7807050092764378,0.036231884057971016,237,25.0,4.864973618119739,1.2885289855072464
0.24110318279048235,0.34610975794837273,0.15518871,False,False,False,False,243.0,11,311.64363636363635,0.0,272.9166666666667,451.78,0.7298701298701299,0.04119850187265917,193,24.0,4.757330364695826,1.1672046305754171
0.27006084982249046,0.3567383303397873,0.1991429,False,False,False,False,232.0,14,331.77714285714285,0.0,176.89473684210526,447.28,0.7558441558441559,0.05090909090909091,112,43.0,4.335565012750956,1.2064623376623376
0.07042628145770113,0.09818345703583914,0.047715865,False,False,False,False,0.0,0,0.0,0.0,381.0,597.07,0.20946196660482375,0.0,40,88.0,0.0,0.0
0.1103457576901208,0.19722500843482782,0.039262734,False,False,False,False,272.0,5,358.142,0.0,207.83333333333334,556.9399999999999,0.7847866419294991,0.018050541516245487,58,5.0,14.642895840483844,1.2929314079422383
0.09807660897035461,0.17601000974485304,0.034312915,False,False,False,False,228.0,3,455.3866666666667,0.0,183.75,556.58,0.8608534322820037,0.010638297872340425,95,54.0,12.757006534570529,1.6148463356973997
0.7072740919945589,0.8293156772979876,0.6074219,True,False,False,False,225.0,9,1752.254799999996,0.0,1360.2777777777778,3685.0121999999938,0.997773654916512,0.033582089552238806,88,43.0,7.408290261004853,13.74139303482587
0.026058971142137313,0.014690862773445501,0.03536015,False,False,False,False,0.0,0,0.0,0.0,209.0,296.86,0.20946196660482375,0.0,11,114.0,0.0,0.0
0.07428448296646879,0.13395880087240108,0.02546004,False,False,False,False,186.0,2,415.07500000000005,0.0,208.0,524.1,0.8345083487940631,0.00980392156862745,65,18.0,17.26528030024865,2.03468137254902
0.18199574369671503,0.2413888809522558,0.13340135,False,False,False,False,201.0,4,661.305,0.0,183.85714285714286,933.3199999999999,0.9317254174397032,0.014925373134328358,50,67.0,11.17957565496192,2.4675559701492538
0.2853150955899466,0.44475532065142276,0.154864,False,False,False,False,275.0,16,147.27,0.0,77.33333333333333,275.8,0.5191094619666048,0.05734767025089606,42,4.0,10.145739245847018,0.5278494623655914
0.65599043443503,0.596744578739052,0.7044643,True,False,False,False,266.0,19,640.8128571428572,0.0,241.52173913043478,1532.76,0.9231910946196661,0.07581227436823104,179,11.0,2.763439337144244,2.3134038164002066
0.2432174527279341,0.2842255253773715,0.20966539,False,False,False,False,268.0,3,663.37,0.0,261.4,971.13,0.9324675324675324,0.010830324909747292,110,9.0,19.036607548428726,2.3948375451263537
0.506458428954647,0.57289762067699,0.45209908,True,False,False,False,253.0,18,578.5605555555555,0.0,130.8,1961.05,0.9083487940630798,0.06521739130434782,93,23.0,5.0201367908668395,2.0962338969404186
0.7005550283501975,0.806481444904193,0.61388797,True,False,False,False,227.0,4,1752.254799999996,0.0,1361.46111111111,3685.0121999999938,0.9962894248608535,0.014705882352941176,114,45.0,10.221302190888293,11.97639705882353
0.0958058678217171,0.1679170364820159,0.03680582,False,False,False,False,268.0,4,326.555,0.0,211.6,371.83000000000004,0.750278293135436,0.014492753623188406,58,8.0,15.02602853996049,1.1831702898550724
0.42408096081132296,0.785732336311751,0.12818438,False,False,False,False,245.0,19,1293.6980952380952,0.0,518.7297297297297,3685.0121999999938,0.9836734693877551,0.07446808510638298,59,37.0,3.582548371571946,4.587581898007429
0.1098858532459358,0.20793963326366294,0.029660033,False,False,False,False,259.0,7,221.92428571428573,0.0,203.625,346.1,0.6174397031539889,0.02491103202846975,65,22.0,10.717120085822058,0.7897661413319776
0.23518624941910615,0.30156008160567527,0.18088038,False,False,False,False,220.0,5,635.844,0.0,188.66666666666666,1411.67,0.922077922077922,0.01845018450184502,91,51.0,10.360590190016058,2.346287822878229
0.8004687627429927,0.5565972240490304,1.0,True,False,False,False,154.0,2,640.0,0.0,1361.46111111111,640.0,0.9228200371057514,0.011695906432748537,1,17.0,46.66904755831214,3.742690058479532
0.2650165982079617,0.3538819103400159,0.1923086,False,False,False,False,264.0,13,289.4569230769231,0.0,269.2857142857143,446.7,0.6909090909090909,0.04609929078014184,67,18.0,6.487299312065756,1.026442989634479
0.8237767796283757,0.6083928171276596,1.0,True,False,False,False,3.0,1,149.64000000000001,0.0,162.0,573.46,0.5239332096474953,0.16666666666666666,33,3.0,0.5144957554275265,24.94
0.16195816126673668,0.20815891418654053,0.12415754,False,False,False,False,147.0,4,588.84,0.0,306.8,904.26,0.9105751391465677,0.022727272727272728,65,29.0,7.4786031416632275,3.345681818181818
0.822371104549747,0.6052690947307068,1.0,True,False,False,False,10.0,2,111.42,0.0,32.333333333333336,119.62,0.4649350649350649,0.18181818181818182,56,1.0,0.8746272216033019,10.129090909090909
0.3881121619794941,0.48149633059991204,0.31170693,False,False,False,False,275.0,14,615.2157142857143,0.0,142.1875,905.1,0.9168831168831169,0.050724637681159424,43,1.0,6.900918211801904,2.229042443064182
0.05829466152404262,0.06541806416852636,0.052466422,False,False,False,False,0.0,0,0.0,0.0,351.0,377.74,0.20946196660482375,0.0,34,60.0,0.0,0.0
0.24932776280267352,0.3726809861047028,0.1484024,False,False,False,False,260.0,14,457.34000000000003,0.0,166.66666666666666,846.45,0.8630797773654917,0.050724637681159424,81,16.0,4.401471700899908,1.6570289855072464
0.16737344866363862,0.1599535843921736,0.17344424,False,False,False,False,0.0,0,0.0,0.0,402.0,338.98,0.20946196660482375,0.0,19,270.0,0.0,0.0
0.8631194651755756,0.9775607719759289,0.76948565,True,False,False,False,278.0,19,1752.254799999996,0.0,1159.8333333333333,3685.0121999999938,0.9966604823747681,0.10676156583629894,642,3.0,1.9371526969592363,11.668189798339265
0.14119980418948375,0.25461895039275934,0.04840232,False,False,False,False,161.0,6,155.01833333333335,0.0,120.85714285714286,274.23,0.5320964749536178,0.03680981595092025,110,2.0,5.295906284728184,0.9510327198364009
0.08372881665985307,0.1032137711878291,0.06778658,False,False,False,False,0.0,0,0.0,0.0,305.0,344.81,0.20946196660482375,0.0,29,248.0,0.0,0.0
0.37642093129781484,0.40671057453481346,0.3516385,False,False,False,False,263.0,6,955.9183333333334,0.0,205.58823529411765,1351.22,0.9688311688311688,0.02127659574468085,181,19.0,6.626349817218944,3.389781323877069
0.413416939687178,0.49703704584847,0.34500048,False,False,False,False,233.0,4,959.3074999999999,0.0,651.0,1932.24,0.9692022263450835,0.014760147601476014,200,38.0,8.664619296180058,3.5398800738007377
0.08831181484338735,0.14088159044312315,0.04530018,False,False,False,False,150.0,2,482.805,0.0,306.3333333333333,630.5,0.8760667903525047,0.010752688172043012,65,36.0,12.28544880141757,2.595725806451613
0.16625643403924864,0.2785265750707821,0.07439905,False,False,False,False,274.0,6,493.43666666666667,0.0,302.85714285714283,990.0,0.8801484230055658,0.021739130434782608,87,2.0,10.77410324867031,1.7878140096618358
0.9196829395124843,0.8215176168701228,1.0,True,False,False,False,203.0,1,1752.254799999996,0.0,768.0,2606.4,0.9940630797773655,0.004032258064516129,2,45.0,142.8355697996826,10.509677419354839
0.1014242858241478,0.19238770765297486,0.026999667,False,False,False,False,252.0,6,450.12999999999994,0.0,226.0,587.21,0.8575139146567718,0.02181818181818182,99,23.0,8.97951362528507,1.6368363636363634
0.0980984949678108,0.15950581455891327,0.04785614,False,False,False,False,230.0,5,384.85200000000003,0.0,108.83333333333333,535.59,0.8107606679035251,0.020833333333333332,59,10.0,10.62702160301651,1.60355
0.0874413223577791,0.13059418433534958,0.052134436,False,False,False,False,77.0,1,303.53999999999996,0.0,260.5,390.6,0.7083487940630798,0.006711409395973154,19,72.0,17.66501150803326,2.037181208053691
0.1510991689583217,0.2352916558628954,0.08221441,False,False,False,False,14.0,1,337.26,0.0,89.33333333333333,394.40000000000003,0.7595547309833024,0.004545454545454545,41,206.0,2.213594362117866,1.533
0.2681769862824308,0.3650563591174787,0.18891203,False,False,False,False,137.0,2,1063.605,0.0,206.25,1353.1000000000001,0.976252319109462,0.010416666666666666,50,55.0,12.345570653238287,5.539609375
0.2601261659161166,0.3573778434364697,0.18055661,False,False,False,False,236.0,13,317.45000000000005,0.0,249.35714285714286,422.28000000000003,0.7417439703153988,0.052845528455284556,64,10.0,6.992494369768515,1.290447154471545
0.2378664749546901,0.3894904394247036,0.1138105,False,False,False,False,238.0,10,361.336,0.0,196.9090909090909,515.17,0.7888682745825603,0.04048582995951417,260,9.0,2.696270311237046,1.4628987854251012
0.9534319590348355,0.8965154380309032,1.0,True,False,False,False,269.0,15,1752.254799999996,0.0,1165.6666666666667,3685.0121999999938,0.9996289424860854,0.05415162454873646,54,8.0,6.786220968333978,26.361102286401927
0.29102301921177554,0.4283498630640385,0.17866468,False,False,False,False,76.0,2,897.685,0.0,375.0,1437.12,0.9643784786641929,0.011363636363636364,9,100.0,15.979955392896887,5.100482954545455
0.10554818382260404,0.17764167946570897,0.046562597,False,False,False,False,151.0,4,439.7625,0.0,178.5,668.39,0.8530612244897959,0.02030456852791878,102,46.0,6.932892028296387,2.232296954314721
0.10383149903564505,0.15387207924323726,0.0628892,False,False,False,False,181.0,3,355.71000000000004,0.0,73.875,405.03000000000003,0.7810760667903525,0.010948905109489052,71,93.0,11.81173200457524,1.298211678832117
0.2558986506594858,0.2963379106551722,0.22281198,False,False,False,False,264.0,9,314.6666666666667,0.0,354.9,428.44,0.7365491651205937,0.03345724907063197,78,5.0,12.303187434670347,1.1697645600991327
0.11275132229690707,0.15177431715340428,0.080823414,False,False,False,False,102.0,1,155.93,0.0,308.0,390.71,0.5332096474953618,0.0045871559633027525,43,116.0,15.039079527799515,0.7152752293577982
0.9706225820554413,0.9347168225211385,1.0,True,False,False,False,280.0,19,1752.254799999996,0.0,1361.46111111111,3685.0121999999938,0.9955473098330241,0.06713780918727916,357,3.0,2.685380083651569,10.702996094476473
0.5215336992491669,0.5760459136409641,0.47693276,True,False,False,False,244.0,16,360.9425,0.0,248.29166666666666,2558.42,0.7884972170686456,0.05653710247349823,35,39.0,5.80006344033601,1.2754151943462897
0.062040489608512446,0.08125775074399427,0.046317276,False,False,False,False,0.0,0,0.0,0.0,320.0,512.13,0.20946196660482375,0.0,34,172.0,0.0,0.0
0.2762943398343971,0.3413772012100066,0.22304472,False,False,False,False,226.0,10,434.899,0.0,115.76923076923077,694.75,0.8489795918367347,0.03676470588235294,147,46.0,4.880556369417738,1.5988933823529412
0.19831907542244664,0.23305712014869562,0.16989703,False,False,False,False,35.0,1,363.7,0.0,287.0,363.7,0.7918367346938775,0.008,128,90.0,2.7134954071899147,2.9095999999999997
0.05336548077581294,0.09138028999761227,0.022262454,False,False,False,False,0.0,0,0.0,0.0,116.0,376.30000000000007,0.20946196660482375,0.0,7,276.0,0.0,0.0
0.015255682179663808,0.009799295436086986,0.019719997,False,False,False,False,0.0,0,0.0,0.0,179.0,319.37,0.20946196660482375,0.0,19,114.0,0.0,0.0
0.14219215217042408,0.2368237095366681,0.06476633,False,False,False,False,164.0,5,201.73,0.0,75.28571428571429,290.83,0.5925788497217068,0.02242152466367713,201,59.0,5.824028346772699,0.9046188340807174
0.14472437529188456,0.2759079484127641,0.03739236,False,False,False,False,230.0,9,206.97333333333333,0.0,207.0,421.7,0.5985157699443414,0.033582089552238806,94,38.0,9.274882004469433,0.7722885572139303
0.07020055640785018,0.13193369218702933,0.019691627,False,False,False,False,167.0,2,380.905,0.0,225.0,532.0,0.8070500927643784,0.00881057268722467,106,60.0,9.352132811926035,1.6779955947136562
0.19924869257160788,0.34635344849579347,0.07889026,False,False,False,False,259.0,12,278.62583333333333,0.0,59.34782608695652,398.6,0.6805194805194805,0.04477611940298507,66,9.0,7.430117943953807,1.039648631840796
0.16352917582502546,0.22965769703102512,0.10942402,False,False,False,False,185.0,3,681.74,0.0,312.75,709.74,0.9376623376623376,0.014423076923076924,63,23.0,10.522990702900632,3.277596153846154
0.09505105364299327,0.16680692573336559,0.036341704,False,False,False,False,206.0,3,435.6933333333333,0.0,221.33333333333334,439.18,0.8493506493506493,0.011320754716981131,103,59.0,11.371345832981618,1.644125786163522
0.252008476857951,0.41191911036131723,0.121172495,False,False,False,False,160.0,12,151.58333333333334,0.0,57.13333333333333,348.68,0.5272727272727272,0.07407407407407407,48,2.0,5.623125111495924,0.9356995884773663
0.06305184778073329,0.06599025188770336,0.060647696,False,False,False,False,0.0,0,0.0,0.0,327.0,611.22,0.20946196660482375,0.0,29,65.0,0.0,0.0
0.120758153885612,0.19187299827736637,0.06257328,False,False,False,False,77.0,2,144.575,0.0,80.0,158.37,0.5161410018552876,0.024096385542168676,74,6.0,5.7146992803042265,1.741867469879518
0.015413241719828828,0.028961211914821428,0.0043285387,False,False,False,False,0.0,0,0.0,0.0,56.0,146.0,0.20946196660482375,0.0,7,148.0,0.0,0.0
0.19104736116762264,0.23165493800099918,0.15782298,False,False,False,False,72.0,2,580.135,0.0,258.6666666666667,650.0,0.9094619666048237,0.018518518518518517,53,36.0,6.090903989959202,5.37162037037037
0.1299382301108204,0.23937455938616564,0.040399414,False,False,False,False,274.0,7,348.50428571428574,0.0,230.375,532.8000000000001,0.7732838589981447,0.02527075812274368,55,3.0,17.01618528924015,1.2581382155750387
0.9135429754248963,0.8078732522310383,1.0,True,False,False,False,282.0,19,187.82986301369863,0.0,67.78030303030303,822.79,0.574025974025974,0.2579505300353357,1165,1.0,1.0568916071476702,0.6637097632992884
0.14497755006042956,0.21361921198032163,0.08881619,False,False,False,False,212.0,6,336.48,0.0,138.57142857142858,595.09,0.7588126159554731,0.028037383177570093,121,2.0,6.647955739467255,1.5723364485981308
0.04802143407130133,0.05400166373040699,0.043128517,False,False,False,False,0.0,0,0.0,0.0,267.0,346.01,0.20946196660482375,0.0,23,15.0,0.0,0.0
0.29207240040555454,0.5811235555996466,0.055576,False,False,False,False,241.0,19,421.28586206896546,0.0,140.21212121212122,1284.1200000000001,0.8411873840445269,0.11983471074380166,72,1.0,3.4685179663823167,1.7408506697064687
0.018688311037264888,0.03533681426328117,0.0050668083,False,False,False,False,0.0,0,0.0,0.0,62.0,142.4,0.20946196660482375,0.0,5,177.0,0.0,0.0
0.49215536292974565,0.6753307355020756,0.3422846,False,False,False,False,0.0,0,0.0,0.0,1361.46111111111,3685.0121999999938,0.20946196660482375,0.0,64,92.0,0.0,0.0
0.5307390309293664,0.6348528281228621,0.445555,True,False,False,False,217.0,19,541.8715789473684,0.0,270.5652173913044,2210.05,0.8990723562152133,0.08333333333333333,139,11.0,4.959144416418845,2.3766297322253003
0.6042026898127362,0.5475511199592582,0.65055394,True,False,False,False,107.0,1,1237.4,0.0,796.0,1256.32,0.9825602968460111,0.0037174721189591076,131,162.0,8.990802654607707,4.6000000000000005
0.47536886437395387,0.723247907860614,0.27255872,False,False,False,False,259.0,10,1319.6,0.0,666.5,3685.0121999999938,0.9840445269016698,0.036101083032490974,51,18.0,9.064947177272058,4.763898916967508
0.3032717508349637,0.40192415918990854,0.22255614,False,False,False,False,217.0,4,950.725,0.0,499.0,1206.29,0.9684601113172542,0.014492753623188406,161,59.0,7.735504730246234,3.4446557971014493
0.04548266863183842,0.05452544237412049,0.038084034,False,False,False,False,0.0,0,0.0,0.0,305.0,528.45,0.20946196660482375,0.0,30,81.0,0.0,0.0
0.10599588331470755,0.21776199565750287,0.014550881,False,False,False,False,233.0,8,302.33875,0.0,163.36363636363637,501.64,0.7061224489795919,0.03319502074688797,63,8.0,9.78228344032878,1.2545176348547717
0.6204790756301137,0.8564257589084245,0.4274318,True,False,False,False,256.0,7,1752.254799999996,0.0,1361.46111111111,3685.0121999999938,0.9985157699443413,0.026217228464419477,27,11.0,14.021649787750018,17.310700909577314
0.36737743605459827,0.49301403737256044,0.26458386,False,False,False,False,274.0,19,224.81473684210528,0.0,166.0,606.84,0.6222634508348794,0.06884057971014493,29,2.0,7.991943058240209,0.8145461479786423
0.32767980174323474,0.30442222127429985,0.34670871,False,False,False,False,232.0,3,438.30333333333334,0.0,691.0,510.75,0.8519480519480519,0.01079136690647482,112,46.0,11.355515197158017,1.576630695443645
0.5383606347863417,0.8493532943338244,0.2839121,True,False,False,False,278.0,19,1752.254799999996,0.0,606.3636363636364,3685.0121999999938,0.9929499072356215,0.07473309608540925,26,3.0,10.48137344903126,7.7582782579223855
0.18927036672751077,0.34999330176070814,0.05776978,False,False,False,False,274.0,11,176.15545454545455,0.0,117.58333333333333,299.25,0.5569573283858998,0.03985507246376811,85,2.0,7.441071676181788,0.6382444005270093
0.28051304301371355,0.41416536284266087,0.17116114,False,False,False,False,281.0,15,248.988,0.0,184.1875,444.98,0.6463821892393321,0.053003533568904596,112,2.0,5.191875356854733,0.8798162544169611
0.2120698324116657,0.3233446360236163,0.12102681,False,False,False,False,260.0,10,387.976,0.0,303.46153846153845,632.52,0.8137291280148423,0.037037037037037035,155,10.0,6.447092507720132,1.436948148148148
0.22584969035832442,0.3096957887112731,0.15724833,False,False,False,False,193.0,2,781.69,0.0,348.3333333333333,1281.5,0.952504638218924,0.007272727272727273,62,82.0,17.681720009840518,2.842509090909091
0.6283808883128634,0.7812228326660774,0.5033284,True,False,False,False,276.0,13,1752.254799999996,0.0,865.4285714285714,3609.8,0.9907235621521335,0.046263345195729534,70,5.0,5.2867611313722245,6.499228031754723
0.16883845565938427,0.245775653548229,0.105889834,False,False,False,False,193.0,2,664.35,0.0,365.3333333333333,816.25,0.9332096474953617,0.008130081300813009,97,53.0,13.25362817963996,2.700609756097561
0.17964226425700627,0.35049888924345357,0.03985048,False,False,False,False,279.0,11,305.1109090909091,0.0,121.41666666666667,408.29,0.7109461966604824,0.038869257950530034,57,4.0,12.433835836048798,1.0781304208159332
0.1358915003294896,0.21404974872429078,0.07194384,False,False,False,False,202.0,4,602.475,0.0,242.71428571428572,675.7,0.9139146567717996,0.019417475728155338,71,4.0,9.56739327118949,2.924635922330097
0.14940122588981747,0.2669282853495094,0.05324272,False,False,False,False,275.0,8,191.24875,0.0,110.44444444444444,380.45,0.576252319109462,0.02867383512544803,96,4.0,7.692038971374167,0.6854793906810036
0.5072615641408947,0.698149545999321,0.35108048,True,False,False,False,162.0,15,752.6446666666667,0.0,653.6842105263158,2843.6,0.9461966604823747,0.08333333333333333,29,18.0,4.594929923407042,4.181359259259259
0.07281315854885265,0.13903857658192148,0.018628726,False,False,False,False,140.0,4,295.79,0.0,128.28571428571428,442.47,0.6975881261595547,0.023529411764705882,64,30.0,7.756043923668338,1.7399411764705883
0.15643795758787135,0.2750293867522553,0.059408605,False,False,False,False,179.0,2,647.95,0.0,168.33333333333334,661.58,0.9261595547309833,0.008620689655172414,10,53.0,29.55951125919292,2.7928879310344827
0.5444488948903761,0.5599792414952828,0.5317422,True,False,False,False,177.0,16,296.075,0.0,166.58823529411765,647.78,0.6979591836734694,0.08247422680412371,274,17.0,1.8198850515447562,1.526159793814433
0.16827008531017074,0.21184296311102457,0.13261954,False,False,False,False,0.0,0,0.0,0.0,621.0,878.55,0.20946196660482375,0.0,55,94.0,0.0,0.0
0.07086222420572216,0.1315889442781381,0.021176726,False,False,False,False,88.0,2,154.26999999999998,0.0,147.0,277.81,0.5306122448979592,0.01694915254237288,59,30.0,7.345335756930355,1.307372881355932
0.234508599318454,0.31120501288084923,0.17175698,False,False,False,False,214.0,3,821.5033333333334,0.0,378.0,788.04,0.9569573283858999,0.013333333333333334,125,11.0,11.860858542722161,3.6511259259259266
0.2734868426102293,0.3393689402778706,0.2195833,False,False,False,False,0.0,0,0.0,0.0,704.0,1214.81,0.20946196660482375,0.0,70,45.0,0.0,0.0
0.30322963875959696,0.43149322563697634,0.1982867,False,False,False,False,0.0,0,0.0,0.0,845.0,1609.73,0.20946196660482375,0.0,71,122.0,0.0,0.0
0.10024659554527918,0.1975111132499624,0.020666536,False,False,False,False,241.0,6,188.495,0.0,74.28571428571429,247.4,0.5747680890538034,0.02158273381294964,68,37.0,12.201657792302361,0.6780395683453238
0.2790520705945026,0.42595253899510943,0.15886077,False,False,False,False,270.0,10,667.809,0.0,257.3636363636364,1225.26,0.9346938775510204,0.036231884057971016,89,6.0,7.57987893626663,2.4195978260869566
0.07529083674595821,0.08574105877448163,0.066740654,False,False,False,False,0.0,0,0.0,0.0,300.0,495.0,0.20946196660482375,0.0,3,171.0,0.0,0.0
0.09750543200584616,0.13547115940986665,0.066442564,False,False,False,False,0.0,0,0.0,0.0,93.0,111.78,0.20946196660482375,0.0,52,1.0,0.0,0.0
0.15852151705237966,0.17168748474590734,0.14774936,False,False,False,False,0.0,0,0.0,0.0,651.0,726.43,0.20946196660482375,0.0,34,106.0,0.0,0.0
0.7493781467309664,0.7005418715722186,0.7893351,True,False,False,False,246.0,3,1739.61,0.0,752.2,3315.0699999999997,0.9896103896103896,0.010752688172043012,148,33.0,13.486307699145728,6.23516129032258
0.05800415291359673,0.09523452559490225,0.027542938,False,False,False,False,0.0,0,0.0,0.0,37.0,125.10000000000001,0.20946196660482375,0.0,13,278.0,0.0,0.0
0.10747788064030628,0.18406261917281636,0.044817638,False,False,False,False,266.0,6,398.6966666666667,0.0,200.0,493.68,0.824860853432282,0.02120141342756184,96,17.0,8.728007929374208,1.408822143698469
0.27386841849591603,0.3763961941248018,0.18998206,False,False,False,False,246.0,6,727.6266666666667,0.0,410.0,1485.72,0.9417439703153989,0.02181818181818182,21,29.0,17.7770506387242,2.6459151515151516
0.1947534244076016,0.2821633078026777,0.12323625,False,False,False,False,118.0,2,691.565,0.0,433.6666666666667,874.5500000000001,0.9387755102040817,0.013245033112582781,64,33.0,8.908571933748352,4.579900662251656
0.27093260038809003,0.3894521803528296,0.17396203,False,False,False,False,273.0,8,694.8887500000001,0.0,331.6666666666667,1130.95,0.9391465677179963,0.02909090909090909,164,2.0,6.758631849539665,2.526868181818182
0.12130578883254943,0.2177503683559192,0.042396586,False,False,False,False,259.0,8,311.84625,0.0,149.5,360.54,0.7306122448979592,0.029850746268656716,96,9.0,7.597298287798102,1.1636054104477611
0.05614805733095248,0.06576464302960677,0.04827994,False,False,False,False,0.0,0,0.0,0.0,149.0,260.63,0.20946196660482375,0.0,19,3.0,0.0,0.0
0.10367395040774946,0.1291695249827836,0.08281393,False,False,False,False,0.0,0,0.0,0.0,335.0,848.05,0.20946196660482375,0.0,35,192.0,0.0,0.0
0.08391151451341429,0.13420158096534496,0.042765096,False,False,False,False,70.0,2,276.51,0.0,103.33333333333333,351.45000000000005,0.6771799628942486,0.013071895424836602,70,83.0,6.647609651281843,1.8072549019607842
0.37622167554491337,0.5275241288210192,0.25242874,False,False,False,False,268.0,10,1070.15,0.0,352.25,1798.33,0.9769944341372913,0.03597122302158273,125,10.0,6.540305330452036,3.8494604316546766
0.7441396658878482,0.8351896085697096,0.66964424,True,False,False,False,270.0,19,903.1178723404256,0.0,334.4507042253521,2415.04,0.9651205936920223,0.16845878136200718,537,9.0,1.252349208802128,3.236981621291848
0.16005513792943454,0.18181236200225565,0.14225377,False,False,False,False,0.0,0,0.0,0.0,542.0,537.9,0.20946196660482375,0.0,38,4.0,0.0,0.0
0.0971614143021934,0.16226104608686603,0.04389808,False,False,False,False,35.0,2,208.2,0.0,34.333333333333336,302.25,0.6003710575139146,0.017391304347826087,29,80.0,4.116445305262721,1.8104347826086955
0.8083055853101727,0.6869470276773233,0.9075989,True,False,False,False,249.0,5,1151.606,0.0,703.8333333333334,2396.16,0.9807050092764379,0.018726591760299626,478,18.0,4.543189329817021,4.313131086142322
0.19557973238606996,0.29962907770783254,0.11044845,False,False,False,False,224.0,1,352.46000000000004,0.0,108.0,352.46000000000004,0.7766233766233767,0.0036363636363636364,17,51.0,56.0,1.2816727272727273
0.018716855188823503,0.018785114151717908,0.018661007,False,False,False,False,0.0,0,0.0,0.0,182.0,381.08,0.20946196660482375,0.0,21,127.0,0.0,0.0
0.1970844045782864,0.3260606694011291,0.09155837,False,False,False,False,220.0,10,450.20500000000004,0.0,178.84615384615384,743.9,0.8578849721706865,0.044444444444444446,88,5.0,5.6386762265128,2.0009111111111113
0.14747060417799024,0.2413991331980817,0.070619985,False,False,False,False,188.0,7,336.6985714285714,0.0,183.0,586.8,0.7591836734693878,0.03255813953488372,173,27.0,4.946868719001603,1.5660398671096345
0.2465632119852625,0.32292285099698936,0.18408714,False,False,False,False,186.0,5,785.176,0.0,293.875,1001.21,0.9528756957328386,0.01818181818181818,112,89.0,7.984389881280102,2.8551854545454547
0.43184891909294154,0.4442409137869946,0.42171,False,False,False,False,92.0,3,902.8666666666667,0.0,586.25,1152.8,0.9647495361781077,0.023255813953488372,72,37.0,6.321735655086349,6.998966408268734
0.20798897291720397,0.2961924240655477,0.1358225,False,False,False,False,92.0,2,646.22,0.0,430.0,725.02,0.925417439703154,0.012195121951219513,99,72.0,6.163231440196113,3.9403658536585366
0.27144661554811295,0.37865877171617734,0.18372758,False,False,False,False,164.0,3,979.2366666666667,0.0,415.4,1588.16,0.9714285714285714,0.01639344262295082,53,19.0,12.34638817129685,5.351020036429873
0.248450370067018,0.37700837173651264,0.14326654,False,False,False,False,149.0,11,354.32454545454544,0.0,176.5,658.38,0.7792207792207793,0.06666666666666667,100,16.0,3.407718632348056,2.1474214876033058
0.059934774851327095,0.07072087060638038,0.051109787,False,False,False,False,0.0,0,0.0,0.0,332.0,593.5799999999999,0.20946196660482375,0.0,38,80.0,0.0,0.0
0.05926080069127952,0.106068398857189,0.020963674,False,False,False,False,122.0,2,321.645,0.0,267.3333333333333,627.13,0.7447124304267161,0.01092896174863388,53,61.0,9.749089026268313,1.7576229508196721
0.07312429663925801,0.13727877837948083,0.020634266,False,False,False,False,175.0,3,422.75,0.0,247.0,495.24,0.8423005565862709,0.014634146341463415,89,30.0,10.142137715044019,2.0621951219512193
0.10654013405462857,0.19100358061703832,0.037433676,False,False,False,False,140.0,1,227.85000000000002,0.0,117.0,238.1,0.625974025974026,0.006711409395973154,20,9.0,31.304951684997057,1.5291946308724833
0.20119840009948867,0.3379072520234244,0.0893457,False,False,False,False,85.0,1,912.6600000000001,0.0,337.5,912.66,0.9666048237476809,0.0056179775280898875,72,93.0,9.686648999069234,5.127303370786517
0.0864025876857623,0.16565630854010238,0.021558633,False,False,False,False,210.0,5,392.2,0.0,191.375,580.57,0.8181818181818182,0.018115942028985508,71,66.0,9.974308734638894,1.4210144927536232
0.021224075468376406,0.025610947580238463,0.017634816,False,False,False,False,0.0,0,0.0,0.0,221.0,462.15000000000003,0.20946196660482375,0.0,22,94.0,0.0,0.0
0.4362689039978417,0.6178434208307072,0.28770792,False,False,False,False,223.0,17,854.1564705882353,0.0,483.3888888888889,2022.6,0.9614100185528757,0.07488986784140969,110,4.0,3.2533138222855347,3.762803835190464
0.6232448241343558,0.6770159847715297,0.5792502,True,False,False,False,220.0,6,1708.7250000000001,0.0,679.875,3174.4300000000003,0.9888682745825603,0.021897810218978103,84,54.0,7.397133066551234,6.236222627737226
0.17358624865392838,0.15500303616744487,0.1887907,False,False,False,False,0.0,0,0.0,0.0,592.0,760.18,0.20946196660482375,0.0,20,164.0,0.0,0.0
0.19878109762371624,0.3090033894181482,0.10859922,False,False,False,False,254.0,10,444.88199999999995,0.0,190.72727272727272,640.1,0.8545454545454545,0.0353356890459364,134,29.0,7.820960125340845,1.5720212014134274
0.07275027388279251,0.1227111654468071,0.03187318,False,False,False,False,212.0,2,371.9,0.0,230.0,392.34000000000003,0.7992578849721707,0.007434944237918215,42,57.0,20.3365550597468,1.382527881040892
0.1526187017581297,0.21145653228438183,0.10447866,False,False,False,False,0.0,0,0.0,0.0,434.0,976.12,0.20946196660482375,0.0,55,111.0,0.0,0.0
0.1434772926957963,0.229201072540892,0.073339656,False,False,False,False,260.0,8,340.90125,0.0,147.76923076923077,319.35,0.7628942486085343,0.029850746268656716,102,8.0,7.301632212588429,1.2720195895522388
0.17594696877486712,0.31039237806283115,0.06594618,False,False,False,False,254.0,10,195.76,0.0,123.63636363636364,254.8,0.5836734693877551,0.037037037037037035,43,16.0,7.3283385193743396,0.725037037037037
0.07633237194121431,0.13944546439251526,0.024694387,False,False,False,False,218.0,4,304.685,0.0,142.4,476.37,0.7094619666048237,0.014134275618374558,68,65.0,15.008156290655943,1.0766254416961132
0.8084223498274126,0.7882459140197519,0.8249303,True,False,False,False,282.0,2,1752.254799999996,0.0,1361.46111111111,2608.11,0.9933209647495361,0.007067137809187279,151,1.0,18.189897296316467,7.908286219081273
0.13965531341170315,0.21585974211902625,0.07730623,False,False,False,False,190.0,4,575.81,0.0,335.2,900.02,0.9072356215213359,0.020202020202020204,69,8.0,11.693602325701598,2.908131313131313
0.059626734531500164,0.11513757352824172,0.014208775,False,False,False,False,133.0,2,307.5,0.0,197.66666666666666,309.5,0.7185528756957328,0.013333333333333334,42,17.0,13.579110607766596,2.05
0.10091620463177697,0.19193625415464544,0.026445255,False,False,False,False,169.0,4,154.26749999999998,0.0,101.2,250.87,0.5302411873840446,0.021505376344086023,142,17.0,7.021934239557735,0.8293951612903225
0.23322929198677617,0.35166430263906223,0.13632792,False,False,False,False,278.0,9,603.1877777777778,0.0,240.47058823529412,813.89,0.9142857142857143,0.03180212014134275,145,5.0,5.624184316311277,2.131405575186494
0.15671465543045898,0.22562358108128217,0.10033462,False,False,False,False,98.0,2,419.135,0.0,223.75,568.34,0.8385899814471243,0.0125,172,62.0,4.938363550304273,2.61959375
0.3452450741337638,0.5068512501555241,0.21302183,False,False,False,False,269.0,10,836.585,0.0,403.0,1380.11,0.9591836734693877,0.03690036900369004,207,2.0,5.079987164597616,3.087029520295203
0.2206593950063835,0.25508391624707877,0.19249387,False,False,False,False,210.0,1,660.87,0.0,256.5,660.87,0.9309833024118739,0.004098360655737705,131,34.0,17.68519034239686,2.708483606557377
0.06993599774877322,0.13567411606930124,0.016150264,False,False,False,False,210.0,4,277.34749999999997,0.0,100.6,358.9,0.6775510204081633,0.015151515151515152,68,54.0,12.664805964821655,1.050558712121212
0.20107048678587044,0.3237293644788125,0.10071322,False,False,False,False,276.0,11,319.43636363636364,0.0,180.69230769230768,381.8,0.7435992578849722,0.03900709219858156,45,6.0,7.5345568291140825,1.1327530625402966
0.34008754022308224,0.4453794984329196,0.25393957,False,False,False,False,253.0,7,652.3742857142857,0.0,271.375,1031.59,0.9283858998144713,0.025089605734767026,271,26.0,5.161474592047262,2.3382590885816694
0.2460307150032725,0.3517177135738192,0.15955953,False,False,False,False,251.0,14,292.0235714285714,0.0,106.76190476190476,410.90000000000003,0.6935064935064935,0.05223880597014925,101,17.0,4.920738492134785,1.0896401918976546
0.14833828204631883,0.2363404911703551,0.07633647,False,False,False,False,236.0,5,537.674,0.0,335.0,1035.82,0.8953617810760668,0.02092050209205021,102,3.0,10.282590622441607,2.2496820083682008
0.2841657154626852,0.38362226063834426,0.20279217,False,False,False,False,42.0,2,573.49,0.0,321.3333333333333,944.1600000000001,0.9064935064935065,0.03076923076923077,36,23.0,4.978631802903274,8.822923076923077
0.06081029383637377,0.1057360007155354,0.024052897,False,False,False,False,0.0,0,0.0,0.0,48.0,204.0,0.20946196660482375,0.0,1,272.0,0.0,0.0
0.9704414342128356,0.9343142717597925,1.0,True,False,False,False,280.0,19,992.0537804878049,0.0,388.0267857142857,3685.0121999999938,0.9725417439703155,0.28975265017667845,1230,3.0,0.7509212234482393,3.5054903904162718
0.3446126499982287,0.42164668313035464,0.2815848,False,False,False,False,274.0,12,552.5991666666667,0.0,168.26315789473685,776.95,0.9016697588126159,0.04363636363636364,163,1.0,4.346900072300655,2.0094515151515155
0.13488605897568237,0.21506656167556998,0.06928383,False,False,False,False,141.0,1,520.31,0.0,232.0,520.31,0.8912801484230055,0.006944444444444444,43,3.0,21.256549792732326,3.6132638888888886
0.2505931873541993,0.3694275064428475,0.1533651,False,False,False,False,240.0,1,301.48,0.0,456.0,433.5,0.7035250463821893,0.003816793893129771,23,22.0,50.04345937369794,1.1506870229007635
0.15138154097263468,0.22378419820609913,0.092143,False,False,False,False,150.0,2,650.72,0.0,242.0,760.52,0.9269016697588126,0.011834319526627219,39,19.0,16.14254108413731,3.850414201183432
0.34143364693049055,0.4402057057248986,0.26062015,False,False,False,False,96.0,2,932.825,0.0,343.0,1087.7,0.9677179962894249,0.020618556701030927,84,1.0,5.916437089434432,9.616752577319588
0.13685440326052317,0.24369660470921484,0.049438056,False,False,False,False,121.0,5,290.456,0.0,133.5,607.2,0.6916512059369202,0.040983606557377046,37,1.0,9.460556733758327,2.380786885245902
0.4508069634950679,0.5491321021796423,0.37035912,False,False,False,False,273.0,7,903.2942857142856,0.0,392.55555555555554,1650.1,0.9654916512059369,0.025089605734767026,271,6.0,7.454864234633582,3.237613927291346
0.11798271054203703,0.16676882658127046,0.078066796,False,False,False,False,134.0,2,500.71000000000004,0.0,253.66666666666666,633.05,0.8831168831168831,0.014084507042253521,40,8.0,13.96082955646842,3.5261267605633804
0.112321915802945,0.1958240791108637,0.044001963,False,False,False,False,267.0,7,342.2185714285714,0.0,195.75,408.45,0.7640074211502783,0.026119402985074626,60,1.0,9.158491220310626,1.2769349680170574
0.11896388903419663,0.19434335165907918,0.05728978,False,False,False,False,164.0,2,355.355,0.0,137.0,388.18,0.7803339517625232,0.007407407407407408,16,106.0,33.224725024312484,1.3161296296296296
0.19500720701075708,0.25324689462134387,0.14735655,False,False,False,False,231.0,5,483.62600000000003,0.0,133.7,505.25,0.8764378478664193,0.01824817518248175,173,43.0,7.198511275144265,1.765058394160584
0.4343362131834584,0.4779437469377688,0.39865732,False,False,False,False,203.0,13,364.9623076923077,0.0,214.66666666666666,493.45,0.7933209647495362,0.06341463414634146,242,2.0,3.312237894561821,1.7803039399624767
0.32437165625284176,0.20949725856140944,0.4183598,False,False,False,False,225.0,2,306.45000000000005,0.0,198.33333333333334,1181.0,0.7168831168831169,0.007434944237918215,56,44.0,25.81863920360281,1.1392193308550187
0.029362417738154446,0.04961965704795368,0.0127883125,False,False,False,False,0.0,0,0.0,0.0,139.0,387.27000000000004,0.20946196660482375,0.0,15,229.0,0.0,0.0
0.10433447642716998,0.18359294166373397,0.03948664,False,False,False,False,222.0,6,396.53666666666663,0.0,177.28571428571428,560.27,0.8215213358070501,0.02459016393442623,103,22.0,7.342421327250646,1.6251502732240435
0.15273775467552836,0.2596483779014944,0.065265425,False,False,False,False,272.0,9,328.52,0.0,247.27272727272728,429.43,0.7525046382189239,0.03237410071942446,125,6.0,6.706301445121575,1.181726618705036
0.05562142454522684,0.11978782629525958,0.0031216412,False,False,False,False,188.0,3,266.57666666666665,0.0,117.83333333333333,321.29,0.6682745825602968,0.013157894736842105,54,40.0,16.40393360442588,1.1691959064327484
0.05361334308598592,0.06788375227791632,0.041937552,False,False,False,False,0.0,0,0.0,0.0,293.0,607.5500000000001,0.20946196660482375,0.0,36,95.0,0.0,0.0
0.1260243274097224,0.20099395509662005,0.06468554,False,False,False,False,224.0,3,466.8533333333333,0.0,404.25,505.98,0.8675324675324675,0.010752688172043012,60,55.0,14.390485511005123,1.6733094384707285
0.15710520069209555,0.19480195465811573,0.1262624,False,False,False,False,68.0,1,480.36,0.0,338.0,480.36,0.8730983302411874,0.004878048780487805,19,137.0,13.399999999999993,2.343219512195122
0.13823791374554978,0.22810220232254363,0.064712584,False,False,False,False,182.0,6,458.5416666666667,0.0,197.85714285714286,752.2099999999999,0.8641929499072356,0.021352313167259787,68,99.0,7.896628934213171,1.631820877817319
0.09695568379319644,0.13059411769789536,0.069433324,False,False,False,False,0.0,0,0.0,0.0,404.0,700.6,0.20946196660482375,0.0,39,127.0,0.0,0.0
0.1695137247299497,0.27662355035661423,0.08187841,False,False,False,False,220.0,7,454.6457142857143,0.0,192.0,1030.7,0.859369202226345,0.03153153153153153,99,2.0,8.595024736433992,2.047953667953668
0.09499117041605136,0.1490585393922731,0.05075423,False,False,False,False,0.0,0,0.0,0.0,157.0,294.97,0.20946196660482375,0.0,82,55.0,0.0,0.0
0.6705224324510992,0.7519545398920775,0.60389614,True,False,False,False,279.0,19,760.4156756756757,0.0,427.8095238095238,3519.3,0.9484230055658627,0.13120567375886524,95,3.0,3.101902676769442,2.6965094882116163
0.3652016896755401,0.4779832735659687,0.27292585,False,False,False,False,273.0,8,979.25625,0.0,414.3,1708.68,0.9717996289424861,0.029197080291970802,57,1.0,11.967733776104904,3.573927919708029
0.21869981072196062,0.34316271061916476,0.11686652,False,False,False,False,228.0,11,260.9418181818182,0.0,122.83333333333333,469.90000000000003,0.6589981447124305,0.039568345323741004,172,50.0,4.730768703731107,0.9386396337475474
0.20336223859693048,0.255387551676464,0.16079608,False,False,False,False,80.0,2,480.61,0.0,166.66666666666666,642.4200000000001,0.8738404452690167,0.021505376344086023,16,13.0,13.147914171412268,5.1678494623655915
0.7151634197874002,0.7127754779751945,0.7171172,True,False,False,False,123.0,1,1752.254799999996,0.0,1361.46111111111,1912.7,0.9918367346938776,0.006097560975609756,40,41.0,17.795528962743134,11.662804878048782
0.08994521587696011,0.17075989634585237,0.023824112,False,False,False,False,198.0,3,450.3066666666667,0.0,246.0,628.66,0.8582560296846011,0.010869565217391304,85,78.0,12.946396156276858,1.6315458937198069
0.09761758922582879,0.17651176765110788,0.033067808,False,False,False,False,179.0,5,267.56,0.0,98.125,329.36,0.6697588126159555,0.018115942028985508,65,97.0,9.207236912762266,0.9694202898550724
0.0682124798871584,0.11647786649896197,0.028722616,False,False,False,False,88.0,1,150.37,0.0,178.5,174.6,0.5250463821892394,0.005681818181818182,27,88.0,17.062103757022005,0.854375
0.14022636527151616,0.22274295741387545,0.07271279,False,False,False,False,47.0,1,313.59000000000003,0.0,250.5,561.29,0.7332096474953618,0.006329113924050633,126,111.0,3.873898836905993,1.9847468354430382
0.16184172810727482,0.2473116673057637,0.09191178,False,False,False,False,41.0,1,191.73000000000002,0.0,72.5,191.73000000000002,0.5781076066790353,0.023255813953488372,16,2.0,10.58615447963361,4.458837209302326
0.4480943727782547,0.4436714225987989,0.45171314,False,False,False,False,50.0,1,757.0699999999999,0.0,325.0,1870.2,0.9469387755102041,0.012345679012345678,96,31.0,4.804845310885507,9.346543209876543
0.1509255962934916,0.2255435972008053,0.089874506,False,False,False,False,167.0,7,309.9157142857143,0.0,201.25,337.71000000000004,0.7250463821892393,0.03954802259887006,94,10.0,5.472325967103606,1.7509362389023406
0.20743090172472084,0.2611344944517366,0.16349159,False,False,False,False,0.0,0,0.0,0.0,545.0,1159.47,0.20946196660482375,0.0,38,201.0,0.0,0.0
0.12672738994973295,0.21787253277870006,0.05215409,False,False,False,False,260.0,7,375.06,0.0,251.625,700.0,0.8033395176252319,0.025089605734767026,133,19.0,8.901184844784067,1.3443010752688171
0.8096126632888414,0.5769170030398054,1.0,True,False,False,False,280.0,19,159.21960784313725,0.0,92.4375,411.08000000000004,0.5387755102040817,0.18085106382978725,80,2.0,2.789349450461801,0.5646085384508414
0.1549063922479481,0.277087990942869,0.054939628,False,False,False,False,228.0,8,283.3725,0.0,120.33333333333333,487.70000000000005,0.6849721706864564,0.02867383512544803,184,51.0,6.201601818278177,1.0156720430107526
0.009121824587927391,0.0051551230898524425,0.012367307,False,False,False,False,0.0,0,0.0,0.0,158.0,230.57999999999998,0.20946196660482375,0.0,17,88.0,0.0,0.0
0.7789706169174215,0.8946866191330003,0.68429387,True,False,False,False,272.0,16,1752.254799999996,0.0,1361.46111111111,3685.0121999999938,0.9988868274582561,0.05776173285198556,107,5.0,6.307089439931105,19.014598375451264
0.31604101856486905,0.3423378445470092,0.2945254,False,False,False,False,50.0,1,583.24,0.0,531.0,1172.6,0.9098330241187385,0.011363636363636364,70,38.0,5.735016212610396,6.627727272727273
0.09166512366442287,0.1346889615899634,0.0564638,False,False,False,False,107.0,2,383.34000000000003,0.0,207.5,720.22,0.8092764378478664,0.013245033112582781,26,44.0,12.808413726331372,2.538675496688742
0.43524876697195625,0.4902970562010574,0.39020926,False,False,False,False,112.0,1,593.35,0.0,1361.46111111111,1522.11,0.9116883116883117,0.006756756756756757,59,36.0,13.560808323549889,4.009121621621622
0.4566207597019067,0.6194658564995373,0.32338387,False,False,False,False,217.0,19,230.9415,0.0,119.65217391304348,414.03000000000003,0.6300556586270872,0.0851063829787234,358,18.0,1.8337665988518816,0.9827297872340425
0.22276776853176378,0.3331312994818427,0.13247032,False,False,False,False,242.0,10,342.923,0.0,230.36363636363637,943.07,0.7651205936920222,0.04032258064516129,124,6.0,6.817564197997864,1.3827540322580645
0.022715182551818543,0.034809835970572744,0.0128195565,False,False,False,False,0.0,0,0.0,0.0,166.0,285.7,0.20946196660482375,0.0,37,93.0,0.0,0.0
0.17942230912725762,0.2807193693779273,0.096542895,False,False,False,False,252.0,6,323.1066666666666,0.0,224.375,743.17,0.7461966604823748,0.022058823529411766,236,20.0,6.178516814374298,1.187892156862745
0.738735942163472,0.5860676988813716,0.8636463,True,False,False,False,2.0,1,700.0,0.0,475.6666666666667,2862.06,0.939517625231911,0.012195121951219513,75,80.0,0.11547005383792516,8.536585365853659
0.007738437753409775,0.0024528931169391366,0.012062974,False,False,False,False,0.0,0,0.0,0.0,140.0,305.2,0.20946196660482375,0.0,18,86.0,0.0,0.0
0.1327607617177678,0.22289951320006074,0.059010874,False,False,False,False,86.0,2,224.385,0.0,115.0,417.62,0.62152133580705,0.007194244604316547,12,192.0,17.922911851336245,0.8071402877697842
0.14144063102794363,0.25956392111806237,0.044794302,False,False,False,False,227.0,7,525.9614285714285,0.0,324.875,795.8000000000001,0.8923933209647495,0.025925925925925925,81,43.0,6.722522696675795,1.948005291005291
0.38123860315648106,0.44192653797660464,0.33158484,False,False,False,False,231.0,4,824.075,0.0,617.6,1631.3,0.9576994434137291,0.014336917562724014,180,48.0,7.591158386380873,2.953673835125448
0.10731647657317117,0.153368639658164,0.06963743,False,False,False,False,178.0,3,412.34666666666664,0.0,190.0,902.09,0.8330241187384044,0.012711864406779662,50,58.0,15.700766430214895,1.747231638418079
0.5024394555137507,0.47584020721602255,0.52420247,True,False,False,False,249.0,15,313.87399999999997,0.0,183.25,1127.26,0.7346938775510204,0.05514705882352941,218,23.0,3.7671127204626997,1.1539485294117646
0.07418064080847522,0.14785417369500842,0.013902295,False,False,False,False,225.0,4,366.77750000000003,0.0,151.6,530.47,0.7948051948051948,0.014492753623188406,67,51.0,17.759562546855413,1.3289039855072464
0.39739253659169554,0.5782607758292595,0.24940942,False,False,False,False,281.0,19,162.1840740740741,0.0,71.17241379310344,356.75,0.5413729128014843,0.09540636042402827,161,2.0,3.7024270579083263,0.5730886009684597
0.1137066650999441,0.1881833250021171,0.052771214,False,False,False,False,224.0,6,380.955,0.0,151.625,614.2,0.8077922077922078,0.021660649819494584,107,53.0,10.471556158092877,1.3752888086642598
0.16135107096618032,0.23148924369691953,0.10396529,False,False,False,False,153.0,6,228.26500000000001,0.0,158.28571428571428,795.75,0.6263450834879406,0.03409090909090909,74,23.0,8.723100093861396,1.2969602272727274
0.2950552604171909,0.37647880924482624,0.228436,False,False,False,False,260.0,14,429.5157142857143,0.0,239.06666666666666,678.88,0.8460111317254174,0.050724637681159424,130,16.0,5.21143763306489,1.5562163561076605
0.11705891031489057,0.2013379250072833,0.04810335,False,False,False,False,154.0,4,164.01,0.0,78.0,282.54,0.5428571428571428,0.014388489208633094,85,124.0,10.513715385135786,0.5899640287769784
0.3967793795878558,0.39013655393540175,0.4022144,False,False,False,False,0.0,0,0.0,0.0,833.0,1096.82,0.20946196660482375,0.0,53,271.0,0.0,0.0
0.11477102834752692,0.205827950024417,0.04026991,False,False,False,False,130.0,3,423.8,0.0,157.8,718.64,0.8426716141001855,0.012345679012345678,82,113.0,8.850058158665666,1.7440329218106996
0.341305019833804,0.4235585583098748,0.27400666,False,False,False,False,267.0,6,419.0016666666667,0.0,348.42857142857144,561.62,0.8382189239332096,0.022058823529411766,399,5.0,5.210267566931131,1.540447303921569
1.000000011920929,1.0,1.0,True,False,False,False,262.0,19,1752.254799999996,0.0,1361.46111111111,3685.0121999999938,0.9992578849721707,0.10984848484848485,495,2.0,1.7492558533263685,23.279997387669802
0.16112650111135246,0.2457566542717351,0.091883644,False,False,False,False,269.0,4,599.6375,0.0,184.28571428571428,690.15,0.9128014842300557,0.01444043321299639,108,8.0,11.340344780749687,2.164756317689531
0.09862275614936056,0.16845274318365921,0.041489128,False,False,False,False,182.0,3,473.47666666666663,0.0,262.5,621.27,0.8708719851576995,0.013043478260869565,129,48.0,8.926670651279142,2.0585942028985507
0.3700594393900529,0.4445095390062631,0.30914572,False,False,False,False,208.0,2,600.0,0.0,515.6,1003.2,0.9131725417439703,0.0070921985815602835,5,74.0,59.86860613042532,2.127659574468085
0.06638927982915022,0.12491667936617751,0.018503224,False,False,False,False,164.0,4,325.78,0.0,203.6,517.05,0.749165120593692,0.018018018018018018,57,58.0,12.897633826920865,1.4674774774774773
0.17751236556488792,0.23381972309656762,0.13144271,False,False,False,False,0.0,0,0.0,0.0,495.0,825.04,0.20946196660482375,0.0,64,200.0,0.0,0.0
0.33995930072135483,0.4389054734721616,0.25900334,False,False,False,False,247.0,7,744.9228571428572,0.0,359.1111111111111,1381.92,0.9450834879406308,0.02527075812274368,231,30.0,5.749541377966207,2.68925219185147
0.4818593006209163,0.5094426298308434,0.4592911,False,False,False,False,59.0,1,1056.62,0.0,688.0,1092.43,0.9758812615955473,0.008,110,66.0,5.272727272727273,8.45296
0.14074608858309112,0.20710771670787248,0.08645021,False,False,False,False,137.0,4,470.37,0.0,351.2,688.0,0.8690166975881262,0.024539877300613498,28,26.0,13.512019832101371,2.8857055214723926
0.259901057585843,0.35357331987832996,0.18326011,False,False,False,False,66.0,2,786.7149999999999,0.0,420.3333333333333,1009.69,0.9532467532467532,0.014084507042253521,110,76.0,4.254670600780851,5.540246478873239
0.06512695756671769,0.10243937002548337,0.03459862,False,False,False,False,0.0,0,0.0,0.0,102.0,433.5,0.20946196660482375,0.0,2,264.0,0.0,0.0
0.3590923515928111,0.41978752568305017,0.30943266,False,False,False,False,64.0,1,771.75,0.0,407.0,771.75,0.9510204081632653,0.01,173,36.0,4.776017674547097,7.7175
0.15814664812642004,0.27297822638259256,0.06419354,False,False,False,False,65.0,1,640.86,0.0,189.75,803.66,0.9235621521335807,0.005813953488372093,65,107.0,7.490633420552358,3.72593023255814
0.15545349996868515,0.25194394216678195,0.07650677,False,False,False,False,254.0,5,644.242,0.0,267.2857142857143,802.65,0.9246753246753247,0.01824817518248175,132,20.0,9.455308019357838,2.3512481751824814
0.24306236066933884,0.3827057416464756,0.12880868,False,False,False,False,280.0,13,374.4507692307692,0.0,121.71428571428571,495.4,0.8022263450834879,0.045936395759717315,58,3.0,7.363947228913225,1.3231475944550148
0.31850821722663886,0.46078516816910653,0.2020998,False,False,False,False,223.0,13,204.36846153846153,0.0,104.71428571428571,419.19,0.5940630797773655,0.05701754385964912,264,5.0,3.293505874761813,0.8963529014844804
0.7708551143115259,0.6739708128914781,0.85012406,True,False,False,False,2.0,1,1520.1100000000001,0.0,597.5,1520.1100000000001,0.987012987012987,0.004016064257028112,69,247.0,0.12038585308576914,6.104859437751005
0.5172385188809773,0.6164184020342077,0.43609133,True,False,False,False,278.0,18,207.9688888888889,0.0,113.10526315789474,471.01,0.6,0.06451612903225806,367,1.0,2.824595155066003,0.7454082039028276
0.14702985658052398,0.21872096257745854,0.0883735,False,False,False,False,108.0,1,414.77,0.0,431.5,609.01,0.8337662337662337,0.0045045045045045045,60,114.0,13.170789534788597,1.8683333333333332
0.17678248354069317,0.27509146748366015,0.09634786,False,False,False,False,217.0,8,479.21625,0.0,327.3333333333333,720.92,0.8719851576994434,0.032388663967611336,107,30.0,7.053978365127639,1.9401467611336032
0.21040186257166782,0.31099938620026724,0.12809479,False,False,False,False,170.0,3,644.68,0.0,404.5,729.07,0.9250463821892393,0.010752688172043012,119,109.0,6.793293121287076,2.310681003584229
0.5982057109930803,0.7765431769376969,0.45229322,True,False,False,False,174.0,3,1752.254799999996,0.0,927.4,3685.0121999999938,0.9944341372912802,0.013157894736842105,163,54.0,9.13744992923702,12.110716374269005
0.23227719228870236,0.3551637135480634,0.13173367,False,False,False,False,185.0,7,674.2571428571429,0.0,327.0833333333333,910.98,0.9358070500927643,0.03608247422680412,140,9.0,4.951828937368249,3.4755522827687777
0.8875017791787093,0.7500039272395119,1.0,True,False,False,False,280.0,19,140.47954545454544,0.0,67.95774647887323,338.83,0.509090909090909,0.2332155477031802,718,3.0,0.7610428425467032,0.49639415354963057
0.07872668182309026,0.1316721218704196,0.035407685,False,False,False,False,168.0,4,376.775,0.0,123.2,515.38,0.8044526901669758,0.020942408376963352,53,23.0,10.916635213225533,1.9726439790575916
0.11604671955766316,0.17954285013812638,0.06409534,False,False,False,False,196.0,2,379.255,0.0,261.5,497.26,0.8063079777365492,0.007246376811594203,125,80.0,12.275040191893403,1.3741123188405797
0.14611641732424713,0.2663721608910343,0.047725353,False,False,False,False,256.0,3,250.18999999999997,0.0,90.25,400.8,0.647495361781076,0.011363636363636364,14,8.0,36.03123644839294,0.9476893939393938
0.082998294235632,0.15528102062116106,0.02385788,False,False,False,False,38.0,1,105.49000000000001,0.0,47.5,105.49000000000001,0.4575139146567718,0.011111111111111112,56,52.0,4.858338015809734,1.172111111111111
0.030350014132298937,0.03400481933694838,0.027359718,False,False,False,False,0.0,0,0.0,0.0,187.0,324.83,0.20946196660482375,0.0,18,20.0,0.0,0.0
0.09481347638458686,0.1770711029423757,0.027511781,False,False,False,False,171.0,3,470.77,0.0,283.25,591.09,0.8693877551020408,0.011363636363636364,88,93.0,9.711777070206352,1.783219696969697
0.1324335675613605,0.23177084490690475,0.051157612,False,False,False,False,180.0,7,199.62714285714287,0.0,229.25,494.51,0.590352504638219,0.03317535545023697,40,31.0,8.856417716261014,0.9461002031144212
0.13422474571015633,0.2182484900056476,0.06547804,False,False,False,False,260.0,7,328.2185714285714,0.0,281.0,366.06,0.7517625231910946,0.026022304832713755,102,9.0,8.339607748222864,1.2201433882103025
0.13450332916109634,0.21802674976386122,0.06616598,False,False,False,False,139.0,3,322.81666666666666,0.0,187.5,967.5700000000002,0.7454545454545455,0.010948905109489052,50,135.0,10.033924976645666,1.1781630170316302
0.1442725734423212,0.1790798044890412,0.11579392,False,False,False,False,0.0,0,0.0,0.0,459.0,828.84,0.20946196660482375,0.0,39,192.0,0.0,0.0
0.08101891417520014,0.13410518294609847,0.037584692,False,False,False,False,189.0,3,387.0933333333333,0.0,83.57142857142857,377.3,0.8126159554730983,0.012875536480686695,50,44.0,14.527324922328512,1.6613447782546493
0.20147598515391651,0.2653859054697951,0.14918604,False,False,False,False,258.0,7,453.95714285714286,0.0,206.63636363636363,1052.56,0.8589981447124304,0.025547445255474453,150,16.0,8.695978208785116,1.6567778936392075
0.4879545390629767,0.5427342918237047,0.44313473,False,False,False,False,142.0,2,1474.115,0.0,321.6666666666667,1838.9099999999999,0.9862708719851577,0.008298755186721992,135,99.0,9.879053331964085,6.116659751037345
0.20757629769998068,0.22656232224476058,0.19204228,False,False,False,False,0.0,0,0.0,0.0,659.0,851.09,0.20946196660482375,0.0,48,15.0,0.0,0.0
0.3644580076660914,0.4727337052482592,0.2758688,False,False,False,False,273.0,19,324.1978947368421,0.0,90.6,429.9,0.7473098330241187,0.06909090909090909,35,2.0,7.381243704193058,1.1789014354066985
0.05229516282934559,0.09260886560454662,0.019311223,False,False,False,False,0.0,0,0.0,0.0,106.0,288.5,0.20946196660482375,0.0,16,282.0,0.0,0.0
0.23733807937605494,0.35960652400615734,0.13730025,False,False,False,False,74.0,5,325.422,0.0,195.5,756.1,0.7487940630797774,0.05154639175257732,110,23.0,3.8774685278388157,3.3548659793814437
0.2217211850868594,0.2740771027377207,0.17888452,False,False,False,False,108.0,3,303.81333333333333,0.0,421.5,377.52,0.7087198515769945,0.011194029850746268,50,160.0,9.856733295409313,1.13363184079602
0.23903846169126816,0.34762025264927165,0.15019882,False,False,False,False,214.0,5,735.6,0.0,389.5,1159.06,0.9428571428571428,0.0211864406779661,170,22.0,10.928426772270633,3.116949152542373
0.10892053416681194,0.19899029911252974,0.03522709,False,False,False,False,263.0,6,236.245,0.0,181.71428571428572,315.13,0.6348794063079778,0.021739130434782608,82,13.0,10.166788831227032,0.8559601449275362
0.17550469242130906,0.2556445130064574,0.109935746,False,False,False,False,70.0,1,652.22,0.0,225.66666666666666,574.46,0.9280148423005566,0.00819672131147541,55,52.0,8.625,5.346065573770492
0.16008191109153047,0.24013102717868523,0.09458718,False,False,False,False,241.0,2,656.345,0.0,197.25,676.54,0.9291280148423006,0.007380073800738007,93,30.0,17.217180358225214,2.4219372693726937
0.20230751345428422,0.35795094756887125,0.074962884,False,False,False,False,266.0,9,288.1077777777778,0.0,240.9,620.35,0.689795918367347,0.03225806451612903,260,13.0,6.482308026141138,1.0326443647949026
0.28019727230958213,0.40889495414477967,0.17489916,False,False,False,False,231.0,14,389.7414285714285,0.0,60.4,645.56,0.8155844155844156,0.05017921146953405,38,48.0,8.098660421909077,1.3969226830517152
0.11937793436770032,0.19643131435192052,0.056334257,False,False,False,False,157.0,6,396.67333333333335,0.0,197.14285714285714,524.5,0.8218923933209648,0.034482758620689655,55,17.0,5.622296864807868,2.2797318007662835
0.5257433511072869,0.7154783953680979,0.37050557,True,False,False,False,267.0,12,1076.61,0.0,550.8571428571429,3685.0121999999938,0.9781076066790353,0.04363636363636364,13,8.0,16.42500005420477,3.914945454545454
0.18342645720383083,0.2543818510404462,0.12537204,False,False,False,False,241.0,6,540.235,0.0,175.14285714285714,968.5,0.8979591836734694,0.021505376344086023,122,38.0,9.676829897997163,1.936326164874552
0.13267462404717162,0.20489621663864355,0.07358423,False,False,False,False,113.0,3,284.66,0.0,212.4,323.87,0.6853432282003711,0.010869565217391304,61,163.0,8.903137951566032,1.031376811594203
0.17498899154069308,0.23891170603704193,0.122688584,False,False,False,False,117.0,4,538.1275,0.0,249.0,895.44,0.8957328385899814,0.024691358024691357,103,45.0,5.003980183959417,3.321774691358025
0.0343328888074651,0.0350475448935329,0.03374817,False,False,False,False,0.0,0,0.0,0.0,208.0,303.8,0.20946196660482375,0.0,19,19.0,0.0,0.0
0.3902747499029857,0.4921172762537494,0.30694905,False,False,False,False,265.0,12,810.8691666666667,0.0,362.6,1209.8,0.9558441558441558,0.04363636363636364,208,10.0,4.941242214345402,2.9486151515151517
0.0779169312336637,0.13430519622091747,0.031781077,False,False,False,False,137.0,4,254.9375,0.0,137.8,530.4,0.6541743970315399,0.022727272727272728,49,39.0,10.346266399210753,1.4485085227272727
0.17718887449080678,0.28178301389073734,0.09161185,False,False,False,False,80.0,2,457.77,0.0,335.3333333333333,722.64,0.863821892393321,0.0070921985815602835,64,202.0,8.504762543157396,1.6232978723404254
0.17355306699847015,0.290484334693459,0.07788203,False,False,False,False,49.0,1,529.01,0.0,170.5,656.7,0.8935064935064935,0.0036363636363636364,25,226.0,8.763560920082655,1.9236727272727272
0.22138028148565678,0.303609112981381,0.15410215,False,False,False,False,163.0,3,506.38333333333327,0.0,491.4,682.81,0.8842300556586271,0.012396694214876033,172,79.0,6.381522697494146,2.092493112947658
0.41136908440626796,0.4799572937761664,0.35525146,False,False,False,False,142.0,14,342.815,0.0,232.76470588235293,604.73,0.7647495361781076,0.09271523178807947,140,9.0,1.918775530374222,2.270298013245033
0.12302949112598745,0.2468499214438299,0.021721866,False,False,False,False,247.0,8,226.0175,0.0,119.55555555555556,364.4,0.6244897959183674,0.028268551236749116,91,36.0,8.882707851500589,0.798648409893993
0.24274624912257098,0.3974879787655915,0.116139375,False,False,False,False,274.0,15,224.876,0.0,103.0,453.7,0.6226345083487941,0.0539568345323741,89,4.0,5.159723620543534,0.8089064748201439
0.08348350824881046,0.15783478075637747,0.022650648,False,False,False,False,233.0,5,353.988,0.0,241.33333333333334,625.04,0.7788497217068646,0.020491803278688523,50,11.0,12.75311142845697,1.4507704918032787
0.1007626901433891,0.11629376706503625,0.08805545,False,False,False,False,0.0,0,0.0,0.0,300.0,933.3,0.20946196660482375,0.0,32,114.0,0.0,0.0
0.25423328907354215,0.40931713980797346,0.1273465,False,False,False,False,111.0,1,984.39,0.0,439.5,984.39,0.9721706864564007,0.006993006993006993,64,32.0,13.339459376998313,6.883846153846154
0.18707207713909796,0.20155158582413307,0.1752252,False,False,False,False,43.0,3,296.79333333333335,0.0,318.5,489.1,0.6983302411873841,0.024390243902439025,37,80.0,3.7346175736014295,2.4129539295392957
0.4049555069250891,0.563094253019719,0.27556926,False,False,False,False,275.0,9,974.9133333333334,0.0,398.27272727272725,2474.7400000000002,0.9703153988868275,0.03180212014134275,47,8.0,16.013047999597855,3.4449234393404007
0.32712786387838577,0.3579647119715843,0.3018977,False,False,False,False,264.0,5,519.6,0.0,551.8333333333334,671.56,0.8901669758812616,0.018518518518518517,206,6.0,5.789680478701724,1.9244444444444446
0.2883816023319216,0.3148709976340337,0.26670846,False,False,False,False,261.0,3,353.4066666666667,0.0,138.0,940.8,0.7777365491651206,0.010869565217391304,25,15.0,44.05494820719306,1.2804589371980677
0.11608748297511247,0.20489697181778277,0.043425173,False,False,False,False,266.0,4,472.8175,0.0,137.875,572.38,0.8701298701298701,0.014184397163120567,68,16.0,16.75653929650757,1.6766578014184397
0.12237896558242652,0.22629243574976066,0.037358854,False,False,False,False,266.0,8,320.85875,0.0,192.55555555555554,358.7,0.7443413729128014,0.02952029520295203,90,5.0,8.14058829855539,1.183980627306273
0.34649099516996545,0.44737349192585774,0.26395077,False,False,False,False,85.0,2,1013.0,0.0,245.0,1537.2,0.9736549165120594,0.010416666666666666,127,107.0,5.333369113948972,5.276041666666667
0.09738987328047623,0.15236662944014578,0.05240889,False,False,False,False,151.0,1,466.82,0.0,190.0,466.82,0.8671614100185528,0.0053475935828877,42,36.0,22.764106515621126,2.496363636363636
0.3173609507052181,0.47444108061615575,0.18884084,False,False,False,False,246.0,11,719.3436363636364,0.0,276.0,1714.25,0.9410018552875695,0.03900709219858156,101,36.0,6.142338618101583,2.5508639587362993
0.06912680164718898,0.11263797698736794,0.03352675,False,False,False,False,70.0,1,210.8,0.0,134.0,217.43,0.6029684601113172,0.005649717514124294,27,107.0,13.279056191361388,1.1909604519774013
0.9655063784363023,0.9233474811452741,1.0,True,False,False,False,238.0,11,1752.254799999996,0.0,1361.46111111111,3685.0121999999938,1.0,0.044534412955465584,382,9.0,3.380087166313104,34.99319101950681
0.11633989093757932,0.1967009999256943,0.050589893,False,False,False,False,211.0,6,309.1166666666667,0.0,127.57142857142857,336.8,0.723191094619666,0.021739130434782608,96,65.0,7.420298769097221,1.119987922705314
0.17605289977465183,0.2817237495641821,0.08959493,False,False,False,False,251.0,1,310.76,0.0,135.5,310.76,0.7276437847866419,0.0037313432835820895,25,17.0,46.60952988243999,1.15955223880597
0.10509558426587563,0.1627092732819977,0.057957113,False,False,False,False,174.0,5,437.64,0.0,216.0,600.0,0.850834879406308,0.02262443438914027,31,47.0,10.434730785093462,1.9802714932126697
0.4845426659861946,0.5664378693986256,0.41753748,False,False,False,False,0.0,0,0.0,0.0,879.0,3685.0121999999938,0.20946196660482375,0.0,19,177.0,0.0,0.0
0.12209575343639943,0.17297370772695747,0.080468334,False,False,False,False,118.0,1,310.82,0.0,420.5,310.82,0.7280148423005566,0.0058823529411764705,38,52.0,19.142127693429977,1.8283529411764705
0.39722740375231935,0.489068223883294,0.3220849,False,False,False,False,274.0,16,338.7125,0.0,186.11111111111111,609.9,0.7606679035250464,0.05755395683453238,268,4.0,4.070463170177085,1.218390287769784
0.05648478756594512,0.1054332256923749,0.016436065,False,False,False,False,120.0,2,360.37,0.0,154.33333333333334,464.94,0.7873840445269017,0.013888888888888888,51,24.0,10.749304209278218,2.5025694444444446
0.08210089272610836,0.15116026895691936,0.025597766,False,False,False,False,123.0,2,431.76,0.0,242.75,720.86,0.8471243042671615,0.010309278350515464,45,71.0,10.871782911280734,2.225567010309278
0.12926003646005862,0.18168952589012233,0.08636318,False,False,False,False,192.0,5,481.52200000000005,0.0,111.55555555555556,540.36,0.8749536178107606,0.022222222222222223,61,33.0,11.123320043797257,2.140097777777778
0.3681860846675629,0.552981972119807,0.21698944,False,False,False,False,234.0,9,894.4644444444444,0.0,694.9230769230769,1830.72,0.9640074211502783,0.0379746835443038,188,3.0,4.886759034805604,3.7741115799343645
0.21771639342774135,0.26169660479203816,0.18173258,False,False,False,False,0.0,0,0.0,0.0,665.0,1212.26,0.20946196660482375,0.0,42,61.0,0.0,0.0
0.4011014607205944,0.38733510102496244,0.41236484,False,False,False,False,157.0,3,1049.6299999999999,0.0,353.2857142857143,903.87,0.975139146567718,0.011111111111111112,17,113.0,14.65419315267488,3.887518518518518
0.21139336917285753,0.28678514435301516,0.14970918,False,False,False,False,98.0,4,497.02,0.0,201.5,596.4,0.8808905380333952,0.014814814814814815,25,172.0,7.382869583368253,1.8408148148148147
0.01197100868659558,0.018047154264866028,0.0069996165,False,False,False,False,0.0,0,0.0,0.0,100.0,198.2,0.20946196660482375,0.0,8,163.0,0.0,0.0
0.11594127067656855,0.20005311703751572,0.047122486,False,False,False,False,97.0,1,630.84,0.0,270.5,630.84,0.9209647495361781,0.005649717514124294,57,80.0,12.393546707863722,3.5640677966101695
0.11604556855551854,0.21013734334028328,0.03906139,False,False,False,False,260.0,7,344.4057142857143,0.0,107.75,442.96,0.7684601113172542,0.025089605734767026,34,19.0,12.65800394764588,1.2344290834613416
0.4185555220228362,0.5248644816835563,0.33157545,False,False,False,False,261.0,13,437.8007692307692,0.0,133.8125,687.08,0.8515769944341373,0.04659498207885305,367,18.0,2.952092669973107,1.5691783843396747
0.2756952224845861,0.43214306868340674,0.14769244,False,False,False,False,118.0,1,1067.88,0.0,472.0,1067.8799999999999,0.9766233766233766,0.005376344086021506,95,68.0,11.418030853497855,5.741290322580646
0.6751903356823514,0.7571652998997527,0.6081199,True,False,False,False,171.0,3,1752.254799999996,0.0,1029.6,3678.03,0.9910946196660483,0.016129032258064516,111,15.0,12.72279258926479,9.94894265232975
0.0232799439286659,0.016706804137642695,0.028657967,False,False,False,False,0.0,0,0.0,0.0,199.0,354.45,0.20946196660482375,0.0,15,106.0,0.0,0.0
0.10340729566758472,0.1594790614831359,0.057530396,False,False,False,False,194.0,4,307.4225,0.0,295.0,320.42,0.7179962894248608,0.0182648401826484,76,25.0,9.983766278816994,1.403755707762557
0.058622482449511154,0.12539344577480127,0.003991694,False,False,False,False,159.0,4,262.9825,0.0,128.4,358.31,0.6612244897959184,0.01818181818181818,62,61.0,10.971269297579024,1.195375
0.2440245608732989,0.3499934431018411,0.15732275,False,False,False,False,242.0,10,406.337,0.0,298.45454545454544,843.78,0.8293135435992579,0.03597122302158273,152,36.0,5.661396516480126,1.4616438848920863
0.467747564674064,0.4429557490363043,0.48803174,False,False,False,False,271.0,17,463.7458823529412,0.0,176.55,835.11,0.8656771799628943,0.060498220640569395,149,10.0,4.187045919436961,1.650341218337869
0.28924210549539237,0.36584503520740197,0.22656697,False,False,False,False,173.0,4,867.8,0.0,331.85714285714283,1175.32,0.9617810760667903,0.022598870056497175,137,4.0,6.830860009518057,4.902824858757062
0.3124344911183946,0.3661121187400007,0.26851642,False,False,False,False,0.0,0,0.0,0.0,733.0,1124.49,0.20946196660482375,0.0,71,4.0,0.0,0.0
0.2254796308897388,0.3553179199215333,0.1192483,False,False,False,False,224.0,7,298.25428571428574,0.0,252.125,454.99,0.6998144712430426,0.025362318840579712,280,52.0,5.132706337867427,1.0806314699792963
0.3821503387996034,0.36389381071118876,0.39708748,False,False,False,False,72.0,1,223.20000000000002,0.0,54.0,279.0,0.6185528756957328,0.0035335689045936395,2,211.0,50.91168824543142,0.7886925795053004
0.30879629671259723,0.4849619726270217,0.16466074,False,False,False,False,265.0,19,398.63,0.0,140.46428571428572,806.28,0.8244897959183674,0.0812720848056537,50,18.0,4.44286710361209,1.4085865724381625
0.5734311813719264,0.7324198936107402,0.4433495,True,False,False,False,123.0,2,1752.254799999996,0.0,808.0,2422.15,0.9936920222634509,0.010638297872340425,179,65.0,5.737306495155375,12.333510638297872
0.1629860925925678,0.24747115114285018,0.09386195,False,False,False,False,203.0,6,224.57499999999996,0.0,130.28571428571428,762.0,0.6218923933209648,0.027149321266968326,9,18.0,21.14859706682069,1.016176470588235
0.08070696261589284,0.14734429876152133,0.026185505,False,False,False,False,178.0,2,163.105,0.0,68.33333333333333,164.01,0.5424860853432282,0.0072992700729927005,49,96.0,18.15832248101886,0.5952737226277371
0.5308296477231187,0.6916693394786346,0.39923352,True,False,False,False,164.0,2,1752.254799999996,0.0,933.3333333333334,2327.0,0.9925788497217068,0.00980392156862745,8,40.0,28.200472809275144,9.85049019607843
0.8944872772059904,0.7655272561890255,1.0,True,False,False,False,0.0,0,0.0,0.0,1361.46111111111,3107.08,0.20946196660482375,0.0,262,40.0,0.0,0.0
0.5565497499375983,0.47270210179343136,0.62515235,True,False,False,False,254.0,11,579.6418181818182,0.0,617.2,748.94,0.9090909090909091,0.04182509505703422,9,9.0,11.019003571844053,2.2039612858624267
0.08597945914712365,0.15295649421539165,0.031180067,False,False,False,False,112.0,2,356.56500000000005,0.0,192.75,728.16,0.7818181818181819,0.008620689655172414,44,120.0,10.777940703377208,1.5369181034482762
0.4474005909384062,0.6303593983519452,0.29770702,False,False,False,False,253.0,6,1343.4966666666667,0.0,577.2222222222222,3243.13,0.984786641929499,0.022813688212927757,78,10.0,11.690644370210368,5.108352344740178
0.4785355786896068,0.5738638198853241,0.40053973,False,False,False,False,271.0,19,224.25157894736842,0.0,149.7,287.22,0.6211502782931354,0.06884057971014493,281,5.0,2.323525338560877,0.8125057208237986
0.2552075379247798,0.31635282617042093,0.20517957,False,False,False,False,236.0,7,678.7742857142857,0.0,125.88888888888889,968.4,0.9369202226345084,0.024822695035460994,56,46.0,10.864240042990197,2.407001013171226
0.220468154957268,0.3172053041510523,0.14131957,False,False,False,False,258.0,10,408.569,0.0,214.25,587.3,0.8315398886827459,0.03731343283582089,174,10.0,4.59693035158548,1.5245111940298508
0.33810581264590134,0.5061976611105361,0.20057611,False,False,False,False,123.0,1,1325.23,0.0,536.5,1325.23,0.9844155844155844,0.006097560975609756,77,41.0,13.341223155847356,8.080670731707317
0.2045359754003505,0.26142967926957433,0.15798658,False,False,False,False,172.0,3,728.1366666666667,0.0,267.1666666666667,794.41,0.9421150278293136,0.013513513513513514,151,50.0,8.320242888644465,3.2798948948948947
0.10602170373262151,0.19963416695067582,0.029429687,False,False,False,False,238.0,4,519.7674999999999,0.0,318.0,711.79,0.8905380333951762,0.01444043321299639,82,39.0,10.56983655291941,1.876416967509025
0.21275360761472406,0.297451447080436,0.14345537,False,False,False,False,158.0,4,712.1125,0.0,255.28571428571428,972.72,0.9402597402597402,0.014598540145985401,82,116.0,10.608001006905942,2.598950729927007
0.3345226510486957,0.39751096215997733,0.28298676,False,False,False,False,238.0,8,305.395,0.0,205.88888888888889,481.68,0.712430426716141,0.02952029520295203,389,33.0,4.138773232123719,1.1269188191881918
0.06118103762830603,0.11563324253018936,0.016629234,False,False,False,False,175.0,2,263.07500000000005,0.0,87.66666666666667,307.97,0.661595547309833,0.009302325581395349,43,40.0,21.76423765759617,1.223604651162791
0.15597225774120133,0.2287882825575679,0.09639551,False,False,False,False,107.0,4,399.58000000000004,0.0,172.83333333333334,1138.67,0.8256029684601113,0.020618556701030927,79,87.0,6.017282434324892,2.059690721649485
0.07475352173658606,0.12031697312135159,0.037474334,False,False,False,False,0.0,0,0.0,0.0,2.0,5.9,0.20946196660482375,0.0,1,86.0,0.0,0.0
0.06678195913927482,0.1220436055140744,0.021567885,False,False,False,False,195.0,2,384.70000000000005,0.0,122.0,398.79,0.8103896103896104,0.008032128514056224,53,54.0,20.520038750466064,1.544979919678715
0.1298296494442428,0.17855284239588065,0.08996522,False,False,False,False,155.0,3,456.8866666666667,0.0,211.14285714285714,984.88,0.8623376623376623,0.016216216216216217,96,30.0,7.675986314111378,2.469657657657658
0.1509690504742665,0.19808273270682114,0.11242149,False,False,False,False,41.0,3,341.5133333333333,0.0,156.5,355.12,0.7636363636363637,0.018292682926829267,39,123.0,4.352726763155847,2.08239837398374
0.11000407035615062,0.1969773180609724,0.03884414,False,False,False,False,220.0,7,392.0414285714286,0.0,269.0,586.01,0.8178107606679035,0.029661016949152543,86,16.0,7.391993636911289,1.6611924939467313
0.9694193138802899,0.9320428932430243,1.0,True,False,False,False,266.0,19,1669.2414814814817,0.0,1252.051282051282,3547.34,0.9884972170686457,0.09540636042402827,309,17.0,2.6354815344970444,5.8983797932207835
0.08723676693829287,0.14232855135406364,0.04216167,False,False,False,False,57.0,2,192.77,0.0,110.0,500.2,0.5799628942486086,0.013333333333333334,42,93.0,7.486823442056405,1.2851333333333335
0.19629321259159835,0.3365242483858486,0.08155873,False,False,False,False,190.0,8,457.1125,0.0,207.27272727272728,1329.36,0.862708719851577,0.04020100502512563,96,9.0,6.892662064154634,2.2970477386934673
0.3862062130072443,0.5636006005823012,0.24106535,False,False,False,False,166.0,4,1053.11,0.0,457.14285714285717,2639.38,0.9755102040816327,0.020202020202020204,208,32.0,4.970202786612866,5.318737373737373
0.08294500149965786,0.12317762441503788,0.0500274,False,False,False,False,0.0,0,0.0,0.0,3.0,16.7,0.20946196660482375,0.0,3,39.0,0.0,0.0
0.14256104619514262,0.14525235894016236,0.14035906,False,False,False,False,0.0,0,0.0,0.0,522.0,810.56,0.20946196660482375,0.0,14,132.0,0.0,0.0
0.2730514481604212,0.3794101708332948,0.18603067,False,False,False,False,274.0,13,316.59769230769234,0.0,232.28571428571428,613.54,0.7395176252319109,0.04710144927536232,171,2.0,4.927670375533739,1.147093088071349
0.10579888341807404,0.17808738694109472,0.046653744,False,False,False,False,210.0,3,181.63,0.0,66.6,244.48,0.5636363636363636,0.012396694214876033,111,32.0,10.182748849199518,0.7505371900826446
0.14703371585891045,0.20733167366816813,0.097699024,False,False,False,False,133.0,3,488.8766666666667,0.0,366.25,753.66,0.8775510204081632,0.019230769230769232,76,23.0,7.940140305167139,3.133824786324787
0.39747637786116363,0.5339972901707702,0.28577745,False,False,False,False,168.0,10,769.993,0.0,437.54545454545456,1743.48,0.9506493506493506,0.0423728813559322,154,68.0,3.3396966268272217,3.2626822033898306
0.22918653164752448,0.3928801014345691,0.09525543,False,False,False,False,266.0,12,178.25833333333333,0.0,99.0,337.02,0.5602968460111317,0.04363636363636364,173,9.0,5.323949876292056,0.6482121212121212
0.3045202386864493,0.31519721889682817,0.29578453,False,False,False,False,213.0,2,795.76,0.0,237.0,1378.48,0.9543599257884973,0.009174311926605505,86,5.0,15.871290273762735,3.6502752293577982
0.015327444739488518,0.012409185104563847,0.017715111,False,False,False,False,0.0,0,0.0,0.0,143.0,314.15000000000003,0.20946196660482375,0.0,13,54.0,0.0,0.0
0.16736663140847008,0.21553759791219057,0.12795402,False,False,False,False,82.0,2,432.03,0.0,130.25,1120.53,0.8478664192949907,0.010471204188481676,42,109.0,8.148494289356378,2.261937172774869
0.23716061916669923,0.27270910600204634,0.2080755,False,False,False,False,6.0,1,301.2,0.0,276.5,301.2,0.7027829313543599,0.019230769230769232,42,46.0,0.7808688094430303,5.792307692307692
0.21729457747251585,0.3039030150420311,0.14643313,False,False,False,False,121.0,3,606.66,0.0,265.2,820.4,0.9153988868274583,0.011406844106463879,158,142.0,5.632815808058097,2.3066920152091255
0.21070432994111454,0.36612759769722436,0.083539836,False,False,False,False,242.0,8,117.0575,0.0,69.4,168.28,0.47421150278293134,0.032388663967611336,192,5.0,4.614700625626133,0.473917004048583
0.2977819785213446,0.3818136552386759,0.22902879,False,False,False,False,44.0,3,197.04,0.0,89.5,245.74,0.5866419294990723,0.05660377358490566,110,9.0,2.1176155719816605,3.7177358490566035
0.30032578423314027,0.4080222285388295,0.2122105,False,False,False,False,277.0,15,266.02733333333333,0.0,92.125,433.0,0.6667903525046383,0.053763440860215055,127,2.0,5.430783943141864,0.9535029868578255
0.33381884734672657,0.3832955038291956,0.29333794,False,False,False,False,254.0,12,523.8883333333333,0.0,201.94736842105263,1048.64,0.8920222634508349,0.04460966542750929,153,15.0,4.672195863982925,1.947540272614622
0.5590454001800602,0.7591621985206748,0.39531347,True,False,False,False,213.0,3,1752.254799999996,0.0,866.0,3685.0121999999938,0.9951762523191094,0.010676156583629894,15,68.0,23.60081941900911,9.941826809015422
0.07568111091845145,0.1311643009382908,0.030285774,False,False,False,False,58.0,1,225.81,0.0,77.5,225.81,0.6241187384044526,0.010869565217391304,22,34.0,12.65663763368756,2.4544565217391305
0.388763485010324,0.49791362033035597,0.29945883,False,False,False,False,199.0,3,1101.5066666666667,0.0,649.75,1321.25,0.9792207792207792,0.011235955056179775,177,68.0,8.832527055954335,4.125493133583022
0.5820390209710838,0.6187783182012244,0.5519796,True,False,False,False,167.0,2,1748.2599999999998,0.0,784.0,2060.0299999999997,0.9899814471243042,0.010810810810810811,124,18.0,8.097788379379459,9.450054054054053
0.0216003518473463,0.021994577910360746,0.021277802,False,False,False,False,0.0,0,0.0,0.0,177.0,385.14,0.20946196660482375,0.0,17,44.0,0.0,0.0
0.031231976102452697,0.05688959833518492,0.010239376,False,False,False,False,0.0,0,0.0,0.0,76.0,163.8,0.20946196660482375,0.0,5,223.0,0.0,0.0
0.19297532968197237,0.295070762600589,0.1094427,False,False,False,False,267.0,8,422.04375,0.0,384.77777777777777,855.86,0.8419294990723563,0.028268551236749116,84,16.0,8.761237994013158,1.4913206713780918
0.11359839394010876,0.20136046888249393,0.04179306,False,False,False,False,195.0,5,324.86800000000005,0.0,159.0,385.66,0.7484230055658627,0.01773049645390071,114,87.0,6.758535996382718,1.1520141843971634
0.43562245092457064,0.38977840921758566,0.4731312,False,False,False,False,237.0,3,571.2766666666666,0.0,513.75,2157.64,0.9061224489795918,0.010948905109489052,97,37.0,11.77667850455094,2.0849513381995135
0.4207299392006728,0.5138065507195466,0.34457633,False,False,False,False,195.0,2,1407.675,0.0,361.3333333333333,1862.7,0.9855287569573283,0.009708737864077669,41,11.0,16.248630615227516,6.833373786407766
0.5281730837288421,0.5405129208968572,0.51807684,True,False,False,False,216.0,14,630.9328571428571,0.0,361.26666666666665,1238.06,0.9213358070500928,0.05054151624548736,219,61.0,3.172528786980131,2.277735946364105
0.15228669490689317,0.1975358723771634,0.11526463,False,False,False,False,173.0,4,324.26,0.0,388.4,401.58000000000004,0.7476808905380334,0.0149812734082397,40,94.0,10.441132573492654,1.2144569288389513
0.0980667451826559,0.14258719534958436,0.06164092,False,False,False,False,97.0,1,319.34,0.0,353.0,430.46000000000004,0.7428571428571429,0.007874015748031496,49,30.0,13.451479758461812,2.5144881889763777
0.1273467730030822,0.2304181628857293,0.043015637,False,False,False,False,271.0,3,417.47,0.0,189.0,530.47,0.8371057513914657,0.010869565217391304,78,5.0,21.55646787988676,1.512572463768116
0.12548080474636142,0.1975589248979795,0.066507794,False,False,False,False,194.0,5,439.51599999999996,0.0,247.83333333333334,628.85,0.8526901669758813,0.02074688796680498,153,47.0,6.353959933153055,1.8237178423236513
0.024052769639432748,0.034688410545588244,0.015350882,False,False,False,False,0.0,0,0.0,0.0,164.0,426.6,0.20946196660482375,0.0,16,200.0,0.0,0.0
0.021327910911474207,0.03577450903793966,0.009507967,False,False,False,False,0.0,0,0.0,0.0,85.0,196.49,0.20946196660482375,0.0,33,123.0,0.0,0.0
0.13057048738090826,0.23991402089791458,0.041107595,False,False,False,False,235.0,6,272.31333333333333,0.0,142.71428571428572,372.41,0.6727272727272727,0.02214022140221402,209,36.0,5.523907101805797,1.0048462484624847
0.11105327579447295,0.12440488345244782,0.10012923,False,False,False,False,0.0,0,0.0,0.0,488.0,720.0,0.20946196660482375,0.0,28,120.0,0.0,0.0
0.47844620855964615,0.546487786423661,0.4227758,False,False,False,False,182.0,2,1498.37,0.0,392.0,1592.61,0.9866419294990724,0.009433962264150943,174,30.0,8.601476965600197,7.067783018867924
0.5436948433430603,0.5639021032191229,0.5271616,True,False,False,False,199.0,6,938.0749999999999,0.0,262.9230769230769,2346.34,0.9680890538033395,0.03,242,1.0,4.326736962593044,4.6903749999999995
0.261496484572891,0.3014635052839994,0.2287962,False,False,False,False,21.0,1,554.84,0.0,218.0,554.84,0.9031539888682746,0.013513513513513514,39,53.0,3.165869118066515,7.497837837837838
0.11545688747374584,0.17723542317214652,0.064910814,False,False,False,False,198.0,5,308.302,0.0,220.83333333333334,315.56,0.7209647495361781,0.018115942028985508,43,78.0,10.128292394619479,1.117036231884058
0.15083767649729887,0.2582714166287987,0.06293734,False,False,False,False,262.0,9,392.7388888888889,0.0,161.27272727272728,635.8,0.8185528756957329,0.033582089552238806,87,6.0,6.872806313338519,1.465443615257048
0.015068232630421211,0.0204457406555712,0.010668453,False,False,False,False,0.0,0,0.0,0.0,78.0,232.6,0.20946196660482375,0.0,11,184.0,0.0,0.0
0.19476046148291407,0.319337640279999,0.092833675,False,False,False,False,258.0,9,394.2377777777778,0.0,177.8181818181818,678.23,0.8211502782931355,0.03272727272727273,221,17.0,5.039050541573408,1.4335919191919193
0.1474091131930739,0.23828506898994584,0.07305606,False,False,False,False,238.0,6,196.09500000000003,0.0,37.625,286.35,0.5840445269016697,0.02459016393442623,92,6.0,10.201119726596454,0.8036680327868854
0.11510268151374446,0.19738214131001602,0.04778312,False,False,False,False,193.0,4,555.85,0.0,275.6,929.22,0.9038961038961039,0.016194331983805668,73,54.0,10.431149829496686,2.250404858299595
0.026828092030845817,0.026760027788662766,0.026883781,False,False,False,False,0.0,0,0.0,0.0,246.0,337.08,0.20946196660482375,0.0,21,152.0,0.0,0.0
0.141074872225865,0.2313509555003031,0.06721262,False,False,False,False,192.0,1,206.9,0.0,60.5,206.9,0.5981447124304267,0.0043859649122807015,13,36.0,45.019131735543525,0.9074561403508772
0.13993993308683017,0.17360600953940508,0.11239496,False,False,False,False,0.0,0,0.0,0.0,318.0,303.04,0.20946196660482375,0.0,83,156.0,0.0,0.0
0.09866474704221638,0.15195673011576138,0.055062216,False,False,False,False,149.0,2,418.525,0.0,199.0,465.35,0.837847866419295,0.013245033112582781,49,2.0,13.166461595877278,2.7716887417218543
0.13719240861222998,0.1704217225773656,0.11000478,False,False,False,False,0.0,0,0.0,0.0,295.0,360.68,0.20946196660482375,0.0,88,52.0,0.0,0.0
0.0462253110458533,0.054341421767535036,0.039584856,False,False,False,False,0.0,0,0.0,0.0,160.0,450.05,0.20946196660482375,0.0,29,26.0,0.0,0.0
0.0940791081759742,0.1452023892211497,0.052250966,False,False,False,False,109.0,1,314.51,0.0,103.0,314.51,0.7358070500927644,0.0078125,25,19.0,22.045407685048602,2.457109375
0.005278469104237374,0.005399987399394901,0.005179045,False,False,False,False,0.0,0,0.0,0.0,113.0,230.67000000000002,0.20946196660482375,0.0,17,121.0,0.0,0.0
0.08869964982381984,0.16995358754775092,0.022219155,False,False,False,False,78.0,1,205.8,0.0,51.0,205.8,0.5968460111317254,0.004405286343612335,15,149.0,20.579115627256677,0.9066079295154186
0.11018808086602662,0.14958498985433522,0.07795425,False,False,False,False,0.0,0,0.0,0.0,416.0,775.0,0.20946196660482375,0.0,47,129.0,0.0,0.0
0.11750616048697557,0.18336604678904406,0.0636208,False,False,False,False,235.0,5,299.05,0.0,249.375,390.47,0.700556586270872,0.02109704641350211,138,2.0,9.1729165139961,1.2618143459915612
0.11818049580915385,0.19033832088805158,0.059142277,False,False,False,False,241.0,5,215.3,0.0,132.0,547.56,0.608534322820037,0.020080321285140562,38,8.0,19.39214866548452,0.8646586345381526
0.30177190247484986,0.37150133193221224,0.24472055,False,False,False,False,252.0,5,597.8979999999999,0.0,430.6666666666667,1513.05,0.912430426716141,0.01858736059479554,191,17.0,7.403409201791476,2.2226691449814124
0.05033135625138926,0.08038318046629533,0.0257435,False,False,False,False,0.0,0,0.0,0.0,60.0,405.0,0.20946196660482375,0.0,6,235.0,0.0,0.0
0.061501756515828204,0.06774485156873294,0.05639377,False,False,False,False,0.0,0,0.0,0.0,315.0,425.25,0.20946196660482375,0.0,28,33.0,0.0,0.0
0.10582961221697963,0.16088754943483485,0.06078221,False,False,False,False,121.0,2,353.845,0.0,109.66666666666667,492.24,0.7784786641929499,0.011111111111111112,126,59.0,7.5619639260809,1.9658055555555558
0.36534765698193344,0.3740465053293182,0.3582304,False,False,False,False,0.0,0,0.0,0.0,1003.0,1124.19,0.20946196660482375,0.0,62,32.0,0.0,0.0
0.3232753280601594,0.4035259957228972,0.2576157,False,False,False,False,223.0,6,490.7266666666667,0.0,555.5714285714286,1866.02,0.8782931354359926,0.02654867256637168,137,3.0,6.955993112993589,2.1713569321533925
0.13340809408600757,0.20197563345290181,0.07730738,False,False,False,False,85.0,1,111.6,0.0,184.0,125.86,0.4660482374768089,0.004032258064516129,18,163.0,20.615528128088304,0.44999999999999996
0.332771593944979,0.310016957955785,0.35138902,False,False,False,False,31.0,1,144.0,0.0,410.0,1292.31,0.5142857142857142,0.018867924528301886,77,22.0,3.4412360080584263,2.7169811320754715
0.16242575677351703,0.2593489660624343,0.08312495,False,False,False,False,72.0,3,117.92,0.0,153.25,246.69,0.47717996289424863,0.03333333333333333,100,18.0,4.08155956911955,1.3102222222222222
0.11814708210775922,0.18163026919518732,0.06620629,False,False,False,False,58.0,1,428.40000000000003,0.0,86.0,428.40000000000003,0.8445269016697589,0.007692307692307693,15,72.0,12.65663763368756,3.2953846153846156
0.1407842086174491,0.2398903273693727,0.059697382,False,False,False,False,203.0,4,141.6625,0.0,13.5,213.89999999999998,0.5109461966604824,0.0182648401826484,6,16.0,22.82075463487707,0.6468607305936073
0.10127358817581006,0.19474827641190573,0.024794297,False,False,False,False,196.0,2,159.15,0.0,90.66666666666667,223.9,0.538404452690167,0.007194244604316547,17,82.0,30.327814227033798,0.5724820143884892
0.13638791843564788,0.240361902268098,0.051318295,False,False,False,False,266.0,8,215.92,0.0,137.11111111111111,372.24,0.6100185528756957,0.02909090909090909,130,9.0,6.359216439913857,0.7851636363636363
0.012221097263400333,0.013784118962960279,0.010942261,False,False,False,False,0.0,0,0.0,0.0,126.0,285.58,0.20946196660482375,0.0,16,171.0,0.0,0.0
0.29203843993296663,0.2870225226956482,0.29614237,False,False,False,False,132.0,4,597.3175,0.0,483.4,758.0500000000001,0.9120593692022263,0.026490066225165563,85,19.0,5.483526378412486,3.9557450331125827
0.08201410813526834,0.14044105605718216,0.034210242,False,False,False,False,71.0,2,274.3,0.0,119.5,412.35,0.6749536178107607,0.01834862385321101,44,38.0,7.920523586073779,2.51651376146789
0.08921453004786077,0.13970243479827382,0.047906242,False,False,False,False,174.0,3,256.41333333333336,0.0,54.6,302.71000000000004,0.6560296846011132,0.013574660633484163,79,47.0,12.392739183450736,1.1602413273001508
0.07038959526548783,0.1433366535251891,0.010705639,False,False,False,False,191.0,3,443.08666666666664,0.0,152.75,570.02,0.8538033395176252,0.012396694214876033,54,51.0,14.130985741555373,1.8309366391184572
0.05522481963314841,0.09511456630910392,0.022587754,False,False,False,False,0.0,0,0.0,0.0,79.0,303.5,0.20946196660482375,0.0,10,281.0,0.0,0.0
0.11506462929542353,0.20476082326958556,0.041676834,False,False,False,False,221.0,7,309.0842857142857,0.0,82.66666666666667,356.0,0.7228200371057514,0.025830258302583026,70,50.0,9.24319925437834,1.1405324196099105
0.12014716298436713,0.14975756806478657,0.095920466,False,False,False,False,0.0,0,0.0,0.0,190.0,692.94,0.20946196660482375,0.0,30,276.0,0.0,0.0
0.4346989483752435,0.5269919040288275,0.35918653,False,False,False,False,53.0,1,658.75,0.0,415.5,1218.04,0.9298701298701298,0.0035842293906810036,178,226.0,3.7824434307571932,2.361111111111111
0.07150810319504458,0.12501404963315238,0.02773051,False,False,False,False,122.0,1,232.05,0.0,128.5,321.95,0.6311688311688312,0.005681818181818182,83,54.0,12.684246524335196,1.3184659090909092
0.18600550936418797,0.2377411700345416,0.14367633,False,False,False,False,87.0,2,623.76,0.0,196.33333333333334,909.6,0.9191094619666048,0.013422818791946308,31,62.0,9.301586541828335,4.186308724832215
0.014951864230552454,0.015284787389788668,0.014679473,False,False,False,False,0.0,0,0.0,0.0,196.0,426.43,0.20946196660482375,0.0,21,107.0,0.0,0.0
0.23271723471347303,0.36449679913926586,0.12489759,False,False,False,False,221.0,2,137.34,0.0,60.0,162.72,0.5068645640074212,0.007575757575757576,3,43.0,67.98774399355617,0.5202272727272728
0.14381439153408088,0.23462115700719705,0.06951795,False,False,False,False,237.0,8,301.545,0.0,127.8,506.67999999999995,0.7042671614100185,0.03319502074688797,122,4.0,7.64235897840412,1.2512240663900416
0.0961342424633584,0.15215599050841544,0.050298266,False,False,False,False,182.0,3,310.7566666666667,0.0,147.25,596.0600000000001,0.7272727272727273,0.01079136690647482,58,96.0,17.0522982121748,1.1178297362110314
0.07646230583720129,0.117565587446264,0.04283235,False,False,False,False,101.0,2,270.17,0.0,279.3333333333333,360.54,0.671243042671614,0.0136986301369863,60,45.0,9.274836864875649,1.8504794520547947
0.09397575813196964,0.14638642459363554,0.0510943,False,False,False,False,183.0,3,349.55999999999995,0.0,210.2,692.98,0.7743970315398887,0.013100436681222707,114,46.0,10.15844623211377,1.5264628820960697
0.12922701439170986,0.22017605632342563,0.05481416,False,False,False,False,104.0,1,637.72,0.0,315.0,637.72,0.9224489795918367,0.005405405405405406,60,81.0,12.899612397277668,3.4471351351351354
0.1085239843934916,0.2045897331304335,0.029924734,False,False,False,False,42.0,1,305.15999999999997,0.0,151.5,456.97,0.7113172541743971,0.00411522633744856,23,201.0,8.2,1.2558024691358023
0.08766295981576296,0.151597034537577,0.035353262,False,False,False,False,43.0,1,130.2,0.0,56.5,130.2,0.4975881261595547,0.011627906976744186,13,43.0,12.12435565298214,1.5139534883720929
0.08065273678802552,0.13177962913564184,0.03882164,False,False,False,False,126.0,1,352.5,0.0,77.25,305.0,0.7769944341372913,0.005025125628140704,35,73.0,20.71427240047501,1.771356783919598
0.48668369316100146,0.4799628845638492,0.49218252,False,False,False,False,86.0,2,607.795,0.0,657.3333333333334,1587.07,0.9157699443413729,0.007407407407407408,125,184.0,7.09197079850051,2.2510925925925926
0.10247449103027839,0.11695098320709907,0.090630084,False,False,False,False,0.0,0,0.0,0.0,318.0,520.3,0.20946196660482375,0.0,29,4.0,0.0,0.0
0.22824339415805656,0.306220812845608,0.16444369,False,False,False,False,40.0,1,416.24,0.0,276.5,416.24,0.8363636363636363,0.020833333333333332,28,8.0,6.090776713655639,8.671666666666667
0.11421085832002223,0.19821920190657644,0.045476757,False,False,False,False,239.0,2,148.11,0.0,81.0,193.62,0.5213358070500927,0.0070921985815602835,22,43.0,29.42452071580502,0.5252127659574468
0.03835579247975406,0.037449885114565096,0.03909699,False,False,False,False,0.0,0,0.0,0.0,323.0,439.5,0.20946196660482375,0.0,20,93.0,0.0,0.0
0.1896918353320477,0.31311759780542003,0.08870712,False,False,False,False,217.0,2,347.83500000000004,0.0,84.33333333333333,384.6,0.7717996289424861,0.00749063670411985,9,50.0,54.5,1.302752808988764
0.25093183914017303,0.3888785397386467,0.13806635,False,False,False,False,256.0,11,257.79636363636365,0.0,123.75,566.13,0.6567717996289425,0.03942652329749104,253,23.0,4.438628253011125,0.9240013033561422
0.2986936234720469,0.386929189339373,0.22650088,False,False,False,False,122.0,7,388.5828571428571,0.0,140.8,1701.5,0.8144712430426716,0.04929577464788732,48,20.0,5.724746917788355,2.7364989939637825
0.09212010467614289,0.17542136258141983,0.02396453,False,False,False,False,267.0,6,305.8883333333333,0.0,141.28571428571428,403.83,0.7150278293135436,0.02158273381294964,71,11.0,10.505739551459756,1.1003177458033573
0.08304552033445879,0.14738745672618114,0.030402118,False,False,False,False,145.0,1,313.45000000000005,0.0,93.0,313.45000000000005,0.7328385899814471,0.004219409282700422,36,92.0,22.76839915321232,1.3225738396624473
0.019728817114031686,0.03605860300648295,0.006368083,False,False,False,False,0.0,0,0.0,0.0,83.0,126.35,0.20946196660482375,0.0,7,53.0,0.0,0.0
0.17051332092122867,0.25936115165190865,0.09781964,False,False,False,False,239.0,3,508.26,0.0,427.75,783.11,0.885343228200371,0.01060070671378092,119,44.0,11.83222199740369,1.7959717314487633
0.20095599225131766,0.3194227269615971,0.104028665,False,False,False,False,214.0,1,282.12,0.0,205.0,419.06,0.684230055658627,0.0035971223021582736,12,64.0,59.35292099609952,1.014820143884892
0.1696861838387347,0.2158582884044331,0.131909,False,False,False,False,105.0,1,460.11,0.0,445.5,460.11,0.8649350649350649,0.005235602094240838,54,86.0,13.787175450270858,2.408952879581152
0.1085906197058121,0.18044665056841452,0.04979932,False,False,False,False,214.0,4,415.715,0.0,231.2,625.85,0.835621521335807,0.017094017094017096,153,20.0,8.915845876433037,1.776559829059829
0.08734254164840105,0.14068751281820674,0.043696657,False,False,False,False,202.0,2,396.995,0.0,259.3333333333333,467.65,0.822634508348794,0.007272727272727273,45,73.0,19.940434071832154,1.443618181818182
0.06404313678976592,0.11409621584606827,0.023090618,False,False,False,False,126.0,2,128.205,0.0,123.66666666666667,214.28,0.4949907235621521,0.011627906976744186,61,46.0,9.37327595466746,0.7453779069767442
0.1458939236245737,0.22161039971470514,0.083944075,False,False,False,False,57.0,1,523.52,0.0,96.33333333333333,583.87,0.8916512059369203,0.006289308176100629,62,102.0,7.125,3.292578616352201
0.01539651175336793,0.026560738503309422,0.006262144,False,False,False,False,0.0,0,0.0,0.0,66.0,159.3,0.20946196660482375,0.0,8,187.0,0.0,0.0
0.047526477799027675,0.08158666176974666,0.019659054,False,False,False,False,0.0,0,0.0,0.0,61.0,105.54,0.20946196660482375,0.0,8,268.0,0.0,0.0
0.03370688646813324,0.019410210677431483,0.045404166,False,False,False,False,0.0,0,0.0,0.0,211.0,173.85,0.20946196660482375,0.0,12,79.0,0.0,0.0
0.29511563725003404,0.3971415481463362,0.21163988,False,False,False,False,0.0,0,0.0,0.0,599.0,1656.15,0.20946196660482375,0.0,68,187.0,0.0,0.0
0.1702882127335604,0.1939100361247716,0.15096126,False,False,False,False,75.0,2,121.75,0.0,160.33333333333334,833.16,0.48348794063079775,0.02127659574468085,51,19.0,8.481759933665126,1.2952127659574468
0.20393311868240474,0.3130404792478799,0.11466345,False,False,False,False,154.0,1,848.78,0.0,273.0,848.78,0.9606679035250464,0.0037313432835820895,44,114.0,21.153526848098124,3.167089552238806
0.11524071715782629,0.17105846322268348,0.06957165,False,False,False,False,182.0,2,541.8,0.0,194.0,654.15,0.8987012987012987,0.01,32,18.0,19.35539276883527,2.7089999999999996
0.012460502537737894,0.01621779617921204,0.009386353,False,False,False,False,0.0,0,0.0,0.0,121.0,214.83,0.20946196660482375,0.0,19,149.0,0.0,0.0
0.39417955952808514,0.556125589607496,0.26167825,False,False,False,False,115.0,1,1071.4,0.0,665.0,1582.24,0.9773654916512059,0.004651162790697674,176,100.0,7.923547734168852,4.983255813953488
0.02617883972256988,0.029246227844547557,0.023669157,False,False,False,False,0.0,0,0.0,0.0,114.0,346.3,0.20946196660482375,0.0,28,47.0,0.0,0.0
0.02806449218942431,0.04031308002171047,0.01804292,False,False,False,False,0.0,0,0.0,0.0,146.0,310.88,0.20946196660482375,0.0,39,50.0,0.0,0.0
0.06421642657151695,0.11777392277631221,0.020396657,False,False,False,False,97.0,1,357.53999999999996,0.0,150.0,345.68,0.7829313543599258,0.005263157894736842,22,93.0,17.421714296597152,1.8817894736842102
0.011233925262624447,0.01950104493683008,0.004469918,False,False,False,False,0.0,0,0.0,0.0,107.0,182.26,0.20946196660482375,0.0,26,110.0,0.0,0.0
0.06543972789344622,0.11967808999612228,0.021062886,False,False,False,False,118.0,1,310.45,0.0,89.0,310.45,0.7261595547309833,0.005847953216374269,22,53.0,25.157684529962022,1.8154970760233917
0.044175738435138855,0.0775111879820064,0.016901279,False,False,False,False,0.0,0,0.0,0.0,169.0,332.18,0.20946196660482375,0.0,20,268.0,0.0,0.0
0.10555173889890773,0.20023789184723656,0.02808125,False,False,False,False,265.0,6,247.65833333333333,0.0,171.42857142857142,347.49,0.6445269016697588,0.022388059701492536,62,3.0,12.97493124107521,0.9240982587064677
0.0728930759248087,0.12916300921902596,0.026854038,False,False,False,False,133.0,2,262.375,0.0,114.33333333333333,372.85,0.660482374768089,0.011049723756906077,95,48.0,10.733300836428306,1.449585635359116
0.22381467096735597,0.3058969416602797,0.15665644,False,False,False,False,259.0,3,496.03000000000003,0.0,315.75,724.58,0.8805194805194805,0.010752688172043012,232,20.0,7.996112282500113,1.7778853046594982
0.04082599737172382,0.06030337654164669,0.024889959,False,False,False,False,0.0,0,0.0,0.0,124.0,184.05,0.20946196660482375,0.0,45,48.0,0.0,0.0
0.08103728922970299,0.11506046427106864,0.053200144,False,False,False,False,48.0,1,47.92,0.0,161.0,310.56,0.4282003710575139,0.008264462809917356,25,73.0,9.593834825900778,0.39603305785123966
0.03337666852182672,0.049278547651381954,0.02036604,False,False,False,False,0.0,0,0.0,0.0,146.0,170.46,0.20946196660482375,0.0,11,236.0,0.0,0.0
0.09241110894489739,0.14297593111039208,0.05103989,False,False,False,False,40.0,1,236.94,0.0,227.5,582.72,0.6356215213358071,0.006711409395973154,42,109.0,5.773502691896255,1.5902013422818793
0.0990898952355915,0.1711615565134273,0.04012217,False,False,False,False,257.0,4,300.175,0.0,119.4,379.75,0.701669758812616,0.014184397163120567,28,25.0,19.25768585227283,1.064450354609929
0.12847517408844167,0.1882424531803381,0.079574674,False,False,False,False,228.0,3,601.2266666666666,0.0,281.2,799.38,0.913543599257885,0.011363636363636364,56,36.0,17.073957481765344,2.277373737373737
0.34168970030514806,0.47595552696052323,0.23183583,False,False,False,False,273.0,12,215.8708333333333,0.0,113.71428571428571,367.12,0.6096474953617811,0.04332129963898917,335,4.0,3.827910696573784,0.7793170878459686
0.15315569732468048,0.16492806747844307,0.14352375,False,False,False,False,106.0,1,196.87,0.0,295.5,212.88,0.5858998144712431,0.006097560975609756,111,58.0,9.585144756340407,1.2004268292682927
0.2501156028843773,0.26406238404398763,0.2387046,False,False,False,False,122.0,1,309.51,0.0,239.25,919.8,0.72430426716141,0.0036496350364963502,140,152.0,9.863115418144218,1.1295985401459854
0.14500236548618908,0.2204832856883922,0.08324525,False,False,False,False,183.0,2,259.92,0.0,300.0,360.48,0.6578849721706864,0.010810810810810811,13,2.0,33.66247911250744,1.404972972972973
0.07199069460902016,0.14114478963223653,0.015410071,False,False,False,False,104.0,2,147.4,0.0,100.0,250.23999999999998,0.5198515769944342,0.009950248756218905,11,97.0,21.09945054229643,0.7333333333333334
0.08692343593717397,0.14036326079635225,0.04319994,False,False,False,False,0.0,0,0.0,0.0,99.0,192.68,0.20946196660482375,0.0,48,282.0,0.0,0.0
0.08862801939589522,0.13268678801683897,0.052579936,False,False,False,False,181.0,2,357.905,0.0,258.3333333333333,421.08,0.7836734693877551,0.00749063670411985,62,86.0,19.416369168953043,1.3404681647940073
0.07322267905875285,0.13278324978780393,0.024491303,False,False,False,False,130.0,1,137.96,0.0,85.5,255.25,0.5076066790352505,0.004149377593360996,36,111.0,21.207469362391087,0.572448132780083
0.06869020831934983,0.11392266711377158,0.031681832,False,False,False,False,84.0,1,336.03,0.0,156.5,336.03000000000003,0.7580705009276438,0.005263157894736842,34,106.0,13.626599374984051,1.7685789473684208
0.04423462957728223,0.07497996473948859,0.019079356,False,False,False,False,0.0,0,0.0,0.0,105.0,164.25,0.20946196660482375,0.0,9,276.0,0.0,0.0
0.27645123840513763,0.39481479461861846,0.17960833,False,False,False,False,127.0,2,884.5450000000001,0.0,566.0,1375.24,0.963265306122449,0.010416666666666666,135,65.0,7.683973268443663,4.607005208333334
0.01892004742019404,0.034660025348939916,0.0060418835,False,False,False,False,0.0,0,0.0,0.0,64.0,112.35,0.20946196660482375,0.0,27,89.0,0.0,0.0
0.06325366381759731,0.11358152322096488,0.022076324,False,False,False,False,159.0,3,350.72,0.0,199.75,537.7,0.7755102040816326,0.017241379310344827,64,15.0,12.851707271990517,2.015632183908046
0.09389973018030819,0.16178234906021083,0.038359404,False,False,False,False,170.0,2,214.025,0.0,72.25,332.37,0.6070500927643785,0.007246376811594203,99,106.0,13.444411939143384,0.7754528985507246
0.10674231199817655,0.19727862291638049,0.03266715,False,False,False,False,226.0,4,576.015,0.0,220.85714285714286,759.85,0.9076066790352505,0.01606425702811245,91,23.0,12.234456146937132,2.313313253012048
0.20465231674622858,0.31739214201131055,0.11241064,False,False,False,False,238.0,8,251.31375,0.0,251.66666666666666,603.96,0.6489795918367347,0.03305785123966942,9,4.0,17.635148469419292,1.0384865702479338
0.11626910732237464,0.13489569924601724,0.101029165,False,False,False,False,110.0,2,223.715,0.0,292.75,168.95,0.6196660482374768,0.011695906432748537,52,61.0,10.630132525708415,1.3082748538011697
0.15278923354738302,0.2068004556760379,0.10859823,False,False,False,False,274.0,3,348.5,0.0,141.83333333333334,415.31,0.77291280148423,0.01079136690647482,130,4.0,11.718535115679416,1.2535971223021583
0.012697073450960508,0.010651600043592169,0.014370643,False,False,False,False,0.0,0,0.0,0.0,167.0,261.36,0.20946196660482375,0.0,16,127.0,0.0,0.0
0.08666887490987994,0.14357739817301912,0.040107355,False,False,False,False,117.0,2,215.6,0.0,164.0,479.0,0.6089053803339518,0.00819672131147541,27,127.0,16.29632092705515,0.8836065573770492
0.05125406559044909,0.10362536206531947,0.008404823,False,False,False,False,133.0,3,215.04666666666665,0.0,106.25,371.39,0.6074211502782931,0.015228426395939087,33,64.0,10.918544596062572,1.09160744500846
0.14906926332622406,0.24761371046767494,0.06844199,False,False,False,False,64.0,3,120.33333333333333,0.0,150.25,300.1,0.47977736549165123,0.03614457831325301,35,19.0,6.213921508421271,1.4497991967871486
0.06132676925622153,0.06248200329062514,0.060381576,False,False,False,False,0.0,0,0.0,0.0,48.0,268.76,0.20946196660482375,0.0,27,24.0,0.0,0.0
0.1497855334246802,0.2757194097427632,0.046748724,False,False,False,False,25.0,1,102.7,0.0,124.5,402.15,0.45528756957328387,0.004219409282700422,103,212.0,2.428214655893159,0.43333333333333335
0.10493104560423222,0.16666853241894702,0.054418556,False,False,False,False,63.0,1,370.1,0.0,350.5,716.32,0.7974025974025974,0.008547008547008548,49,54.0,7.875,3.1632478632478636
0.02523130387930189,0.03964838623433453,0.013435509,False,False,False,False,0.0,0,0.0,0.0,171.0,401.37,0.20946196660482375,0.0,23,197.0,0.0,0.0
0.37259666414851983,0.3714880963562824,0.37350366,False,False,False,False,21.0,1,180.1,0.0,343.5,180.1,0.5628942486085343,0.03333333333333333,9,9.0,7.0710678118654755,6.003333333333333
0.010999719435452257,0.018051472203000463,0.0052301036,False,False,False,False,0.0,0,0.0,0.0,81.0,179.30999999999997,0.20946196660482375,0.0,7,156.0,0.0,0.0
0.07879326187031613,0.1402436542832663,0.028515669,False,False,False,False,189.0,4,209.6525,0.0,99.4,245.67000000000002,0.6022263450834879,0.019801980198019802,68,13.0,11.79715172047215,1.0378836633663366
0.3140169735085183,0.40916930863839907,0.23616505,False,False,False,False,141.0,1,1007.9,0.0,316.0,1007.9,0.9732838589981447,0.0035335689045936395,21,142.0,29.192017967990488,3.5614840989399292
0.09716730212233049,0.13513081647867586,0.066106245,False,False,False,False,162.0,2,331.58000000000004,0.0,298.6666666666667,513.74,0.7554730983302412,0.008333333333333333,87,78.0,14.99016899962362,1.3815833333333336
0.3486321176109817,0.5176172609722407,0.21037154,False,False,False,False,281.0,19,202.8585,0.0,28.863636363636363,382.1,0.5933209647495362,0.07092198581560284,107,1.0,4.1550169963518435,0.7193563829787234
0.0782853237351484,0.13395845952093755,0.032734577,False,False,False,False,0.0,0,0.0,0.0,103.0,256.63,0.20946196660482375,0.0,44,283.0,0.0,0.0
0.009580159688754336,0.01629829331904309,0.004083505,False,False,False,False,0.0,0,0.0,0.0,116.0,159.56,0.20946196660482375,0.0,8,109.0,0.0,0.0
0.09399058146653073,0.16017229685910317,0.039841905,False,False,False,False,220.0,4,209.9125,0.0,147.0,430.73,0.6025974025974026,0.014388489208633094,85,58.0,9.8126679939271,0.7550809352517985
0.12690581132088527,0.18350639551026787,0.08059624,False,False,False,False,187.0,2,539.61,0.0,275.0,602.61,0.8972170686456401,0.010471204188481676,78,4.0,14.005041501929968,2.8251832460732986
0.01871368919701912,0.03031944188015412,0.009218073,False,False,False,False,0.0,0,0.0,0.0,114.0,144.59,0.20946196660482375,0.0,30,90.0,0.0,0.0
0.31642980565626755,0.376171065480606,0.2675506,False,False,False,False,20.0,1,309.5,0.0,312.5,946.75,0.7239332096474954,0.027777777777777776,68,16.0,2.2548851505683216,8.597222222222221
0.17082784318742716,0.2728864135304549,0.08732537,False,False,False,False,225.0,1,415.53,0.0,130.0,415.53,0.8352504638218924,0.004132231404958678,26,17.0,44.80000000000002,1.7170661157024791
0.09475485771832294,0.17504185388347454,0.029065495,False,False,False,False,121.0,2,247.665,0.0,88.66666666666667,312.58,0.6448979591836734,0.007067137809187279,37,162.0,14.592716279742184,0.8751413427561837
0.12170243099829682,0.19991114372459007,0.057713483,False,False,False,False,219.0,6,228.35500000000002,0.0,72.66666666666667,308.02,0.6267161410018552,0.024096385542168676,126,30.0,6.895504884785391,0.9170883534136547
0.19998517302494226,0.22981096567535791,0.17558224,False,False,False,False,95.0,1,363.33,0.0,542.5,363.33,0.7914656771799629,0.008,31,30.0,16.120867003395848,2.90664
0.10544282975652702,0.1903204999667381,0.03599746,False,False,False,False,232.0,3,304.74666666666667,0.0,78.0,340.90000000000003,0.7098330241187384,0.011406844106463879,11,31.0,29.35273979262129,1.1587325728770597
0.13789288597262855,0.21796884408608536,0.07237619,False,False,False,False,160.0,4,462.77250000000004,0.0,210.0,505.0,0.8653061224489796,0.024390243902439025,113,4.0,7.124223448799709,2.8217835365853663
0.06098143821343391,0.05493531768817833,0.065928265,False,False,False,False,0.0,0,0.0,0.0,345.0,583.2,0.20946196660482375,0.0,13,90.0,0.0,0.0
0.024574218664943595,0.0336233906710135,0.017170351,False,False,False,False,0.0,0,0.0,0.0,173.0,228.26999999999998,0.20946196660482375,0.0,15,205.0,0.0,0.0
0.05926928930330943,0.10408089766013778,0.022605246,False,False,False,False,168.0,3,361.3833333333334,0.0,251.25,384.2,0.7892393320964749,0.014218009478672985,66,43.0,10.869507925000367,1.7127172195892577
0.07883641445088917,0.14229704201659743,0.026914082,False,False,False,False,220.0,3,300.95,0.0,168.25,365.28,0.7024118738404452,0.013574660633484163,79,1.0,13.46988132358301,1.361764705882353
0.011574252961018853,0.02432276039136322,0.001143656,False,False,False,False,0.0,0,0.0,0.0,75.0,139.15,0.20946196660482375,0.0,6,114.0,0.0,0.0
0.08268869384499224,0.13585007222431306,0.03919302,False,False,False,False,183.0,2,377.94,0.0,294.6666666666667,506.16,0.8051948051948052,0.010050251256281407,58,16.0,18.24750191573834,1.8991959798994975
0.10644049089539115,0.17961474102709168,0.046570648,False,False,False,False,116.0,3,344.0433333333333,0.0,197.6,397.94,0.7680890538033395,0.025423728813559324,69,2.0,8.331196525498342,2.9156214689265534
0.127788921307067,0.199729670773038,0.06892831,False,False,False,False,201.0,5,380.918,0.0,169.28571428571428,806.05,0.8074211502782931,0.018656716417910446,103,67.0,10.576992398772674,1.4213358208955225
0.1232512519513352,0.23364244666470052,0.032931183,False,False,False,False,264.0,7,285.7857142857143,0.0,118.22222222222223,363.4,0.6868274582560296,0.024734982332155476,24,19.0,17.193279819968673,1.0098435133770822
0.05723898917420151,0.043517998191679896,0.068465255,False,False,False,False,0.0,0,0.0,0.0,262.0,233.54,0.20946196660482375,0.0,16,26.0,0.0,0.0
0.12443466013164121,0.17994702470503027,0.07901545,False,False,False,False,156.0,5,189.906,0.0,259.6666666666667,395.33,0.5758812615955473,0.025906735751295335,73,37.0,9.932632003997806,0.9839689119170985
0.09730962745565998,0.16666088020843106,0.040567692,False,False,False,False,254.0,4,290.98,0.0,217.2,298.79,0.6920222634508348,0.014134275618374558,83,29.0,13.397389329941044,1.0281978798586573
0.1586131291868715,0.1937004067903158,0.12990536,False,False,False,False,193.0,1,416.09000000000003,0.0,284.5,499.89,0.8359925788497217,0.004048582995951417,123,54.0,16.798493799724813,1.6845748987854252
0.10233670402228212,0.11571166258519172,0.09139355,False,False,False,False,0.0,0,0.0,0.0,47.333333333333336,305.56,0.20946196660482375,0.0,34,1.0,0.0,0.0
0.07710358853693562,0.13889088769876862,0.026550343,False,False,False,False,224.0,5,271.24,0.0,212.83333333333334,425.1,0.6716141001855288,0.02066115702479339,77,18.0,9.46382852173585,1.1208264462809918
0.26429863728489017,0.37254344439960263,0.1757347,False,False,False,False,112.0,8,246.75625000000002,0.0,175.77777777777777,554.42,0.6434137291280149,0.06956521739130435,132,3.0,3.842188353987569,2.1457065217391307
0.23146856446868488,0.420151143047684,0.07709191,False,False,False,False,279.0,14,150.58928571428572,0.0,109.06666666666666,375.31,0.525417439703154,0.04946996466431095,66,4.0,6.593822879938376,0.5321176173649672
0.06872048434701211,0.10607700838174305,0.038156055,False,False,False,False,0.0,0,0.0,0.0,231.0,550.57,0.20946196660482375,0.0,58,74.0,0.0,0.0
0.09953185015492838,0.1680642414661072,0.043459892,False,False,False,False,260.0,4,370.9875,0.0,152.0,478.96000000000004,0.7981447124304267,0.014545454545454545,89,15.0,14.333040606397702,1.3490454545454547
0.30922191070433136,0.304591726967928,0.31301025,False,False,False,False,0.0,0,0.0,0.0,460.0,828.3199999999999,0.20946196660482375,0.0,119,20.0,0.0,0.0
0.4905738839937651,0.4507637044750769,0.52314585,False,False,False,False,213.0,15,407.12,0.0,359.9375,561.81,0.8300556586270872,0.06787330316742081,144,8.0,3.2113503183767356,1.8421719457013574
0.07239875396850154,0.12700845620173978,0.027718088,False,False,False,False,221.0,2,210.88500000000002,0.0,113.66666666666667,317.7,0.6033395176252319,0.008438818565400843,73,16.0,16.917650444187696,0.8898101265822785
0.01750357112364582,0.03223693388372906,0.0054490017,False,False,False,False,0.0,0,0.0,0.0,83.0,131.5,0.20946196660482375,0.0,10,54.0,0.0,0.0
0.48480247526728293,0.6290936595723183,0.36674604,False,False,False,False,150.0,7,978.5428571428571,0.0,713.0,2846.02,0.9710575139146568,0.046357615894039736,92,1.0,5.824988845440394,6.4804162724692524
0.1623574447979724,0.27275865052589565,0.07202918,False,False,False,False,245.0,5,47.876,0.0,53.42857142857143,294.01,0.42782931354359927,0.017793594306049824,92,36.0,12.889048736023447,0.17037722419928825
0.29745064347267847,0.33343777986104184,0.26800662,False,False,False,False,0.0,0,0.0,0.0,522.0,2064.8,0.20946196660482375,0.0,5,51.0,0.0,0.0
0.1254322163787369,0.16860591206879172,0.09010828,False,False,False,False,127.0,3,208.64666666666668,0.0,190.5,814.83,0.6014842300556587,0.020134228187919462,48,22.0,10.977229009981913,1.4003131991051454
0.03520229598036995,0.05853944870943473,0.016108261,False,False,False,False,0.0,0,0.0,0.0,48.0,150.4,0.20946196660482375,0.0,35,72.0,0.0,0.0
0.07081463306596977,0.12869427658233606,0.02345856,False,False,False,False,56.0,1,111.23,0.0,51.0,111.23,0.46382189239332094,0.00847457627118644,46,62.0,8.082903768654768,0.9426271186440678
0.09288753655308117,0.13596717045822915,0.057640564,False,False,False,False,0.0,0,0.0,0.0,287.0,762.11,0.20946196660482375,0.0,40,213.0,0.0,0.0
0.16833602226938263,0.288663133143616,0.069886565,False,False,False,False,271.0,4,154.4925,0.0,81.8,204.15,0.5309833024118739,0.014184397163120567,50,11.0,31.039058367805296,0.5478457446808511
0.17749774826588427,0.27308149465857157,0.09929286,False,False,False,False,91.0,5,232.762,0.0,83.71428571428571,330.28000000000003,0.6315398886827458,0.0364963503649635,115,46.0,3.117461074071457,1.698992700729927
0.04000030713949712,0.06566165997858647,0.019004654,False,False,False,False,0.0,0,0.0,0.0,112.0,360.08000000000004,0.20946196660482375,0.0,52,142.0,0.0,0.0
0.034152637633994114,0.027277787169515844,0.039777514,False,False,False,False,0.0,0,0.0,0.0,270.0,307.92,0.20946196660482375,0.0,18,171.0,0.0,0.0
0.10958809238026389,0.206933998815436,0.029941441,False,False,False,False,189.0,5,238.31799999999998,0.0,132.16666666666666,345.82000000000005,0.6371057513914656,0.017921146953405017,106,90.0,9.077294556449226,0.8541863799283154
0.05775207714381123,0.10902743300668188,0.015799513,False,False,False,False,130.0,2,280.725,0.0,202.66666666666666,408.25,0.6820037105751392,0.012903225806451613,39,25.0,14.658373870532218,1.8111290322580647
0.17674151875548103,0.21720340004613087,0.14363635,False,False,False,False,0.0,0,0.0,0.0,631.0,903.01,0.20946196660482375,0.0,53,111.0,0.0,0.0
0.06834506726616209,0.0881724663653547,0.05212265,False,False,False,False,0.0,0,0.0,0.0,262.0,306.18,0.20946196660482375,0.0,12,269.0,0.0,0.0
0.08915711874823229,0.16231673729773927,0.02929925,False,False,False,False,245.0,5,287.54200000000003,0.0,143.0,455.82000000000005,0.6883116883116883,0.018050541516245487,81,32.0,9.877554569600555,1.0380577617328521
0.14753516277194978,0.27458491999840207,0.04358536,False,False,False,False,212.0,3,125.43333333333332,0.0,49.5,190.2,0.49053803339517627,0.011235955056179775,16,55.0,38.93513499195945,0.46978776529338323
0.03883951944637161,0.06518927807118852,0.017280625,False,False,False,False,0.0,0,0.0,0.0,196.0,376.7,0.20946196660482375,0.0,22,243.0,0.0,0.0
0.17809567534565812,0.22772009027533813,0.13749388,False,False,False,False,97.0,1,503.8,0.0,524.0,503.8,0.8834879406307977,0.006172839506172839,45,65.0,14.472544539732652,3.1098765432098765
0.0836524646598118,0.15097786979940586,0.028568042,False,False,False,False,203.0,2,146.42499999999998,0.0,61.333333333333336,191.94,0.5179962894248609,0.008438818565400843,59,34.0,18.494363903661345,0.6178270042194092
0.20576669170785197,0.32656052640915467,0.10693537,False,False,False,False,260.0,8,406.01875,0.0,348.22222222222223,779.51,0.8289424860853433,0.02867383512544803,209,19.0,5.947344908174821,1.4552643369175629
0.09839061537829294,0.15617768553555572,0.051110283,False,False,False,False,0.0,0,0.0,0.0,68.0,186.88,0.20946196660482375,0.0,50,279.0,0.0,0.0
0.03672488985568968,0.04180767101514532,0.03256625,False,False,False,False,0.0,0,0.0,0.0,230.0,311.78,0.20946196660482375,0.0,20,23.0,0.0,0.0
0.015119698785801544,0.009018246814188724,0.020111796,False,False,False,False,0.0,0,0.0,0.0,178.0,313.93,0.20946196660482375,0.0,16,123.0,0.0,0.0
0.09137410583518137,0.16803867921613297,0.028648546,False,False,False,False,240.0,5,354.72200000000004,0.0,183.16666666666666,446.75,0.7795918367346939,0.017793594306049824,96,41.0,10.556756037685812,1.2623558718861212
0.12659422330386366,0.18662390658870726,0.07747903,False,False,False,False,149.0,3,293.3833333333334,0.0,375.75,693.1800000000001,0.6953617810760668,0.017241379310344827,71,25.0,9.790444779925176,1.6861111111111113
0.1996982656573255,0.3613036291808992,0.06747569,False,False,False,False,161.0,10,168.393,0.0,97.83333333333333,381.54,0.5484230055658627,0.05917159763313609,35,8.0,6.226563842620283,0.9964082840236687
0.09767723951877615,0.15622418647875302,0.04977519,False,False,False,False,182.0,5,313.644,0.0,251.5,339.34,0.7343228200371058,0.02512562814070352,65,17.0,9.694952566318099,1.576100502512563
0.11174569010778185,0.201140106387578,0.038604803,False,False,False,False,42.0,1,189.5,0.0,130.0,373.8,0.575139146567718,0.0035971223021582736,55,236.0,5.249512077248735,0.6816546762589928
0.0969700578573078,0.15734028650052684,0.047576234,False,False,False,False,38.0,1,345.5,0.0,296.5,589.01,0.7699443413729128,0.008264462809917356,63,83.0,4.661561833780466,2.855371900826446
0.2915495301336638,0.35197886384208826,0.24210735,False,False,False,False,63.0,1,751.76,0.0,580.5,751.76,0.9458256029684601,0.005813953488372093,59,109.0,7.133345315110948,4.370697674418604
0.09205974430885738,0.15207601456833825,0.04295552,False,False,False,False,114.0,1,309.79,0.0,244.5,467.43,0.7246753246753247,0.008620689655172414,46,2.0,16.808383001658278,2.670603448275862
0.09572272246438675,0.12709094960067918,0.07005781,False,False,False,False,0.0,0,0.0,0.0,330.0,841.4999999999999,0.20946196660482375,0.0,1,152.0,0.0,0.0
0.8300810361241535,0.6228552713074588,0.9996293,True,False,False,False,7.0,1,205.67000000000002,0.0,121.0,429.38,0.5959183673469388,0.125,39,1.0,0.9733285267845757,25.708750000000002
0.06275984999447995,0.1139952403949352,0.020839985,False,False,False,False,153.0,3,269.1066666666667,0.0,225.0,309.06,0.6705009276437848,0.014084507042253521,46,60.0,12.417827868817959,1.2634115805946793
0.015916511560224805,0.021570154474826464,0.011290804,False,False,False,False,0.0,0,0.0,0.0,92.0,358.2,0.20946196660482375,0.0,12,122.0,0.0,0.0
0.12348168371916993,0.21022879892590274,0.05250677,False,False,False,False,276.0,3,358.52666666666664,0.0,107.16666666666667,378.75,0.7855287569573284,0.010830324909747292,74,1.0,18.090821757807696,1.2943200962695547
0.11824719214894358,0.19318035034025122,0.056938246,False,False,False,False,175.0,1,455.95,0.0,140.5,455.95,0.861595547309833,0.004219409282700422,31,62.0,29.840753814796553,1.9238396624472573
0.06564305246633045,0.12154537747329591,0.019904787,False,False,False,False,94.0,1,173.65,0.0,83.5,183.3,0.5536178107606679,0.006711409395973154,21,55.0,21.019038988498025,1.1654362416107382
0.037219168277244696,0.0330724683771772,0.040611923,False,False,False,False,0.0,0,0.0,0.0,100.0,484.86,0.20946196660482375,0.0,12,60.0,0.0,0.0
0.0896471097413548,0.1696439297042176,0.024195166,False,False,False,False,175.0,4,194.985,0.0,117.6,268.86,0.5825602968460112,0.019801980198019802,125,27.0,7.05769280974404,0.9652722772277228
0.09691978314581226,0.19464229903425795,0.016964996,False,False,False,False,237.0,6,219.80499999999998,0.0,125.14285714285714,423.4,0.6148423005565863,0.024896265560165973,38,4.0,13.975932692280233,0.9120539419087136
0.14659592664234275,0.22070264167239123,0.08596316,False,False,False,False,259.0,4,541.0450000000001,0.0,292.0,925.16,0.898330241187384,0.014134275618374558,51,24.0,17.092493086718427,1.911819787985866
0.2612446760655428,0.42815512871764,0.12468157,False,False,False,False,22.0,2,293.03499999999997,0.0,154.33333333333334,341.58,0.6949907235621521,0.05263157894736842,35,16.0,2.4336147230313663,7.711447368421052
0.062452405367941076,0.12061063542333006,0.014868399,False,False,False,False,103.0,1,218.47,0.0,118.5,218.47,0.614100185528757,0.005050505050505051,25,95.0,21.02478695888894,1.1033838383838384
0.21772440227706993,0.3403012223340795,0.11743428,False,False,False,False,241.0,4,656.1575,0.0,473.8,903.01,0.9287569573283859,0.014760147601476014,182,30.0,8.980933369038247,2.4212453874538746
0.06754928315980002,0.12018573058540655,0.024483098,False,False,False,False,198.0,3,264.6133333333333,0.0,125.75,493.53000000000003,0.6630797773654916,0.013513513513513514,46,24.0,16.920653998768245,1.1919519519519517
0.07916864818440222,0.1367933731632397,0.032021146,False,False,False,False,231.0,2,265.28999999999996,0.0,216.66666666666666,330.62,0.6653061224489796,0.0072992700729927005,37,43.0,23.522638533745948,0.9682116788321167
0.00989436827641465,0.007144357678884439,0.0121443765,False,False,False,False,0.0,0,0.0,0.0,128.0,324.9,0.20946196660482375,0.0,14,97.0,0.0,0.0
0.034514349633034715,0.05736392556202996,0.015819242,False,False,False,False,0.0,0,0.0,0.0,174.5,399.67,0.20946196660482375,0.0,48,122.0,0.0,0.0
0.2022541021198483,0.28565388694746663,0.13401791,False,False,False,False,49.0,1,271.28,0.0,170.0,404.0,0.6719851576994434,0.004524886877828055,173,172.0,3.5101076358102383,1.2275113122171943
0.24206465733837793,0.2950742565435769,0.19869316,False,False,False,False,78.0,1,432.29,0.0,362.5,432.29,0.8482374768089054,0.0036101083032490976,91,199.0,7.661786364616913,1.5606137184115525
0.07116030076866078,0.13600332899170292,0.018106913,False,False,False,False,165.0,2,287.865,0.0,116.5,325.43,0.6892393320964749,0.007380073800738007,71,106.0,12.58199373499563,1.0622324723247232
0.15094851100284484,0.27467843048746116,0.049714938,False,False,False,False,227.0,8,158.275,0.0,55.666666666666664,364.2,0.5376623376623376,0.02909090909090909,89,48.0,7.2553798599902235,0.5755454545454546
0.0720564175484678,0.09671423006678087,0.051881842,False,False,False,False,0.0,0,0.0,0.0,58.0,140.5,0.20946196660482375,0.0,4,1.0,0.0,0.0
0.16021720840983203,0.1937446279537371,0.13278568,False,False,False,False,245.0,4,245.25,0.0,143.33333333333334,670.55,0.6423005565862708,0.014492753623188406,147,31.0,11.548805773416271,0.8885869565217391
0.10605997580817247,0.18772221662448302,0.039245415,False,False,False,False,104.0,1,606.46,0.0,263.5,606.46,0.9150278293135437,0.0064516129032258064,44,51.0,14.422205101855956,3.912645161290323
0.5368401866733188,0.6147190954021072,0.47312108,True,False,False,False,157.0,7,993.5142857142857,0.0,492.4166666666667,3685.0121999999938,0.9729128014842301,0.03888888888888889,97,23.0,5.704217736531197,5.519523809523809
0.05538813684896314,0.05913993361958053,0.052318484,False,False,False,False,0.0,0,0.0,0.0,92.0,300.04,0.20946196660482375,0.0,16,6.0,0.0,0.0
0.1564426528741573,0.2912349035518378,0.046158083,False,False,False,False,244.0,9,137.18444444444447,0.0,49.583333333333336,205.22,0.5061224489795918,0.032846715328467155,79,30.0,8.852149054304409,0.5006731549067316
0.10272825274119035,0.18111425446689694,0.03859425,False,False,False,False,75.0,1,480.46000000000004,0.0,211.0,513.06,0.8734693877551021,0.005,24,125.0,13.741455025101837,2.4023000000000003
0.1211526373679099,0.22368209608277956,0.0372649,False,False,False,False,185.0,8,305.16625,0.0,162.1,414.1,0.7116883116883117,0.03980099502487562,48,16.0,8.501768103330074,1.5182400497512438
0.0984445815210899,0.1560274936369967,0.05133129,False,False,False,False,204.0,3,273.48333333333335,0.0,96.5,381.5,0.6738404452690167,0.010830324909747292,99,73.0,10.668180609615682,0.9873044524669073
0.018863612675682512,0.02757872844242565,0.0117330635,False,False,False,False,0.0,0,0.0,0.0,82.0,306.7,0.20946196660482375,0.0,8,192.0,0.0,0.0
0.1613750036680904,0.22045233760149546,0.113039,False,False,False,False,82.0,1,284.97,0.0,210.0,284.97,0.6860853432282004,0.0035587188612099642,19,199.0,18.335757415498282,1.0141281138790037
0.06581719137384062,0.1304977275768599,0.012896752,False,False,False,False,154.0,3,215.26666666666665,0.0,141.75,305.66,0.6081632653061224,0.0136986301369863,97,65.0,8.70066818471462,0.9829528158295281
0.1001397575264288,0.1526240215975075,0.057198085,False,False,False,False,119.0,1,117.15,0.0,74.5,302.4,0.47458256029684603,0.008,22,6.0,25.96792893808309,0.9372
0.18804560042493979,0.23455984475598157,0.14998849,False,False,False,False,217.0,2,286.91499999999996,0.0,505.3333333333333,326.82,0.687569573283859,0.00823045267489712,75,26.0,19.030473457781863,1.1807201646090533
0.3561434878706185,0.4091007475056577,0.3128148,False,False,False,False,261.0,3,845.6566666666668,0.0,553.5,985.62,0.9602968460111317,0.011450381679389313,149,1.0,15.417013661780286,3.227697201017812
0.08263725566713681,0.17372473687427287,0.008111134,False,False,False,False,183.0,4,138.22,0.0,70.2,231.96,0.5083487940630798,0.017699115044247787,28,43.0,17.664891369515246,0.6115929203539823
0.016133874138033764,0.027545784590059685,0.0067968564,False,False,False,False,0.0,0,0.0,0.0,31.0,138.85,0.20946196660482375,0.0,8,128.0,0.0,0.0
0.06501547304749017,0.10884550424548267,0.029154537,False,False,False,False,128.0,2,311.065,0.0,274.0,410.7,0.7283858998144712,0.0111731843575419,67,51.0,10.638092596161549,1.7377932960893854
0.11202642615829732,0.1821212991232083,0.054676075,False,False,False,False,112.0,1,329.44,0.0,145.0,329.44,0.7536178107606679,0.0035971223021582736,33,166.0,18.412686578200027,1.1850359712230216
0.14053046017518495,0.19253688685608916,0.09797975,False,False,False,False,138.0,1,450.52,0.0,300.0,450.52,0.8586270871985158,0.0037313432835820895,59,130.0,17.83588080437285,1.681044776119403
0.29738299860077305,0.4813722341925392,0.14684635,False,False,False,False,263.0,13,89.0023076923077,0.0,41.666666666666664,408.16999999999996,0.44860853432282005,0.04868913857677903,25,4.0,13.105169001026068,0.33334197637568425
0.07955373579517447,0.12113962607815182,0.045528915,False,False,False,False,120.0,2,366.24,0.0,251.66666666666666,416.28000000000003,0.7944341372912801,0.00904977375565611,30,101.0,13.274769760531525,1.6571945701357467
0.08486376941608487,0.15844256216524039,0.024662938,False,False,False,False,204.0,4,202.815,0.0,72.8,403.09000000000003,0.5929499072356216,0.014545454545454545,42,71.0,16.920570743497834,0.7375090909090909
0.0940045064294326,0.15774600248733883,0.041852374,False,False,False,False,128.0,3,419.73,0.0,211.0,496.3,0.8389610389610389,0.020833333333333332,64,16.0,9.476567688636985,2.914791666666667
0.30016981245296903,0.38266712164917926,0.23267202,False,False,False,False,146.0,2,100.65,0.0,67.33333333333333,153.0,0.4530612244897959,0.013245033112582781,5,5.0,66.00189391222042,0.6665562913907285
0.015568122579581897,0.015376862831529337,0.015724607,False,False,False,False,0.0,0,0.0,0.0,159.0,336.40000000000003,0.20946196660482375,0.0,20,39.0,0.0,0.0
0.054167164811876584,0.10654232743302355,0.011314759,False,False,False,False,183.0,2,239.38,0.0,115.0,358.49,0.6374768089053804,0.009302325581395349,48,32.0,17.546103483682256,1.1133953488372093
0.15496280972367316,0.27292524353675907,0.058448087,False,False,False,False,257.0,3,143.38,0.0,117.0,300.7,0.513543599257885,0.010869565217391304,31,19.0,37.166077378333966,0.5194927536231884
0.19896763480613483,0.24788804996697666,0.15894184,False,False,False,False,95.0,3,404.5566666666667,0.0,103.0,439.56,0.82708719851577,0.0125,120,145.0,4.597871525313083,1.6856527777777779
0.5228101677828603,0.4013198762323179,0.6222113,True,False,False,False,26.0,1,477.46000000000004,0.0,703.0,746.93,0.8716141001855288,0.017241379310344827,51,32.0,3.200921998322398,8.232068965517241
0.10022703117505899,0.15313263417120754,0.05694063,False,False,False,False,214.0,2,440.47,0.0,312.3333333333333,469.11,0.8534322820037106,0.008438818565400843,69,23.0,14.91270365324081,1.8585232067510549
0.058667704280555996,0.06811599724014766,0.05093728,False,False,False,False,0.0,0,0.0,0.0,334.0,393.31,0.20946196660482375,0.0,41,60.0,0.0,0.0
0.10623928172454837,0.17332735603751082,0.051349036,False,False,False,False,182.0,3,248.34,0.0,82.4,275.45,0.6456400742115028,0.011111111111111112,113,88.0,9.170157940614693,0.9197777777777778
0.0904318964382064,0.15190300310100707,0.040137354,False,False,False,False,179.0,5,330.48400000000004,0.0,222.0,373.65999999999997,0.7551020408163265,0.02564102564102564,95,16.0,9.149804414590035,1.6947897435897439
0.17030294993662282,0.25747309976470567,0.09898192,False,False,False,False,200.0,1,141.17,0.0,343.5,309.94,0.5102040816326531,0.004273504273504274,22,34.0,42.426942554766484,0.6032905982905983
0.12271807584526928,0.17164499104823872,0.08268696,False,False,False,False,245.0,3,371.8566666666666,0.0,172.0,608.46,0.798886827458256,0.01107011070110701,104,26.0,16.738646512236173,1.3721648216482163
0.1123151855670292,0.19312883461026764,0.046194926,False,False,False,False,105.0,1,563.61,0.0,258.5,563.61,0.9050092764378479,0.004524886877828055,42,116.0,15.652475842498543,2.5502714932126698
0.10411940636698092,0.12041006093695616,0.09079069,False,False,False,False,120.0,1,298.6,0.0,123.5,572.25,0.7001855287569573,0.007042253521126761,47,22.0,16.663332999933324,2.102816901408451
0.10513581276794345,0.18687919893441535,0.03825486,False,False,False,False,75.0,1,361.81,0.0,102.0,344.41,0.7899814471243043,0.004098360655737705,32,169.0,13.290792349981345,1.482827868852459
0.17245919612909358,0.17807873548986736,0.16786139,False,False,False,False,32.0,1,376.24,0.0,299.5,514.5,0.8040816326530612,0.012658227848101266,34,47.0,4.6734258409553355,4.76253164556962
0.03970717384628126,0.041025660252387186,0.03862841,False,False,False,False,0.0,0,0.0,0.0,270.0,441.92,0.20946196660482375,0.0,19,194.0,0.0,0.0
0.07194660459262173,0.10839880432910476,0.042122077,False,False,False,False,135.0,1,315.72,0.0,215.0,453.98,0.7385899814471243,0.006024096385542169,49,31.0,19.091883092036795,1.9019277108433736
0.24223889460718917,0.3536955857841237,0.15104705,False,False,False,False,30.0,1,651.6,0.0,375.0,764.58,0.9272727272727272,0.005405405405405406,65,155.0,3.625,3.522162162162162
0.059603924242264524,0.10182487329974549,0.02505951,False,False,False,False,0.0,0,0.0,0.0,104.0,124.14,0.20946196660482375,0.0,7,281.0,0.0,0.0
0.5425553676581996,0.4372963104196428,0.6286764,True,False,False,False,65.0,4,222.9775,0.0,507.4,298.41,0.6181818181818182,0.05405405405405406,93,9.0,2.7586530320078726,3.013209459459459
0.14202416605939838,0.20573597632492857,0.08989632,False,False,False,False,158.0,1,465.43,0.0,371.0,465.43,0.8660482374768089,0.0037313432835820895,55,110.0,20.229827029397537,1.736679104477612
0.03157528273239632,0.05667895942595047,0.011035911,False,False,False,False,0.0,0,0.0,0.0,48.0,119.04,0.20946196660482375,0.0,2,57.0,0.0,0.0
0.07841788792120545,0.1399810964256995,0.02804799,False,False,False,False,93.0,1,280.32,0.0,159.66666666666666,306.96,0.6816326530612244,0.00909090909090909,32,17.0,16.703293088490067,2.548363636363636
0.11744950982904281,0.2232090071500638,0.03091901,False,False,False,False,244.0,5,144.54,0.0,46.42857142857143,228.6,0.5157699443413729,0.018050541516245487,34,33.0,24.494622973661947,0.5218050541516245
0.03178527616331163,0.03573728601952797,0.028551811,False,False,False,False,0.0,0,0.0,0.0,250.0,422.53999999999996,0.20946196660482375,0.0,23,179.0,0.0,0.0
0.06688295713902095,0.10739276059999686,0.033738572,False,False,False,False,145.0,1,244.94,0.0,92.5,244.94,0.6419294990723562,0.005319148936170213,71,43.0,15.71168809699144,1.3028723404255318
0.1805094865008306,0.30586300890624774,0.07794751,False,False,False,False,271.0,9,164.06666666666666,0.0,78.1,253.1,0.5432282003710576,0.03272727272727273,116,4.0,9.668334753376472,0.5966060606060606
0.13321770123566234,0.21299583529819038,0.06794468,False,False,False,False,15.0,1,114.0,0.0,110.0,295.5,0.47198515769944344,0.0035335689045936395,9,268.0,5.303300858899107,0.4028268551236749
0.13430569494515374,0.18586986980503828,0.092116825,False,False,False,False,170.0,3,219.31333333333336,0.0,391.75,298.05,0.6144712430426716,0.014423076923076924,64,38.0,11.621319738470682,1.0543910256410258
0.21973575624568983,0.17338845404747955,0.25765628,False,False,False,False,0.0,0,0.0,0.0,496.0,354.64,0.20946196660482375,0.0,13,261.0,0.0,0.0
0.12395836722971788,0.1900057646327944,0.069919586,False,False,False,False,186.0,3,545.1466666666666,0.0,211.6,812.16,0.8998144712430427,0.015228426395939087,82,11.0,13.616683164840637,2.767241962774958
0.13493448059863727,0.1662822964259183,0.10928626,False,False,False,False,152.0,4,192.6,0.0,242.4,275.76,0.5795918367346938,0.023668639053254437,8,17.0,15.0350165991904,1.139644970414201
0.06807343247263,0.13890552344649731,0.010119903,False,False,False,False,86.0,1,127.07000000000001,0.0,72.5,203.55,0.4935064935064935,0.00425531914893617,25,149.0,16.358257627039396,0.5407234042553192
0.10570234562345177,0.12847366720190379,0.08707126,False,False,False,False,138.0,2,368.625,0.0,252.75,928.58,0.7962894248608534,0.00975609756097561,41,67.0,14.26000206801298,1.798170731707317
0.13805902825296942,0.2543898192048299,0.04287929,False,False,False,False,263.0,7,291.5342857142857,0.0,166.625,401.86,0.6931354359925789,0.025179856115107913,201,15.0,5.371404544718387,1.0486844809866394
0.11476262200177119,0.19083301862744062,0.052523207,False,False,False,False,244.0,2,507.64,0.0,258.0,571.06,0.8849721706864564,0.0070921985815602835,66,38.0,19.394911949847994,1.8001418439716312
0.07810734200873469,0.14211422427712755,0.025738074,False,False,False,False,66.0,1,183.92,0.0,31.666666666666668,265.75,0.5684601113172542,0.008,16,59.0,16.782927833565473,1.47136
0.11006685208044949,0.1810835312530399,0.051962294,False,False,False,False,165.0,1,367.33000000000004,0.0,118.33333333333333,358.90000000000003,0.7951762523191095,0.0058823529411764705,28,5.0,28.722813232690143,2.1607647058823534
0.1088842830607025,0.16622118796435287,0.061972268,False,False,False,False,208.0,4,420.38500000000005,0.0,206.0,503.08000000000004,0.8400742115027829,0.018867924528301886,32,4.0,12.88985553713531,1.9829481132075475
0.0967837291744385,0.15656679433518733,0.047870312,False,False,False,False,207.0,2,470.78000000000003,0.0,275.0,511.96000000000004,0.8697588126159554,0.008849557522123894,52,19.0,19.003390661256205,2.0830973451327437
0.01823255610983971,0.028375652212156266,0.009933659,False,False,False,False,0.0,0,0.0,0.0,38.5,145.2,0.20946196660482375,0.0,18,79.0,0.0,0.0
0.15416945194393133,0.21852873376541082,0.10151186,False,False,False,False,143.0,1,447.25,0.0,149.0,447.25,0.8556586270871985,0.006711409395973154,96,6.0,14.060095110268753,3.001677852348993
0.2967904248201748,0.4549817163334733,0.16736118,False,False,False,False,227.0,10,206.696,0.0,109.08333333333333,362.61,0.5974025974025974,0.03636363636363636,302,48.0,4.0288437547320886,0.7516218181818182
0.17664776754010764,0.31592734183711135,0.06269175,False,False,False,False,267.0,9,121.46666666666667,0.0,38.0,202.24,0.48237476808905383,0.03260869565217391,54,9.0,11.824425061181575,0.4400966183574879
0.08411764415285558,0.13706216932847698,0.040799394,False,False,False,False,149.0,3,427.32,0.0,253.2,566.76,0.8441558441558441,0.017241379310344827,53,25.0,12.482078061255375,2.455862068965517
0.1150554924998078,0.19161429748345155,0.05241647,False,False,False,False,231.0,5,448.392,0.0,159.0,632.13,0.8571428571428571,0.017921146953405017,103,48.0,7.956697684191327,1.6071397849462365
0.009941189583053015,0.01623245894833808,0.0047937874,False,False,False,False,0.0,0,0.0,0.0,96.0,203.46,0.20946196660482375,0.0,13,65.0,0.0,0.0
0.22044386996496632,0.27481104563052816,0.17596163,False,False,False,False,154.0,3,620.8966666666666,0.0,330.75,686.47,0.9187384044526902,0.015957446808510637,195,34.0,5.519709612769461,3.302641843971631
0.2581057234996177,0.3388942743658174,0.19200599,False,False,False,False,49.0,1,798.9,0.0,420.5,798.9,0.9547309833024119,0.006756756756756757,56,99.0,5.579886659703333,5.397972972972973
0.08566363874888813,0.14069072016557932,0.04064148,False,False,False,False,102.0,2,279.29499999999996,0.0,196.33333333333334,318.23,0.6808905380333952,0.00881057268722467,36,125.0,11.486901089145992,1.2303744493392068
0.09863683655465877,0.15573307208673237,0.051921733,False,False,False,False,203.0,3,168.44666666666666,0.0,110.5,393.5,0.5487940630797774,0.014354066985645933,49,6.0,16.506826665359764,0.8059649122807017
0.2732290266487444,0.31834385760038963,0.23631687,False,False,False,False,73.0,1,510.32,0.0,490.5,1101.86,0.8857142857142857,0.011235955056179775,99,16.0,7.0571763700333525,5.733932584269663
0.10879083818701307,0.17176015722547194,0.057270486,False,False,False,False,92.0,1,148.63,0.0,133.5,166.74,0.522077922077922,0.0036101083032490976,29,185.0,16.34408248443652,0.5365703971119133
0.11078367691594528,0.2024120906184816,0.035814974,False,False,False,False,205.0,7,304.8257142857143,0.0,95.25,320.88,0.710204081632653,0.029914529914529916,42,29.0,10.683348191060169,1.3026739926739928
0.25029568195666757,0.3897679971396015,0.13618197,False,False,False,False,108.0,6,155.19166666666666,0.0,164.0,245.44,0.5324675324675324,0.05263157894736842,200,6.0,2.4463861751854736,1.3613304093567251
0.06963544785511692,0.08629486957153126,0.056005012,False,False,False,False,0.0,0,0.0,0.0,20.0,137.38,0.20946196660482375,0.0,7,9.0,0.0,0.0
0.07992082431513772,0.1351815496793214,0.0347075,False,False,False,False,232.0,2,355.23,0.0,219.33333333333334,411.04,0.7799628942486085,0.007462686567164179,51,36.0,25.559297055982938,1.3254850746268658
0.17660055852493006,0.2631532355935564,0.10578473,False,False,False,False,225.0,4,705.8,0.0,292.6666666666667,919.66,0.9398886827458256,0.017391304347826087,91,5.0,12.368101980726248,3.068695652173913
0.06808407261940055,0.08650216029688634,0.053014725,False,False,False,False,0.0,0,0.0,0.0,217.0,441.91,0.20946196660482375,0.0,15,1.0,0.0,0.0
0.022863462732683422,0.021661143703484542,0.023847178,False,False,False,False,0.0,0,0.0,0.0,194.0,455.18,0.20946196660482375,0.0,15,121.0,0.0,0.0
0.0785228123727386,0.1405230553256019,0.02779534,False,False,False,False,124.0,2,316.84000000000003,0.0,137.33333333333334,464.82,0.7402597402597403,0.008097165991902834,58,123.0,13.281600869585935,1.282753036437247
0.22712522608799465,0.4123848811953758,0.07554914,False,False,False,False,29.0,1,308.9,0.0,190.0,319.97,0.7217068645640075,0.03225806451612903,29,2.0,4.949747468305833,9.964516129032257
0.26954711459717484,0.3756977669098054,0.18269658,False,False,False,False,257.0,5,405.28000000000003,0.0,271.8333333333333,791.02,0.8282003710575139,0.018867924528301886,327,8.0,6.384438468784561,1.5293584905660378
0.06733387574606847,0.1214410231357087,0.023064392,False,False,False,False,130.0,2,160.27999999999997,0.0,157.66666666666666,203.4,0.5395176252319109,0.012738853503184714,30,27.0,17.59094018154199,1.0208917197452227
0.06518578802844263,0.1260967427172126,0.015349552,False,False,False,False,29.0,1,162.95000000000002,0.0,79.5,308.20000000000005,0.5421150278293135,0.006896551724137931,19,116.0,6.653056282246291,1.123793103448276
0.3543576553274114,0.42140578888277636,0.29950008,False,False,False,False,215.0,1,390.7,0.0,46.0,390.7,0.8166975881261596,0.0038022813688212928,6,48.0,87.36513415926669,1.4855513307984791
0.1563703593314773,0.2410029347740028,0.087125525,False,False,False,False,109.0,1,448.34,0.0,392.0,736.7,0.8567717996289425,0.004424778761061947,71,117.0,13.02799184174488,1.9838053097345132
0.22736310187158823,0.2929608683492925,0.1736922,False,False,False,False,89.0,2,626.15,0.0,434.0,631.65,0.9202226345083488,0.013333333333333334,124,61.0,4.776315986286246,4.174333333333333
0.34382623324128697,0.4731675958044597,0.23800148,False,False,False,False,47.0,2,390.20500000000004,0.0,404.0,1242.3799999999999,0.8163265306122449,0.03636363636363636,123,8.0,3.4590648098626464,7.094636363636364
0.1414904504741915,0.23032217880657158,0.06880994,False,False,False,False,172.0,4,492.1675,0.0,297.0,872.97,0.8794063079777366,0.014134275618374558,87,111.0,10.353138209293759,1.73910777385159
0.24773263748357846,0.36693211652327806,0.15020579,False,False,False,False,42.0,1,662.38,0.0,155.0,662.38,0.9320964749536178,0.003787878787878788,15,222.0,10.957710918409397,2.5090151515151513
0.04148673963028923,0.04566646177412703,0.038066965,False,False,False,False,0.0,0,0.0,0.0,312.0,400.3,0.20946196660482375,0.0,25,128.0,0.0,0.0
0.14776232180596433,0.20500009451974416,0.10093141,False,False,False,False,75.0,2,437.68,0.0,342.6666666666667,853.48,0.8512059369202226,0.010869565217391304,20,109.0,10.483596572810747,2.378695652173913
0.03978660784833493,0.04831741436041864,0.032806855,False,False,False,False,0.0,0,0.0,0.0,188.0,522.52,0.20946196660482375,0.0,29,58.0,0.0,0.0
0.09277561203038763,0.14201923973904873,0.05248537,False,False,False,False,71.0,1,111.5,0.0,59.5,322.55,0.46567717996289426,0.010638297872340425,31,23.0,12.359513572854553,1.1861702127659575
0.1045808985508902,0.16655924164088193,0.053871345,False,False,False,False,0.0,0,0.0,0.0,134.0,195.89,0.20946196660482375,0.0,67,269.0,0.0,0.0
0.25786669007639385,0.33755453541765157,0.19266754,False,False,False,False,248.0,4,555.24,0.0,283.2,1393.56,0.9035250463821892,0.014705882352941176,19,24.0,27.863995006853116,2.041323529411765
0.07988633392627836,0.1078868696728415,0.056976803,False,False,False,False,0.0,0,0.0,0.0,434.0,561.66,0.20946196660482375,0.0,33,114.0,0.0,0.0
0.11905273945877022,0.16031690276881205,0.08529115,False,False,False,False,221.0,3,406.4066666666667,0.0,318.25,467.69,0.8296846011131725,0.012711864406779662,110,15.0,13.50432660802136,1.7220621468926556
0.14699414225724172,0.18567684297885784,0.11534466,False,False,False,False,71.0,1,383.28,0.0,262.5,1015.83,0.8089053803339518,0.006134969325153374,72,92.0,8.029550685469662,2.351411042944785
0.012072312811652403,0.01851452189245617,0.0068014143,False,False,False,False,0.0,0,0.0,0.0,79.0,226.85,0.20946196660482375,0.0,10,135.0,0.0,0.0
0.09253677187047918,0.16742716691411247,0.03126281,False,False,False,False,98.0,2,158.085,0.0,105.66666666666667,224.49,0.537291280148423,0.011494252873563218,113,76.0,6.325574934567329,0.9085344827586207
0.08859575381076454,0.13123533439186147,0.05370882,False,False,False,False,100.0,3,362.5366666666667,0.0,143.0,496.24,0.7907235621521336,0.021897810218978103,63,37.0,7.5029336985279995,2.6462530413625305
0.20101485440499187,0.3079486481429603,0.113523565,False,False,False,False,265.0,10,373.755,0.0,85.72727272727273,776.0500000000001,0.801113172541744,0.03558718861209965,54,16.0,8.638246986439764,1.3300889679715302
0.1328239206730345,0.21232396954938643,0.06777842,False,False,False,False,84.0,3,255.78666666666666,0.0,182.25,335.8,0.6549165120593692,0.012195121951219513,54,162.0,9.820522925843113,1.0397831978319783
0.10270735289300652,0.1807990182471534,0.038814172,False,False,False,False,77.0,1,415.52,0.0,209.5,415.52,0.8348794063079777,0.0043859649122807015,71,151.0,8.951068183274076,1.8224561403508772
0.2517916872960453,0.36398432649111845,0.1599977,False,False,False,False,103.0,2,976.275,0.0,460.25,1088.5,0.9706864564007421,0.011764705882352941,62,67.0,8.919740502040538,5.742794117647058
0.3963692534319425,0.3715235101628887,0.4166976,False,False,False,False,113.0,1,358.0,0.0,150.0,358.0,0.7842300556586271,0.004830917874396135,3,94.0,79.19595949289332,1.7294685990338163
0.06240597993544628,0.11106334776595544,0.022595406,False,False,False,False,102.0,1,226.93,0.0,175.5,303.62,0.624860853432282,0.007407407407407408,29,33.0,18.319740806731044,1.680962962962963
0.2336849652434403,0.18698180885337334,0.27189663,False,False,False,False,0.0,0,0.0,0.0,728.0,500.24,0.20946196660482375,0.0,6,39.0,0.0,0.0
0.015011725472747515,0.024165887779856676,0.007521956,False,False,False,False,0.0,0,0.0,0.0,118.0,165.1,0.20946196660482375,0.0,3,101.0,0.0,0.0
0.017949222611856983,0.021902838156118487,0.014714446,False,False,False,False,0.0,0,0.0,0.0,77.0,286.25,0.20946196660482375,0.0,16,170.0,0.0,0.0
0.1038109321518038,0.2002609617176529,0.024897272,False,False,False,False,224.0,6,152.46666666666667,0.0,80.0,204.75,0.5283858998144713,0.024896265560165973,49,17.0,16.11192508950745,0.6326417704011065
0.25973026550747136,0.3559995381244283,0.1809645,False,False,False,False,60.0,2,751.4,0.0,215.25,1110.51,0.9454545454545454,0.011111111111111112,104,120.0,4.615728009203426,4.174444444444444
0.3161531938101655,0.41891222816613116,0.23207763,False,False,False,False,236.0,3,833.36,0.0,461.75,1222.09,0.9588126159554731,0.012195121951219513,222,10.0,10.516758694518767,3.3876422764227643
0.22243460262037487,0.3229521379253858,0.14019299,False,False,False,False,171.0,8,266.4525,0.0,86.66666666666667,526.5,0.6679035250463822,0.046511627906976744,177,1.0,4.126605062659773,1.5491424418604651
0.053143254433620384,0.08275087291344096,0.028918838,False,False,False,False,0.0,0,0.0,0.0,191.0,430.69,0.20946196660482375,0.0,55,69.0,0.0,0.0
0.18568654529720796,0.23031601028244258,0.14917153,False,False,False,False,155.0,3,632.5266666666666,0.0,438.8,639.48,0.9217068645640074,0.014925373134328358,35,46.0,13.237712681465675,3.146898839137645
0.18329515917348466,0.2781572162718155,0.10568075,False,False,False,False,197.0,1,227.70000000000002,0.0,68.5,227.70000000000002,0.6256029684601113,0.003703703703703704,14,73.0,50.606982390443605,0.8433333333333334
0.14004554385495505,0.15244811297682304,0.12989798,False,False,False,False,0.0,0,0.0,0.0,555.0,623.92,0.20946196660482375,0.0,34,22.0,0.0,0.0
0.017370929013405978,0.028008311580098866,0.008667616,False,False,False,False,0.0,0,0.0,0.0,98.0,141.79999999999998,0.20946196660482375,0.0,6,197.0,0.0,0.0
0.009069935871485793,0.017840766785070683,0.0018938014,False,False,False,False,0.0,0,0.0,0.0,87.0,108.17000000000002,0.20946196660482375,0.0,9,100.0,0.0,0.0
0.07169204041226009,0.1236494552727827,0.029181426,False,False,False,False,84.0,1,141.19,0.0,111.0,181.35,0.5105751391465677,0.004347826086956522,48,146.0,11.326557689382472,0.6138695652173913
0.19588262010304186,0.19488159525588822,0.19670163,False,False,False,False,70.0,3,359.12000000000006,0.0,330.0,426.96,0.7862708719851577,0.02,8,80.0,9.576757578339642,2.394133333333334
0.38588912187518204,0.5273546311259606,0.2701446,False,False,False,False,34.0,2,407.36,0.0,396.3333333333333,1221.56,0.8304267161410018,0.05263157894736842,117,4.0,2.1457893104184005,10.72
0.09939924949918572,0.10990528485321077,0.0908034,False,False,False,False,0.0,0,0.0,0.0,351.0,383.31,0.20946196660482375,0.0,48,13.0,0.0,0.0
0.07195170487587432,0.10144305484437899,0.047822416,False,False,False,False,111.0,2,193.19,0.0,60.5,341.93,0.5807050092764379,0.012121212121212121,56,54.0,9.798568018280331,1.1708484848484848
0.03407401640719987,0.028813987407569908,0.038377676,False,False,False,False,0.0,0,0.0,0.0,78.0,373.1,0.20946196660482375,0.0,11,48.0,0.0,0.0
0.11053764431411266,0.17643532369389003,0.05662136,False,False,False,False,141.0,5,363.91,0.0,238.16666666666666,707.05,0.7922077922077922,0.02717391304347826,95,43.0,6.91476941037192,1.977771739130435
0.21319068465673605,0.34256359480141885,0.10734012,False,False,False,False,31.0,2,94.255,0.0,52.333333333333336,227.0,0.44972170686456403,0.05,23,9.0,4.275816728492017,2.356375
0.024329898406783932,0.022160231845732514,0.02610508,False,False,False,False,0.0,0,0.0,0.0,234.0,299.18,0.20946196660482375,0.0,20,58.0,0.0,0.0
0.08266217608239429,0.07550206391869158,0.088520445,False,False,False,False,0.0,0,0.0,0.0,172.0,800.76,0.20946196660482375,0.0,13,40.0,0.0,0.0
0.08970975112366579,0.16278125718672853,0.029923974,False,False,False,False,233.0,3,197.23666666666668,0.0,141.75,245.91,0.5873840445269016,0.011111111111111112,41,37.0,25.93494870791206,0.7305061728395063
0.13004050896763833,0.21281072102652726,0.062319428,False,False,False,False,277.0,4,235.51999999999998,0.0,126.0,413.7,0.6333951762523191,0.014234875444839857,48,4.0,18.853609525300584,0.8381494661921708
0.07731301873170526,0.12362455690885454,0.03942176,False,False,False,False,201.0,3,328.4866666666667,0.0,195.75,398.0,0.7521335807050092,0.013636363636363636,25,19.0,18.224962141630886,1.493121212121212
0.2894907508834102,0.2736959997247542,0.30241373,False,False,False,False,22.0,1,4.25,0.0,291.0,1044.2,0.41929499072356213,0.022222222222222223,62,23.0,2.6670026670040006,0.09444444444444444
0.07766210441829736,0.15190831831300644,0.016915202,False,False,False,False,239.0,3,269.51,0.0,132.5,323.44,0.6708719851576994,0.011363636363636364,50,25.0,20.90547912005506,1.020871212121212
0.10212491316259391,0.1706209375937887,0.04608271,False,False,False,False,34.0,1,293.0,0.0,49.0,293.0,0.6946196660482374,0.006666666666666667,10,116.0,11.333333333333332,1.9533333333333334
0.25290925911731205,0.33883035429465946,0.18261018,False,False,False,False,59.0,1,716.14,0.0,531.5,965.9,0.9406307977736549,0.00558659217877095,40,120.0,9.28743292069505,4.0007821229050275
0.11174212737025599,0.20893416814543098,0.032221366,False,False,False,False,275.0,6,309.05333333333334,0.0,107.0,421.18,0.7224489795918367,0.021660649819494584,61,2.0,12.345902685964816,1.1157160048134778
0.14949641406743577,0.19579938783047046,0.11161216,False,False,False,False,156.0,3,566.0066666666667,0.0,278.0,564.61,0.9053803339517625,0.018518518518518517,67,6.0,8.984508307395403,3.4938683127572014
0.07573469227372603,0.1364596904608717,0.026050603,False,False,False,False,186.0,2,275.375,0.0,210.0,421.6,0.6760667903525046,0.010309278350515464,57,8.0,16.857500884199382,1.419458762886598
0.2692619694852293,0.2897375123552614,0.25250924,False,False,False,False,112.0,1,510.45,0.0,215.33333333333334,954.18,0.8860853432282003,0.0053475935828877,176,75.0,8.273451516749226,2.7296791443850266
0.13809503939916207,0.258810779886544,0.039327614,False,False,False,False,230.0,6,242.93500000000003,0.0,196.28571428571428,423.3,0.6404452690166976,0.02158273381294964,215,48.0,6.945311894782534,0.8738669064748202
0.016494599522355137,0.018304841752853518,0.015013492,False,False,False,False,0.0,0,0.0,0.0,220.0,348.26,0.20946196660482375,0.0,23,121.0,0.0,0.0
0.05317993484506651,0.09111913177855907,0.022138773,False,False,False,False,0.0,0,0.0,0.0,175.0,304.2,0.20946196660482375,0.0,7,276.0,0.0,0.0
0.07808915938329655,0.1345146373552737,0.03192286,False,False,False,False,182.0,4,308.61749999999995,0.0,144.2,627.27,0.7213358070500928,0.019417475728155338,66,24.0,11.763381753385573,1.498143203883495
0.3002670265232677,0.42256964731992497,0.20020124,False,False,False,False,118.0,10,98.375,0.0,65.45454545454545,365.83,0.45194805194805193,0.07874015748031496,44,9.0,6.0413340327263185,0.7746062992125984
0.07124606562948635,0.1223843057574257,0.029405685,False,False,False,False,175.0,2,272.92,0.0,119.5,339.36,0.673469387755102,0.010752688172043012,71,11.0,14.32778569905255,1.4673118279569892
0.02200699282967926,0.016543359437118654,0.026477238,False,False,False,False,0.0,0,0.0,0.0,220.0,315.0,0.20946196660482375,0.0,14,164.0,0.0,0.0
0.13153942216740117,0.21160304357180032,0.06603282,False,False,False,False,173.0,2,174.5,0.0,70.0,339.7,0.5554730983302412,0.0070921985815602835,15,109.0,33.77662348603908,0.6187943262411347
0.0964885144410464,0.14867847059124772,0.05378764,False,False,False,False,193.0,3,389.19666666666666,0.0,203.4,536.54,0.8152133580705009,0.013636363636363636,21,27.0,23.012532429990284,1.7690757575757576
0.11909209607668116,0.20890015377219945,0.045612775,False,False,False,False,142.0,1,130.8,0.0,76.0,137.9,0.49795918367346936,0.005319148936170213,15,46.0,37.95109635156425,0.6957446808510639
0.15189203921962374,0.22205198647818286,0.09448844,False,False,False,False,162.0,2,648.23,0.0,261.0,762.89,0.926530612244898,0.011764705882352941,67,8.0,12.507972766042046,3.8131176470588235
0.08694540739762775,0.15762035285340398,0.02912045,False,False,False,False,52.0,1,271.53,0.0,137.5,271.53,0.6723562152133581,0.012195121951219513,26,30.0,8.326663997864532,3.311341463414634
0.1039808589430839,0.16030460004722413,0.0578978,False,False,False,False,137.0,2,268.065,0.0,238.0,678.76,0.6701298701298701,0.008968609865470852,103,86.0,8.931483848583355,1.202085201793722
0.04487010552581493,0.04975356358281646,0.04087455,False,False,False,False,0.0,0,0.0,0.0,249.0,272.41,0.20946196660482375,0.0,44,92.0,0.0,0.0
0.14438147027742637,0.2349172599768588,0.07030673,False,False,False,False,52.0,1,610.0699999999999,0.0,261.0,624.8,0.9161410018552876,0.006134969325153374,55,111.0,6.425396041156865,3.7427607361963187
0.05447804611800717,0.08940037465489808,0.025905231,False,False,False,False,0.0,0,0.0,0.0,160.0,440.2,0.20946196660482375,0.0,16,269.0,0.0,0.0
0.014276639339895742,0.018305575196548074,0.010980237,False,False,False,False,0.0,0,0.0,0.0,111.0,292.63,0.20946196660482375,0.0,16,200.0,0.0,0.0
0.17889513572784754,0.23146183404067033,0.13588601,False,False,False,False,254.0,3,113.13333333333333,0.0,80.4,441.12,0.47050092764378476,0.010830324909747292,62,23.0,20.85715466934311,0.40842358604091455
0.3609618121136336,0.431250637052039,0.30345276,False,False,False,False,63.0,2,677.5450000000001,0.0,350.0,704.33,0.9365491651205937,0.008064516129032258,154,185.0,3.3295906169028773,2.732036290322581
0.2988912197580591,0.4496269165654216,0.17556201,False,False,False,False,30.0,1,553.08,0.0,388.0,839.76,0.9020408163265307,0.02631578947368421,41,8.0,4.185789451624785,14.554736842105264
0.0758993687045423,0.10417808797885925,0.052762233,False,False,False,False,0.0,0,0.0,0.0,60.0,72.84,0.20946196660482375,0.0,5,6.0,0.0,0.0
0.012408977633787583,0.009573951112061496,0.014728544,False,False,False,False,0.0,0,0.0,0.0,156.0,269.95,0.20946196660482375,0.0,15,152.0,0.0,0.0
0.014467158224291125,0.02122549621563602,0.008937608,False,False,False,False,0.0,0,0.0,0.0,76.0,197.72,0.20946196660482375,0.0,14,176.0,0.0,0.0
0.12738296809919458,0.14357094241795232,0.11413825,False,False,False,False,0.0,0,0.0,0.0,483.0,656.25,0.20946196660482375,0.0,33,178.0,0.0,0.0
0.11118846587102423,0.1675753174393444,0.06505377,False,False,False,False,116.0,2,407.63,0.0,262.3333333333333,586.74,0.8311688311688312,0.017094017094017096,42,1.0,11.377108441569328,3.484017094017094
0.08141895164522048,0.1316760017799562,0.040299546,False,False,False,False,230.0,2,344.01,0.0,222.0,383.12,0.7677179962894248,0.007194244604316547,58,48.0,22.46182276982118,1.2374460431654677
0.09329982160691402,0.14947253513477426,0.047340326,False,False,False,False,206.0,3,372.1266666666667,0.0,334.75,480.96,0.8,0.013574660633484163,73,15.0,12.843284730110918,1.6838310708898947
0.11861803088644532,0.12887366290576785,0.110227056,False,False,False,False,0.0,0,0.0,0.0,374.0,582.9,0.20946196660482375,0.0,29,6.0,0.0,0.0
0.25963544038745023,0.3407789090786213,0.19324532,False,False,False,False,117.0,1,672.0,0.0,408.0,672.0,0.9354359925788497,0.005988023952095809,161,50.0,8.57885622874916,4.023952095808383
0.09759041416457477,0.17174999604205693,0.036914393,False,False,False,False,109.0,1,313.26,0.0,64.5,313.26,0.7324675324675325,0.004149377593360996,21,132.0,24.373140954747694,1.2998340248962654
0.0654094180242362,0.10214380054035505,0.035354014,False,False,False,False,0.0,0,0.0,0.0,75.0,152.09,0.20946196660482375,0.0,33,272.0,0.0,0.0
0.23341212421068072,0.41741131907058027,0.082867324,False,False,False,False,17.0,1,315.72,0.0,137.5,332.89,0.7385899814471243,0.03333333333333333,30,13.0,3.005203820042827,10.524000000000001
0.03283786536914298,0.051140815139085916,0.017862724,False,False,False,False,0.0,0,0.0,0.0,176.0,439.39,0.20946196660482375,0.0,40,115.0,0.0,0.0
0.11816394509913491,0.22210491188239095,0.033121336,False,False,False,False,259.0,7,265.72285714285715,0.0,68.0,427.94000000000005,0.6664192949907236,0.02491103202846975,26,22.0,14.222148344961795,0.9456329435688866
0.18674979723302632,0.2567361045062124,0.12948827,False,False,False,False,0.0,0,0.0,0.0,558.0,1223.24,0.20946196660482375,0.0,54,114.0,0.0,0.0
0.013846041341707308,0.017564560980896593,0.010803616,False,False,False,False,0.0,0,0.0,0.0,127.0,188.73,0.20946196660482375,0.0,11,173.0,0.0,0.0
0.15386934884610742,0.18640341710653502,0.12725057,False,False,False,False,94.0,3,393.61999999999995,0.0,317.5,440.64,0.8204081632653061,0.0234375,21,34.0,8.712867118592394,3.0751562499999996
0.10099207125099678,0.16790593000456533,0.046244368,False,False,False,False,121.0,3,120.27666666666666,0.0,113.25,278.4,0.47940630797773653,0.023255813953488372,39,8.0,13.49833797936354,0.9323772609819121
0.0962688341841969,0.12892426221588654,0.06955075,False,False,False,False,28.0,1,82.04,0.0,199.0,178.22,0.44304267161410016,0.010869565217391304,18,64.0,6.110100926607789,0.8917391304347827
0.027858176850029948,0.03478268911496163,0.022192666,False,False,False,False,0.0,0,0.0,0.0,128.0,326.4,0.20946196660482375,0.0,20,32.0,0.0,0.0
0.41675389172148414,0.36558211647827765,0.45862168,False,False,False,False,204.0,1,419.90999999999997,0.0,955.0,1085.46,0.8397031539888683,0.0037313432835820895,89,64.0,21.639872710094437,1.566828358208955
0.054873845883403286,0.11145530241384344,0.008579927,False,False,False,False,179.0,2,234.865,0.0,129.0,301.53,0.6326530612244898,0.008733624454148471,24,50.0,21.68948163155077,1.0256113537117904
0.0878516021032794,0.15162479853401883,0.035673533,False,False,False,False,28.0,1,199.74,0.0,163.0,229.14000000000001,0.5907235621521336,0.015384615384615385,23,37.0,5.196152422706632,3.072923076923077
0.13085965458349355,0.20718589466580567,0.06841091,False,False,False,False,251.0,6,420.8633333333334,0.0,175.57142857142858,562.69,0.8404452690166976,0.02247191011235955,132,16.0,8.62602205267679,1.5762671660424472
0.11657329173393395,0.1958699501555793,0.051694207,False,False,False,False,106.0,2,429.125,0.0,136.66666666666666,530.1,0.8452690166975881,0.00881057268722467,15,121.0,22.677371053425414,1.8904185022026432
0.026911740818965905,0.02741938182457393,0.026496397,False,False,False,False,0.0,0,0.0,0.0,224.0,240.68,0.20946196660482375,0.0,16,190.0,0.0,0.0
0.07649813085736176,0.08279239667656996,0.07134827,False,False,False,False,0.0,0,0.0,0.0,312.0,281.88,0.20946196660482375,0.0,20,239.0,0.0,0.0
0.21149916400114552,0.2987079366401358,0.14014652,False,False,False,False,129.0,2,651.605,0.0,484.6666666666667,796.83,0.9276437847866419,0.01,122,71.0,7.733299526633337,3.258025
0.008151602977226554,0.004862683616767061,0.010842537,False,False,False,False,0.0,0,0.0,0.0,131.0,307.73,0.20946196660482375,0.0,15,117.0,0.0,0.0
0.09870629122928049,0.14279267271525914,0.062635615,False,False,False,False,96.0,2,372.45500000000004,0.0,147.66666666666666,440.71,0.8007421150278293,0.017543859649122806,44,18.0,9.224267129284476,3.2671491228070177
0.12319845572614167,0.1408360454882404,0.108767696,False,False,False,False,0.0,0,0.0,0.0,503.0,677.9,0.20946196660482375,0.0,45,43.0,0.0,0.0
0.08375456883544968,0.044633943814596566,0.11576235,False,False,False,False,0.0,0,0.0,0.0,312.0,155.28,0.20946196660482375,0.0,9,88.0,0.0,0.0
0.056924487465212184,0.09197260356852177,0.028248755,False,False,False,False,0.0,0,0.0,0.0,117.0,383.07,0.20946196660482375,0.0,23,275.0,0.0,0.0
0.06762988869526598,0.11504547886668781,0.028835313,False,False,False,False,107.0,1,223.74,0.0,209.5,312.4,0.6200371057513915,0.005263157894736842,27,83.0,20.59215960109665,1.177578947368421
0.010366406040089482,0.008664598336257656,0.011758794,False,False,False,False,0.0,0,0.0,0.0,102.0,308.68,0.20946196660482375,0.0,18,93.0,0.0,0.0
0.14964613119453177,0.2380336859643456,0.07732904,False,False,False,False,78.0,1,550.52,0.0,153.5,550.52,0.9012987012987013,0.0051813471502590676,16,115.0,19.881314510531404,2.8524352331606218
0.16242459950724997,0.26126288237129663,0.08155691,False,False,False,False,168.0,4,112.6,0.0,69.0,192.2,0.46827458256029686,0.014388489208633094,12,110.0,28.063543967218397,0.40503597122302154
0.06720851192048055,0.12633028166538834,0.018836154,False,False,False,False,198.0,2,305.52,0.0,162.33333333333334,308.6,0.7139146567717997,0.008032128514056224,32,51.0,21.0817135770078,1.2269879518072289
0.06352620215410086,0.12643273334688815,0.0120572215,False,False,False,False,96.0,2,236.195,0.0,148.66666666666666,302.54,0.634508348794063,0.01652892561983471,40,25.0,11.274404424267882,1.9520247933884296
0.09213082125942895,0.17367489235624095,0.025412945,False,False,False,False,229.0,4,147.1225,0.0,70.0,202.07,0.5187384044526901,0.014184397163120567,61,53.0,16.136739639629276,0.5217109929078014
0.5063524216502602,0.5823253525825992,0.44419274,True,False,False,False,191.0,2,1543.355,0.0,635.25,1987.19,0.9873840445269016,0.010416666666666666,153,1.0,8.996913050843865,8.038307291666667
0.006746897170738481,0.01499310482386329,0.0,False,False,False,False,0.0,0,0.0,0.0,87.0,139.77,0.20946196660482375,0.0,8,83.0,0.0,0.0
0.05488138578466986,0.09435744599352092,0.02258279,False,False,False,False,0.0,0,0.0,0.0,72.0,263.62,0.20946196660482375,0.0,13,282.0,0.0,0.0
0.4999625496709843,0.5093725771030893,0.49226344,False,False,False,False,163.0,5,515.78,0.0,423.25,2474.62,0.8890538033395177,0.025906735751295335,252,30.0,5.714557694968019,2.6724352331606216
0.13452132953491538,0.20322345557669202,0.0783105,False,False,False,False,126.0,1,189.67,0.0,166.5,210.24,0.5755102040816327,0.0035460992907801418,98,156.0,12.257258446136504,0.6725886524822695
0.13384659804702215,0.2193507517443854,0.063888654,False,False,False,False,91.0,1,182.7,0.0,56.0,182.7,0.5654916512059369,0.0036496350364963502,11,183.0,24.961508830135312,0.6667883211678832
0.06781842497703924,0.12178953806487486,0.02366024,False,False,False,False,66.0,1,76.55,0.0,70.0,232.65,0.4400742115027829,0.007407407407407408,25,69.0,13.200000000000006,0.567037037037037
0.0442579857422839,0.06996552840182746,0.023224542,False,False,False,False,0.0,0,0.0,0.0,29.0,109.25,0.20946196660482375,0.0,19,223.0,0.0,0.0
0.09470338666851161,0.19357478482115792,0.013808606,False,False,False,False,254.0,7,251.2571428571429,0.0,126.875,404.8,0.6482374768089054,0.025925925925925925,74,16.0,9.887293887272568,0.9305820105820107
0.07461411920995954,0.124902883454858,0.033468764,False,False,False,False,70.0,1,311.32,0.0,127.5,479.65,0.7291280148423006,0.008771929824561403,20,44.0,14.924050144892725,2.7308771929824562
0.09002391840179516,0.17540488464213638,0.020166764,False,False,False,False,201.0,6,364.81666666666666,0.0,180.0,721.95,0.7929499072356215,0.02586206896551724,46,31.0,9.32358132143597,1.572485632183908
0.07782293018237109,0.12189420354665109,0.041764613,False,False,False,False,108.0,2,349.20500000000004,0.0,266.0,375.74,0.7736549165120594,0.012578616352201259,63,51.0,12.31269279427348,2.19625786163522
0.12177389800126641,0.21625141997194486,0.044474106,False,False,False,False,234.0,7,275.2,0.0,215.75,403.81,0.6753246753246753,0.026515151515151516,143,30.0,6.419216050564297,1.0424242424242425
0.131758676390492,0.21021445905862712,0.06756758,False,False,False,False,207.0,6,217.30999999999997,0.0,278.75,558.36,0.6126159554730983,0.02702702702702703,44,15.0,10.908994959461936,0.9788738738738737
0.145530684575179,0.22417245371416494,0.08118742,False,False,False,False,44.0,1,196.21,0.0,71.66666666666667,222.831,0.5844155844155844,0.021739130434782608,22,2.0,9.174634218511288,4.265434782608696
0.12002736290285965,0.19775530442021466,0.056431774,False,False,False,False,253.0,6,402.97166666666664,0.0,316.0,560.35,0.8263450834879407,0.02127659574468085,95,29.0,8.213049990267473,1.4289775413711583
0.10114238852592321,0.16828261468878525,0.046209477,False,False,False,False,187.0,3,221.20666666666668,0.0,180.25,329.38,0.6159554730983302,0.01090909090909091,50,88.0,19.149720220196027,0.8043878787878789
0.13471218443285415,0.20341913449258697,0.0784974,False,False,False,False,189.0,1,333.57,0.0,210.0,333.57,0.7565862708719852,0.0037174721189591076,31,80.0,33.94540208306047,1.2400371747211896
0.03599253929821197,0.05999710575667894,0.01635244,False,False,False,False,0.0,0,0.0,0.0,18.0,69.89999999999999,0.20946196660482375,0.0,3,81.0,0.0,0.0
0.02170584873690492,0.030197268588328496,0.014758322,False,False,False,False,0.0,0,0.0,0.0,77.0,200.4,0.20946196660482375,0.0,20,194.0,0.0,0.0
0.12878535230254376,0.2389634340294035,0.03863965,False,False,False,False,217.0,4,128.4675,0.0,100.6,161.41,0.49573283858998146,0.017699115044247787,143,9.0,9.806952629424515,0.5684402654867257
0.08405917036433432,0.14697411596553,0.032583304,False,False,False,False,211.0,2,169.815,0.0,75.0,177.0,0.5495361781076067,0.007407407407407408,58,59.0,19.847826781568624,0.6289444444444444
0.04023483547173069,0.037127517221197504,0.042777184,False,False,False,False,0.0,0,0.0,0.0,208.0,282.88,0.20946196660482375,0.0,2,158.0,0.0,0.0
0.012653688546666817,0.022388698471970725,0.00468868,False,False,False,False,0.0,0,0.0,0.0,84.0,159.12,0.20946196660482375,0.0,18,129.0,0.0,0.0
0.11090349058575506,0.19547796967442554,0.04170619,False,False,False,False,110.0,3,144.47333333333333,0.0,42.75,171.05,0.5150278293135436,0.011152416356877323,56,159.0,8.222068100311127,0.5370755885997521
0.10738183427756669,0.1541329808567551,0.0691309,False,False,False,False,78.0,2,289.985,0.0,329.6666666666667,534.4200000000001,0.6912801484230056,0.010752688172043012,53,108.0,7.764532264245972,1.5590591397849463
0.009205985891100004,0.018382220466782617,0.0016981575,False,False,False,False,0.0,0,0.0,0.0,76.0,191.92000000000002,0.20946196660482375,0.0,12,115.0,0.0,0.0
0.21905428854964631,0.25631697505364726,0.18856663,False,False,False,False,0.0,0,0.0,0.0,550.0,981.38,0.20946196660482375,0.0,58,33.0,0.0,0.0
0.08803342189453904,0.1355411174355362,0.049163487,False,False,False,False,210.0,3,367.90333333333336,0.0,317.0,434.6,0.7955473098330241,0.013100436681222707,58,19.0,13.818896655012109,1.6065647743813685
0.03989616509132953,0.07079212838529153,0.01461765,False,False,False,False,0.0,0,0.0,0.0,158.0,283.53000000000003,0.20946196660482375,0.0,16,269.0,0.0,0.0
0.2889287326153799,0.32021797441038463,0.26332843,False,False,False,False,86.0,2,84.75,0.0,431.3333333333333,1285.62,0.44564007421150276,0.008733624454148471,45,143.0,10.282867972378801,0.3700873362445415
0.13721656640286573,0.23773071727080097,0.054977715,False,False,False,False,256.0,7,191.52857142857144,0.0,39.111111111111114,334.3,0.577365491651206,0.02491103202846975,65,25.0,10.020518608497898,0.6815963396034571
0.10334843401955446,0.16338777221677214,0.054225337,False,False,False,False,120.0,1,281.66,0.0,183.0,331.6,0.6838589981447124,0.004032258064516129,19,128.0,25.021729686848968,1.135725806451613
0.014751137775432766,0.009986097160868512,0.018649807,False,False,False,False,0.0,0,0.0,0.0,189.0,311.14,0.20946196660482375,0.0,19,100.0,0.0,0.0
0.022657928532297603,0.03732741088157493,0.010655625,False,False,False,False,0.0,0,0.0,0.0,48.0,119.35,0.20946196660482375,0.0,19,156.0,0.0,0.0
0.08191996353218015,0.14075685098985952,0.03378069,False,False,False,False,165.0,4,241.985,0.0,227.4,346.4,0.638961038961039,0.021052631578947368,84,25.0,8.764097743000354,1.273605263157895
0.1222498744172419,0.22303577334628388,0.039788682,False,False,False,False,196.0,3,89.19,0.0,134.5,128.27,0.4489795918367347,0.011235955056179775,32,71.0,20.552268048201718,0.3340449438202247
0.10285147032655678,0.16181046215510814,0.054612294,False,False,False,False,176.0,4,404.17500000000007,0.0,237.0,638.4000000000001,0.8267161410018553,0.022222222222222223,47,4.0,15.327304631966634,2.245416666666667
0.10722212206161724,0.20007225149950952,0.031253833,False,False,False,False,243.0,7,359.2442857142857,0.0,115.44444444444444,596.8,0.7866419294990723,0.025089605734767026,63,36.0,11.900298064212251,1.2876139272913465
0.12464009165343733,0.19996762970149717,0.063008465,False,False,False,False,270.0,6,301.42333333333335,0.0,208.71428571428572,438.76,0.7031539888682746,0.02181818181818182,132,5.0,8.401603281516056,1.0960848484848484
0.08691846183730172,0.14634187385534814,0.038299307,False,False,False,False,122.0,1,144.15,0.0,137.0,165.71,0.514656771799629,0.006578947368421052,20,30.0,27.75930379833797,0.9483552631578948
0.030074883070306625,0.02510074485610292,0.034144633,False,False,False,False,0.0,0,0.0,0.0,249.0,319.32,0.20946196660482375,0.0,14,36.0,0.0,0.0
0.24514583214503688,0.302738656917814,0.19802442,False,False,False,False,109.0,1,101.76,0.0,114.0,282.59999999999997,0.45343228200371055,0.004366812227074236,5,120.0,54.0,0.44436681222707425
0.07511601077816582,0.13781947068156347,0.023813179,False,False,False,False,209.0,3,223.23333333333335,0.0,166.25,275.7,0.6189239332096474,0.014018691588785047,54,5.0,15.398459932928722,1.043146417445483
0.09482113752498371,0.1638819384074684,0.038316846,False,False,False,False,28.0,1,172.44,0.0,120.0,218.62,0.5521335807050093,0.018518518518518517,25,26.0,5.295135648730968,3.1933333333333334
0.055469380303524385,0.1131863562664554,0.008246399,False,False,False,False,146.0,3,211.67999999999998,0.0,127.75,377.27000000000004,0.6044526901669759,0.014705882352941176,42,58.0,13.803652282150926,1.0376470588235294
0.03506103000188982,0.03233379437184147,0.037292402,False,False,False,False,0.0,0,0.0,0.0,269.0,305.54,0.20946196660482375,0.0,22,165.0,0.0,0.0
0.13935311298519798,0.199342282523721,0.09027106,False,False,False,False,158.0,1,368.38,0.0,408.0,566.84,0.7959183673469388,0.00411522633744856,36,85.0,26.537843598475433,1.5159670781893004
0.02176262158819299,0.01984291813259348,0.023333287,False,False,False,False,0.0,0,0.0,0.0,44.0,308.7,0.20946196660482375,0.0,10,95.0,0.0,0.0
0.13014298385442857,0.21923634092148947,0.05724842,False,False,False,False,159.0,1,125.46000000000001,0.0,89.0,154.9,0.4909090909090909,0.004132231404958678,15,83.0,38.32062875574061,0.5184297520661157
0.13285239348551048,0.18126012406394248,0.093246065,False,False,False,False,188.0,2,430.125,0.0,103.33333333333333,683.98,0.8467532467532467,0.010309278350515464,79,6.0,14.957955730199863,2.217139175257732
0.12424118311910905,0.13896787037913616,0.11219207,False,False,False,False,0.0,0,0.0,0.0,519.0,814.95,0.20946196660482375,0.0,26,113.0,0.0,0.0
0.08628507879651522,0.154601004162915,0.030390231,False,False,False,False,10.0,1,154.15,0.0,121.0,233.53,0.5298701298701298,0.011764705882352941,56,75.0,1.2026755886059093,1.813529411764706
0.13251480878826316,0.21724723381988065,0.06318828,False,False,False,False,151.0,4,132.535,0.0,132.4,245.88,0.5009276437847866,0.014925373134328358,13,117.0,14.175918547546283,0.4945335820895522
0.1766246529719906,0.23920421187561464,0.1254232,False,False,False,False,228.0,6,455.52500000000003,0.0,170.42857142857142,1129.3500000000001,0.8612244897959184,0.021897810218978103,85,46.0,10.818593192752038,1.6625
0.10583675088107754,0.16342615488767998,0.05871815,False,False,False,False,154.0,2,305.63,0.0,140.33333333333334,442.34999999999997,0.7146567717996289,0.007067137809187279,34,129.0,22.75248724152319,1.079964664310954
0.3236465162186659,0.4268935005198666,0.2391717,False,False,False,False,208.0,3,669.65,0.0,430.25,779.4399999999999,0.935064935064935,0.012295081967213115,284,36.0,6.42341568963217,2.744467213114754
0.11197113430261818,0.20018589989477192,0.039795417,False,False,False,False,179.0,2,391.125,0.0,55.0,444.75,0.8174397031539888,0.008849557522123894,10,47.0,31.956676402070766,1.730641592920354
0.1584169045813289,0.2253057643721295,0.103689656,False,False,False,False,234.0,4,661.145,0.0,262.4,856.0,0.9313543599257885,0.014234875444839857,40,47.0,13.812192438557982,2.352829181494662
0.02644465112224084,0.047797739570005326,0.008973942,False,False,False,False,0.0,0,0.0,0.0,36.0,91.8,0.20946196660482375,0.0,6,156.0,0.0,0.0
0.11855080166534747,0.1998000882086084,0.052074112,False,False,False,False,273.0,4,254.19,0.0,145.0,295.03,0.6530612244897959,0.014336917562724014,87,6.0,13.773967410220711,0.9110752688172042
0.043726296989646474,0.07202126476174575,0.020575868,False,False,False,False,0.0,0,0.0,0.0,119.0,185.97,0.20946196660482375,0.0,14,278.0,0.0,0.0
0.09180604831980299,0.15459516350001384,0.040433135,False,False,False,False,245.0,4,356.485,0.0,275.6666666666667,430.28000000000003,0.7814471243042672,0.014925373134328358,82,23.0,9.697556811389688,1.3301679104477613
0.14015078371857503,0.24229491780411094,0.05657831,False,False,False,False,210.0,4,217.525,0.0,97.6,277.97,0.612987012987013,0.014492753623188406,204,66.0,7.654638019528853,0.7881340579710145
0.09144174467756287,0.16928269573348398,0.027753694,False,False,False,False,261.0,4,398.40250000000003,0.0,143.0,455.6,0.8241187384044527,0.014336917562724014,70,18.0,15.105318284836255,1.4279659498207886
0.3605993305265083,0.4962137153014373,0.24964209,False,False,False,False,9.0,1,384.53,0.0,313.0,457.31,0.8100185528756957,0.04,75,16.0,1.046228748694375,15.3812
0.0712276755662124,0.10397076665060623,0.044437874,False,False,False,False,0.0,0,0.0,0.0,81.0,132.69,0.20946196660482375,0.0,49,20.0,0.0,0.0
0.11812754952314723,0.16455466236015664,0.08014173,False,False,False,False,21.0,1,301.8,0.0,219.0,422.23,0.7057513914656772,0.006329113924050633,35,137.0,3.3203915431767976,1.910126582278481
0.09426929604687259,0.130807032776717,0.06437478,False,False,False,False,47.0,1,288.74,0.0,176.5,288.74,0.6905380333951763,0.005917159763313609,33,122.0,8.181649829917799,1.7085207100591717
0.14505140280677362,0.27376210073527324,0.03974265,False,False,False,False,234.0,8,113.64625000000001,0.0,78.33333333333333,276.79,0.4712430426716141,0.029850746268656716,41,34.0,10.119010139197554,0.42405317164179107
0.13748563272124853,0.1932637270372516,0.09184901,False,False,False,False,136.0,3,378.2,0.0,456.0,556.32,0.8055658627087199,0.015544041450777202,19,57.0,17.703718604339947,1.9595854922279792
0.12054566369771558,0.21557156165042624,0.0427972,False,False,False,False,183.0,6,155.87166666666667,0.0,82.0,244.20000000000002,0.5328385899814472,0.02158273381294964,52,95.0,12.547047638462473,0.560689448441247
0.31592767330936483,0.3741821733433205,0.2682649,False,False,False,False,169.0,3,306.0,0.0,40.0,459.0,0.7155844155844155,0.014563106796116505,1,37.0,62.95236294214857,1.4854368932038835
0.08119376552098839,0.12302497999522088,0.046968225,False,False,False,False,148.0,2,348.025,0.0,215.25,665.28,0.7721706864564007,0.012048192771084338,74,18.0,11.574877009185784,2.0965361445783133
0.09088776752579167,0.17087203405472867,0.025446095,False,False,False,False,158.0,3,205.4333333333333,0.0,112.5,242.03,0.5955473098330241,0.010752688172043012,29,121.0,14.959454712163986,0.7363201911589008
0.11152781166086398,0.1920398530021818,0.045654323,False,False,False,False,6.0,1,58.1,0.0,21.666666666666668,138.15,0.4322820037105751,0.0051813471502590676,10,187.0,1.6666666666666667,0.3010362694300518
0.10101928938759736,0.17106021453569048,0.043713078,False,False,False,False,188.0,4,229.135,0.0,85.0,270.55,0.6282003710575139,0.018018018018018018,131,34.0,7.845536725174396,1.0321396396396396
0.2433629100185228,0.38480226964014386,0.1276398,False,False,False,False,273.0,8,186.56625,0.0,94.8,277.65000000000003,0.5721706864564008,0.02867383512544803,273,6.0,5.244745653557919,0.6686962365591398
0.11696709263578936,0.20262343890702028,0.046884626,False,False,False,False,203.0,4,454.865,0.0,209.4,656.26,0.8601113172541744,0.019417475728155338,121,3.0,7.831643509316576,2.2080825242718447
0.022402575273241396,0.03382948959078125,0.013053281,False,False,False,False,0.0,0,0.0,0.0,174.0,375.16999999999996,0.20946196660482375,0.0,22,195.0,0.0,0.0
0.0526811127807902,0.08827722140400646,0.023557024,False,False,False,False,0.0,0,0.0,0.0,12.0,36.2,0.20946196660482375,0.0,5,152.0,0.0,0.0
0.14518767190720186,0.17433799732052718,0.1213374,False,False,False,False,119.0,2,165.365,0.0,180.33333333333334,614.75,0.5447124304267161,0.008771929824561403,94,109.0,9.350829559074839,0.7252850877192983
0.10324957870459096,0.18958466534295648,0.03261178,False,False,False,False,196.0,3,330.3966666666667,0.0,107.75,363.36,0.7547309833024118,0.012195121951219513,16,50.0,30.63553406931922,1.3430758807588077
0.05298915758191574,0.06413506698738708,0.043869775,False,False,False,False,0.0,0,0.0,0.0,227.0,317.0,0.20946196660482375,0.0,20,8.0,0.0,0.0
0.27678631698357936,0.30494618096324866,0.25374642,False,False,False,False,0.0,0,0.0,0.0,568.0,1268.74,0.20946196660482375,0.0,62,29.0,0.0,0.0
0.21227477713618748,0.26984620920362457,0.16517088,False,False,False,False,13.0,1,195.41,0.0,61.333333333333336,195.41,0.5829313543599258,0.0035587188612099642,68,268.0,1.4534441853748647,0.6954092526690391
0.17481229800385029,0.24448456804844604,0.11780771,False,False,False,False,56.0,1,312.45,0.0,256.0,344.62,0.7313543599257885,0.017241379310344827,30,2.0,10.21324359973785,5.3870689655172415
0.04900186392673755,0.08280770180973529,0.021342542,False,False,False,False,0.0,0,0.0,0.0,74.0,156.19,0.20946196660482375,0.0,16,277.0,0.0,0.0
0.07593950670183325,0.10840627145371223,0.049375787,False,False,False,False,0.0,0,0.0,0.0,352.0,633.1,0.20946196660482375,0.0,40,177.0,0.0,0.0
0.050437091538896216,0.07288421745563006,0.03207126,False,False,False,False,0.0,0,0.0,0.0,140.0,54.519999999999996,0.20946196660482375,0.0,3,156.0,0.0,0.0
0.10849317931555395,0.19291327697088728,0.039422188,False,False,False,False,246.0,4,184.41,0.0,96.0,309.55,0.5692022263450834,0.016194331983805668,51,1.0,17.63798091980254,0.7465991902834008
0.07837491113885324,0.1364737708578304,0.030839479,False,False,False,False,153.0,2,136.375,0.0,159.33333333333334,279.75,0.5053803339517625,0.009615384615384616,72,55.0,15.810752014868049,0.6556490384615384
0.08373003692907066,0.12634240623937648,0.04886537,False,False,False,False,134.0,1,211.88,0.0,192.0,211.88,0.6048237476808905,0.006134969325153374,22,29.0,25.78831202380327,1.299877300613497
0.06765164041727759,0.13496597768995444,0.012576274,False,False,False,False,62.0,1,314.03,0.0,131.5,462.2,0.7350649350649351,0.005681818181818182,36,114.0,10.192737212932148,1.7842613636363636
0.2998718599683852,0.4595856490415139,0.16919693,False,False,False,False,257.0,10,721.4179999999999,0.0,331.3636363636364,1830.02,0.9413729128014843,0.036101083032490974,98,20.0,6.850997753084283,2.604397111913357
0.030429341486115334,0.03290032891436656,0.028407624,False,False,False,False,0.0,0,0.0,0.0,280.0,396.86,0.20946196660482375,0.0,21,114.0,0.0,0.0
0.36107184341963217,0.4879836981255939,0.25723487,False,False,False,False,270.0,16,220.108125,0.0,256.85,476.76000000000005,0.6152133580705009,0.05734767025089606,250,9.0,4.220271981596165,0.7889180107526882
0.028296075810524138,0.022158738748966123,0.033317532,False,False,False,False,0.0,0,0.0,0.0,240.0,297.94,0.20946196660482375,0.0,15,158.0,0.0,0.0
0.3773092937505104,0.39560795096023393,0.36233765,False,False,False,False,209.0,1,111.96,0.0,78.0,344.88,0.4671614100185529,0.0038314176245210726,3,52.0,104.5,0.42896551724137927
0.09869174147050694,0.18632541824603777,0.02699146,False,False,False,False,35.0,1,230.81,0.0,117.0,313.15,0.6296846011131726,0.004098360655737705,33,209.0,6.092717958449428,0.9459426229508197
0.0525185353152297,0.09025377718769667,0.021644246,False,False,False,False,0.0,0,0.0,0.0,119.0,243.53,0.20946196660482375,0.0,60,125.0,0.0,0.0
0.1625286495863057,0.27592396706975314,0.06975066,False,False,False,False,90.0,4,197.085,0.0,99.33333333333333,263.93,0.587012987012987,0.04040404040404041,92,9.0,3.8139399670752407,1.990757575757576
0.07051438388219164,0.12224878529687028,0.028186237,False,False,False,False,39.0,1,157.76999999999998,0.0,109.0,219.94,0.5365491651205937,0.006289308176100629,44,120.0,5.728715546977504,0.9922641509433962
0.30528211557928914,0.2497525008533662,0.35071543,False,False,False,False,0.0,0,0.0,0.0,869.0,896.6700000000001,0.20946196660482375,0.0,23,149.0,0.0,0.0
0.08277724894505999,0.1499628198394568,0.027807236,False,False,False,False,81.0,1,302.92,0.0,150.0,305.55,0.7079777365491651,0.004405286343612335,30,146.0,14.142135623730951,1.3344493392070484
0.09544360949878802,0.1768434406824666,0.028843747,False,False,False,False,168.0,3,129.75333333333333,0.0,123.25,149.38,0.49684601113172544,0.01485148514851485,98,34.0,9.095835634714792,0.6423432343234323
0.10241533672543329,0.1682235765397982,0.04857223,False,False,False,False,112.0,1,183.04,0.0,79.5,183.04,0.5669758812615956,0.0036496350364963502,45,162.0,15.102076919176639,0.668029197080292
0.0522834169148797,0.10540256885839705,0.008822292,False,False,False,False,153.0,3,238.04999999999998,0.0,156.5,330.63,0.636734693877551,0.014925373134328358,38,48.0,13.481797552560513,1.1843283582089552
0.09682462449203394,0.10224926991220895,0.092386276,False,False,False,False,0.0,0,0.0,0.0,346.0,645.35,0.20946196660482375,0.0,39,33.0,0.0,0.0
0.15615945540123377,0.21647077980423846,0.106813826,False,False,False,False,0.0,0,0.0,0.0,244.0,483.0,0.20946196660482375,0.0,124,144.0,0.0,0.0
0.11623481200097543,0.17866640258626898,0.06515442,False,False,False,False,171.0,2,567.22,0.0,323.6666666666667,815.78,0.9057513914656772,0.008438818565400843,82,66.0,12.974009333512475,2.3933333333333335
0.3113541400251274,0.3539144542079248,0.27653205,False,False,False,False,28.0,3,374.09999999999997,0.0,202.83333333333334,667.72,0.8018552875695732,0.036585365853658534,146,54.0,1.195082300976629,4.562195121951219
0.013141653289310827,0.02674454439895063,0.002012015,False,False,False,False,0.0,0,0.0,0.0,50.0,114.3,0.20946196660482375,0.0,7,96.0,0.0,0.0
0.07931228189277037,0.13890665898957483,0.030553246,False,False,False,False,213.0,2,417.125,0.0,200.0,417.6,0.8367346938775511,0.008130081300813009,39,33.0,22.107816616652944,1.695630081300813
0.24508174866258595,0.40707607202661245,0.11254094,False,False,False,False,232.0,5,828.4440000000001,0.0,406.0,1516.68,0.9580705009276438,0.02145922746781116,176,1.0,6.897153589225384,3.55555364806867
0.22827771546706738,0.38497301974263853,0.100072466,False,False,False,False,278.0,10,221.154,0.0,113.33333333333333,438.67,0.6155844155844156,0.035842293906810034,238,1.0,6.784424321221837,0.7926666666666666
0.025916430689079,0.03785806720385382,0.016146,False,False,False,False,0.0,0,0.0,0.0,224.0,491.71000000000004,0.20946196660482375,0.0,32,89.0,0.0,0.0
0.12705576460620085,0.17576035616707625,0.08720655,False,False,False,False,22.0,1,344.92,0.0,187.5,344.92,0.7695732838589981,0.010638297872340425,35,72.0,3.7186787208054715,3.66936170212766
0.02267664922834603,0.038098864060003845,0.010058473,False,False,False,False,0.0,0,0.0,0.0,70.0,232.9,0.20946196660482375,0.0,2,143.0,0.0,0.0
0.11641655848422175,0.17292113736820497,0.070185535,False,False,False,False,128.0,1,284.76,0.0,230.5,413.79,0.6857142857142857,0.003703703703703704,36,142.0,20.602120483606843,1.0546666666666666
0.08060685217157484,0.11889247943462006,0.049282245,False,False,False,False,156.0,2,327.245,0.0,235.33333333333334,414.49,0.75139146567718,0.008368200836820083,25,83.0,20.561622091418336,1.3692259414225942
0.2427331464446533,0.3949970077490251,0.11815362,False,False,False,False,248.0,9,195.54777777777775,0.0,182.1,336.84000000000003,0.5833024118738405,0.03202846975088968,269,33.0,4.631895185572263,0.6958995650454725
0.2294495601491167,0.31017183684332145,0.16340406,False,False,False,False,16.0,1,49.5,0.0,50.0,115.5,0.42894248608534324,0.04,7,9.0,5.0,1.98
0.07490354960823181,0.09398316753493685,0.05929295,False,False,False,False,0.0,0,0.0,0.0,16.0,175.2,0.41855287569573285,0.0,1,33.0,0.0,0.0
0.04268174710650366,0.06034586576464268,0.028229285,False,False,False,False,0.0,0,0.0,0.0,96.0,162.7,0.41855287569573285,0.0,17,187.0,0.0,0.0
0.3987797030484773,0.2769497652133521,0.49845874,False,False,False,False,170.0,2,111.98,0.0,439.3333333333333,1053.79,0.4671614100185529,0.009345794392523364,73,44.0,18.112409661707115,0.5232710280373832
0.058608787508117675,0.10386318465362548,0.021582462,False,False,False,False,63.0,1,168.1,0.0,79.0,335.5,0.548051948051948,0.007042253521126761,24,79.0,12.4,1.1838028169014083
0.13284924651146796,0.20831146229110087,0.07110743,False,False,False,False,0.0,0,0.0,0.0,96.0,37.2,0.41855287569573285,0.0,3,282.0,0.0,0.0
0.04005888324017097,0.04866115408991817,0.03302066,False,False,False,False,0.0,0,0.0,0.0,88.0,266.4,0.41855287569573285,0.0,14,155.0,0.0,0.0
0.12620446501061044,0.12149376268485568,0.13005868,False,False,False,False,0.0,0,0.0,0.0,216.0,725.6400000000001,0.41855287569573285,0.0,10,16.0,0.0,0.0
0.15350223749047423,0.279491639946697,0.050419997,False,False,False,False,278.0,3,248.08333333333334,0.0,87.8,335.8,0.6448979591836734,0.01060070671378092,24,5.0,35.07090904109359,0.8766195524146054
0.17023744948905406,0.2527367851955294,0.10273799,False,False,False,False,56.0,1,404.29,0.0,128.66666666666666,597.3,0.8267161410018553,0.0047169811320754715,107,156.0,5.133511583357977,1.9070283018867926
0.05672470162112488,0.08562364632992775,0.03308011,False,False,False,False,0.0,0,0.0,0.0,94.0,225.6,0.41855287569573285,0.0,11,233.0,0.0,0.0
0.0929652312688435,0.14363318059011848,0.051509634,False,False,False,False,0.0,0,0.0,0.0,2.0,9.2,0.41855287569573285,0.0,2,102.0,0.0,0.0
0.14126495944946546,0.20443558532859524,0.0895799,False,False,False,False,29.0,1,143.0,0.0,177.0,258.9,0.5131725417439703,0.0036231884057971015,10,247.0,9.666666666666666,0.5181159420289855
0.09352985758389687,0.1510135206095743,0.04649777,False,False,False,False,0.0,0,0.0,0.0,39.0,134.55,0.41855287569573285,0.0,1,261.0,0.0,0.0
0.04486484478370591,0.060771592523350626,0.031850234,False,False,False,False,0.0,0,0.0,0.0,133.0,249.57,0.41855287569573285,0.0,14,194.0,0.0,0.0
0.13929566442836944,0.23138207859175347,0.06395223,False,False,False,False,37.0,1,179.10000000000002,0.0,45.0,179.10000000000002,0.5614100185528756,0.0036231884057971015,9,239.0,12.727922061357855,0.648913043478261
0.07650064822226463,0.10656145620544083,0.051905442,False,False,False,False,0.0,0,0.0,0.0,249.0,332.41,0.41855287569573285,0.0,19,243.0,0.0,0.0
0.06201102191777618,0.09896084207233657,0.03177935,False,False,False,False,0.0,0,0.0,0.0,90.0,153.9,0.41855287569573285,0.0,8,242.0,0.0,0.0
0.10578981037550192,0.18800516085741742,0.038522705,False,False,False,False,110.0,2,91.05,0.0,68.66666666666667,236.0,0.4489795918367347,0.015625,14,18.0,20.205522955240156,0.711328125
0.1043617370675137,0.17398246442832999,0.047399323,False,False,False,False,265.0,4,251.0675,0.0,112.2,402.32,0.6478664192949907,0.014545454545454545,51,10.0,16.25988498265356,0.9129727272727273
0.0898071637904396,0.15004971345392648,0.040517803,False,False,False,False,222.0,2,261.36,0.0,182.0,299.67,0.6593692022263451,0.00881057268722467,78,5.0,17.70382435592367,1.1513656387665199
0.09945141752701914,0.10463202673289324,0.095212735,False,False,False,False,0.0,0,0.0,0.0,309.0,599.68,0.41855287569573285,0.0,38,52.0,0.0,0.0
0.05174296333101064,0.06195070806933045,0.04339117,False,False,False,False,0.0,0,0.0,0.0,125.0,234.17,0.41855287569573285,0.0,14,26.0,0.0,0.0
0.06061219677595006,0.051378629942022136,0.068166934,False,False,False,False,0.0,0,0.0,0.0,246.0,345.29999999999995,0.41855287569573285,0.0,9,71.0,0.0,0.0
0.08531162861293426,0.1515410462089351,0.031123923,False,False,False,False,1.0,1,9.75,0.0,22.5,91.22,0.42003710575139147,0.013888888888888888,15,71.0,0.0,0.13541666666666666
0.16761439455723942,0.2150090074798836,0.12883697,False,False,False,False,37.0,1,444.90000000000003,0.0,193.0,444.90000000000003,0.8545454545454545,0.012345679012345678,42,44.0,5.778429189878422,5.492592592592593
0.12979876606979512,0.17095759476375894,0.09612336,False,False,False,False,1.0,1,101.76,0.0,240.0,407.04,0.45343228200371055,0.013513513513513514,2,73.0,0.0,1.3751351351351353
0.04690253049665295,0.06893327800286264,0.028877372,False,False,False,False,0.0,0,0.0,0.0,39.0,170.95,0.41855287569573285,0.0,18,169.0,0.0,0.0
0.042005753714374094,0.05672697104465385,0.029961122,False,False,False,False,0.0,0,0.0,0.0,90.0,314.22,0.41855287569573285,0.0,6,135.0,0.0,0.0
0.08160140111098922,0.1490004862966413,0.026456695,False,False,False,False,37.0,1,121.80000000000001,0.0,40.5,121.80000000000001,0.48348794063079775,0.0053475935828877,24,150.0,7.3999999999999995,0.651336898395722
0.16561404831092139,0.2801649734241119,0.07189056,False,False,False,False,54.0,3,68.62,0.0,36.8,125.56,0.43673469387755104,0.010948905109489052,35,220.0,8.005305780226053,0.2504379562043796
0.07443112964442453,0.12425137250536195,0.03366911,False,False,False,False,0.0,0,0.0,0.0,56.0,114.68,0.41855287569573285,0.0,4,233.0,0.0,0.0
0.0757563812143007,0.10579570909482439,0.05117875,False,False,False,False,0.0,0,0.0,0.0,76.0,114.92,0.41855287569573285,0.0,43,39.0,0.0,0.0
0.07665267376457346,0.10925191504766968,0.049980566,False,False,False,False,34.0,1,200.17000000000002,0.0,71.5,200.17000000000002,0.5910946196660483,0.007874015748031496,20,93.0,7.57071921772854,1.5761417322834648
0.08387553290879879,0.15572997574687342,0.025085533,False,False,False,False,63.0,1,303.82,0.0,42.5,303.82,0.7087198515769945,0.005235602094240838,24,128.0,11.931905563252267,1.5906806282722512
0.07549915865474649,0.057621375397702235,0.09012643,False,False,False,False,0.0,0,0.0,0.0,272.0,306.72,0.41855287569573285,0.0,7,128.0,0.0,0.0
0.11835547385668171,0.1319523122146265,0.10723078,False,False,False,False,0.0,0,0.0,0.0,337.0,347.5,0.41855287569573285,0.0,40,6.0,0.0,0.0
0.09021559057778211,0.1346772676959323,0.053837854,False,False,False,False,0.0,0,0.0,0.0,82.0,422.70000000000005,0.41855287569573285,0.0,9,269.0,0.0,0.0
0.06865468479077597,0.05335636120991749,0.08117149,False,False,False,False,0.0,0,0.0,0.0,220.0,532.94,0.41855287569573285,0.0,20,82.0,0.0,0.0
0.07611187949011444,0.1028459484208451,0.05423855,False,False,False,False,0.0,0,0.0,0.0,120.0,594.0,0.41855287569573285,0.0,2,158.0,0.0,0.0
0.07226923587134951,0.09704816081372619,0.051995568,False,False,False,False,0.0,0,0.0,0.0,252.0,283.73,0.41855287569573285,0.0,50,179.0,0.0,0.0
0.06917256825371892,0.11289934649962652,0.033396114,False,False,False,False,0.0,0,0.0,0.0,31.0,62.85,0.41855287569573285,0.0,4,177.0,0.0,0.0
0.18215246188796042,0.24958442622106336,0.12698086,False,False,False,False,91.0,1,413.33,0.0,251.66666666666666,421.95,0.8330241187384044,0.004132231404958678,158,151.0,7.115124735378854,1.70797520661157
0.206426080037918,0.19075055027397986,0.21925151,False,False,False,False,0.0,0,0.0,0.0,581.0,752.4300000000001,0.41855287569573285,0.0,13,176.0,0.0,0.0
0.06145366524669105,0.11058986934826492,0.021251315,False,False,False,False,128.0,2,375.18,0.0,259.3333333333333,469.76,0.8037105751391466,0.011111111111111112,57,52.0,11.167092849258612,2.0843333333333334
0.03707821666555566,0.05068446818561384,0.02594583,False,False,False,False,0.0,0,0.0,0.0,94.0,197.9,0.41855287569573285,0.0,8,48.0,0.0,0.0
0.04541356842300259,0.06616773661818687,0.028432885,False,False,False,False,0.0,0,0.0,0.0,35.0,183.4,0.41855287569573285,0.0,8,159.0,0.0,0.0
0.1264980057036456,0.24434202118175485,0.030080175,False,False,False,False,251.0,6,106.60833333333333,0.0,100.42857142857143,202.12,0.45862708719851575,0.02127659574468085,57,31.0,14.708514017921201,0.3780437352245863
0.07758992906584677,0.11699910370672933,0.04534606,False,False,False,False,0.0,0,0.0,0.0,79.0,271.05,0.41855287569573285,0.0,10,268.0,0.0,0.0
0.055873633055209614,0.08377653581857569,0.033043984,False,False,False,False,0.0,0,0.0,0.0,102.0,141.92000000000002,0.41855287569573285,0.0,23,214.0,0.0,0.0
0.37547087723777783,0.4838323936366614,0.28681144,False,False,False,False,260.0,1,979.64,0.0,454.0,979.64,0.9717996289424861,0.003703703703703704,31,10.0,47.28671413127933,3.628296296296296
0.1668994536082313,0.22915612438881078,0.11596217,False,False,False,False,244.0,5,148.98399999999998,0.0,203.33333333333334,563.15,0.5228200371057514,0.020242914979757085,56,3.0,16.5213003539254,0.6031740890688259
0.12102573951622668,0.2124164714976775,0.046251502,False,False,False,False,39.0,1,221.44,0.0,159.5,378.53000000000003,0.6159554730983302,0.0036363636363636364,58,236.0,4.71331991438992,0.8052363636363636
0.10819271918808825,0.1628465115290087,0.06347598,False,False,False,False,154.0,4,372.46,0.0,304.6,546.38,0.8007421150278293,0.016666666666666666,89,86.0,9.18124879530019,1.5519166666666666
0.08006135350630342,0.07223918153545722,0.08646131,False,False,False,False,0.0,0,0.0,0.0,277.0,193.5,0.41855287569573285,0.0,17,164.0,0.0,0.0
0.1785457371626419,0.25640610499605476,0.1148418,False,False,False,False,211.0,5,122.82000000000001,0.0,191.16666666666666,320.52,0.4849721706864564,0.02358490566037736,11,1.0,22.196739357284848,0.5793396226415095
0.17683554806813884,0.13618326007227738,0.21009651,False,False,False,False,0.0,0,0.0,0.0,444.0,237.36,0.41855287569573285,0.0,19,186.0,0.0,0.0
0.039066645183301094,0.03592881240918927,0.041633964,False,False,False,False,0.0,0,0.0,0.0,160.0,318.05,0.41855287569573285,0.0,21,64.0,0.0,0.0
0.0405256208245145,0.06539243174685078,0.020180048,False,False,False,False,0.0,0,0.0,0.0,58.0,134.7,0.41855287569573285,0.0,6,128.0,0.0,0.0
0.16731564502671759,0.27137847798301995,0.082173325,False,False,False,False,0.0,0,0.0,0.0,1.0,15.0,0.41855287569573285,0.0,1,282.0,0.0,0.0
0.3063833206273464,0.32923471913897273,0.2876867,False,False,False,False,19.0,1,15.0,0.0,29.5,113.5,0.42189239332096473,0.045454545454545456,8,3.0,7.181324987175317,0.6818181818181818
0.08987045536375327,0.13862571092526743,0.04997979,False,False,False,False,0.0,0,0.0,0.0,106.0,307.82000000000005,0.41855287569573285,0.0,4,276.0,0.0,0.0
0.10217870051792861,0.1641177929690944,0.05150126,False,False,False,False,0.0,0,0.0,0.0,40.0,74.4,0.41855287569573285,0.0,5,269.0,0.0,0.0
0.21744065712691046,0.19847457565203197,0.23295836,False,False,False,False,0.0,0,0.0,0.0,438.0,351.3,0.41855287569573285,0.0,25,268.0,0.0,0.0
0.056900982653302665,0.05038498363053956,0.062232256,False,False,False,False,0.0,0,0.0,0.0,210.0,210.0,0.41855287569573285,0.0,10,46.0,0.0,0.0
0.2044785665877999,0.2929603827018078,0.13208435,False,False,False,False,36.0,2,313.365,0.0,186.33333333333334,580.08,0.7324675324675325,0.03333333333333333,48,24.0,4.574403793722982,5.2227500000000004
0.1253826609682123,0.21038942677689482,0.05583167,False,False,False,False,195.0,2,163.3,0.0,77.75,312.37,0.5424860853432282,0.0070921985815602835,131,87.0,15.136889113908067,0.5790780141843972
0.06151502437054185,0.10060930515128302,0.029528795,False,False,False,False,0.0,0,0.0,0.0,100.0,85.0,0.41855287569573285,0.0,1,162.0,0.0,0.0
0.2052576905338099,0.312977066933696,0.117123656,False,False,False,False,186.0,1,165.20000000000002,0.0,56.0,165.20000000000002,0.5443413729128015,0.0053475935828877,12,1.0,56.08111009146404,0.8834224598930482
0.11570485909321747,0.18369224843137444,0.060078815,False,False,False,False,0.0,0,0.0,0.0,161.0,202.48,0.41855287569573285,0.0,51,283.0,0.0,0.0
0.3852222845921763,0.45526110153945465,0.32791778,False,False,False,False,0.0,0,0.0,0.0,944.0,1595.48,0.41855287569573285,0.0,93,39.0,0.0,0.0
0.027495766567152646,0.03864023533565447,0.018377565,False,False,False,False,0.0,0,0.0,0.0,98.0,191.94,0.41855287569573285,0.0,7,83.0,0.0,0.0
0.05229418832275951,0.0745631943855834,0.03407409,False,False,False,False,0.0,0,0.0,0.0,34.0,214.5,0.41855287569573285,0.0,3,121.0,0.0,0.0
0.10319589440133282,0.1936738107845984,0.029168507,False,False,False,False,86.0,2,463.555,0.0,245.0,555.71,0.8653061224489796,0.010362694300518135,85,107.0,6.8346266329713545,2.401839378238342
0.10946872627189916,0.08330116217779143,0.13087855,False,False,False,False,0.0,0,0.0,0.0,338.0,213.15,0.41855287569573285,0.0,16,31.0,0.0,0.0
0.10465167469536009,0.1753803219895615,0.04678278,False,False,False,False,154.0,2,396.94500000000005,0.0,148.33333333333334,530.85,0.8222634508348794,0.007168458781362007,87,125.0,10.877165406149135,1.422741935483871
0.05726873861081432,0.08797001063441856,0.032149516,False,False,False,False,0.0,0,0.0,0.0,36.0,63.440000000000005,0.41855287569573285,0.0,23,118.0,0.0,0.0
0.07393518761452425,0.09522947422125577,0.056512587,False,False,False,False,0.0,0,0.0,0.0,139.0,530.15,0.41855287569573285,0.0,23,211.0,0.0,0.0
0.04307007778064523,0.06056903939282704,0.028752746,False,False,False,False,0.0,0,0.0,0.0,100.0,179.0,0.41855287569573285,0.0,1,128.0,0.0,0.0
0.12141196917058954,0.14616536852522977,0.101159185,False,False,False,False,0.0,0,0.0,0.0,165.0,362.13,0.41855287569573285,0.0,57,8.0,0.0,0.0
0.04965992476956436,0.07385172819465152,0.02986663,False,False,False,False,0.0,0,0.0,0.0,17.0,131.45000000000002,0.41855287569573285,0.0,6,76.0,0.0,0.0
0.08456033806601572,0.14750476436701987,0.033060353,False,False,False,False,107.0,3,371.5533333333333,0.0,253.0,589.4,0.7981447124304267,0.014423076923076924,64,101.0,6.704486561700492,1.7863141025641023
0.03913251674770124,0.06416617356734822,0.018650433,False,False,False,False,0.0,0,0.0,0.0,66.0,131.7,0.41855287569573285,0.0,8,113.0,0.0,0.0
0.3178891617292344,0.4272836619470251,0.22838457,False,False,False,False,245.0,1,99.1,0.0,30.5,99.1,0.45231910946196663,0.0035335689045936395,10,38.0,81.33333333333333,0.35017667844522965
0.05586292573821882,0.08784479518758675,0.029695941,False,False,False,False,0.0,0,0.0,0.0,92.0,153.0,0.41855287569573285,0.0,10,230.0,0.0,0.0
0.12156929566267609,0.1718698964914454,0.08041426,False,False,False,False,0.0,0,0.0,0.0,20.0,17.0,0.41855287569573285,0.0,1,16.0,0.0,0.0
0.038762405231030875,0.06245001259651911,0.019381635,False,False,False,False,0.0,0,0.0,0.0,62.0,143.1,0.41855287569573285,0.0,6,111.0,0.0,0.0
0.3254652583746629,0.357027774419722,0.29964137,False,False,False,False,0.0,0,0.0,0.0,688.0,1141.24,0.41855287569573285,0.0,54,263.0,0.0,0.0
0.1685744225766407,0.19506320352601708,0.14690179,False,False,False,False,0.0,0,0.0,0.0,179.0,468.34,0.41855287569573285,0.0,80,6.0,0.0,0.0
0.027992003156856536,0.03519197828044679,0.022101114,False,False,False,False,0.0,0,0.0,0.0,110.0,210.10000000000002,0.41855287569573285,0.0,11,67.0,0.0,0.0
0.11021877208874631,0.17803682093324502,0.054731276,False,False,False,False,112.0,1,163.3,0.0,104.0,226.14,0.5424860853432282,0.0035335689045936395,22,171.0,23.353614374392368,0.5770318021201414
0.184700849208633,0.28956256542691455,0.0989049,False,False,False,False,224.0,1,164.0,0.0,46.5,199.65,0.5424860853432282,0.0035460992907801418,19,58.0,48.66258952262629,0.5815602836879432
0.05520422787030904,0.08675625408270554,0.029388933,False,False,False,False,0.0,0,0.0,0.0,72.0,90.0,0.41855287569573285,0.0,3,53.0,0.0,0.0
0.8775619917662909,0.7279155107674711,1.0,True,False,False,False,73.0,2,1482.585,0.0,1361.46111111111,2949.12,0.9862708719851577,0.009174311926605505,49,145.0,6.476169552927524,6.800848623853211
0.1077469896451141,0.1725371165243576,0.054736886,False,False,False,False,0.0,0,0.0,0.0,36.0,87.5,0.41855287569573285,0.0,6,277.0,0.0,0.0
0.09860479994865501,0.15815745987830876,0.049879894,False,False,False,False,0.0,0,0.0,0.0,47.0,120.65,0.41855287569573285,0.0,6,276.0,0.0,0.0
0.1377616345743519,0.2030140840036299,0.084373266,False,False,False,False,224.0,2,578.585,0.0,211.0,606.53,0.9083487940630798,0.007194244604316547,68,54.0,23.691237309915355,2.0812410071942447
0.1237250613594791,0.1643235009963293,0.090508156,False,False,False,False,92.0,1,304.8,0.0,171.5,801.6,0.7098330241187384,0.0047169811320754715,37,120.0,13.565479063498719,1.437735849056604
0.04288235139939021,0.05957015729817705,0.029228693,False,False,False,False,0.0,0,0.0,0.0,43.0,199.85000000000002,0.41855287569573285,0.0,6,127.0,0.0,0.0
0.03768873137061188,0.05635889695362667,0.02241314,False,False,False,False,0.0,0,0.0,0.0,45.0,178.51999999999998,0.41855287569573285,0.0,6,83.0,0.0,0.0
0.040672749144010145,0.05102671652408086,0.03220132,False,False,False,False,0.0,0,0.0,0.0,119.0,327.25,0.41855287569573285,0.0,13,171.0,0.0,0.0
0.07418470528880428,0.12078169892584106,0.03605989,False,False,False,False,74.0,1,322.85,0.0,113.5,322.85,0.7454545454545455,0.005681818181818182,59,102.0,9.25,1.834375
0.06846585058945584,0.10193668573605058,0.04108062,False,False,False,False,0.0,0,0.0,0.0,37.0,142.4,0.41855287569573285,0.0,24,216.0,0.0,0.0
0.09491917929673173,0.16053814588043375,0.041230932,False,False,False,False,103.0,1,155.8,0.0,59.0,155.8,0.5324675324675324,0.009433962264150943,32,3.0,17.929998563436868,1.469811320754717
0.14074549102941858,0.2072458636795968,0.08633609,False,False,False,False,0.0,0,0.0,0.0,231.0,398.08,0.41855287569573285,0.0,64,275.0,0.0,0.0
0.04413122224852808,0.07067057836487045,0.022417203,False,False,False,False,0.0,0,0.0,0.0,70.0,92.72,0.41855287569573285,0.0,6,124.0,0.0,0.0
0.05747681370966745,0.06483196547943382,0.051458962,False,False,False,False,0.0,0,0.0,0.0,222.0,343.62,0.41855287569573285,0.0,22,179.0,0.0,0.0
0.060400510844315726,0.040511866999391355,0.07667304,False,False,False,False,0.0,0,0.0,0.0,254.0,302.46000000000004,0.41855287569573285,0.0,10,87.0,0.0,0.0
0.06931956780754292,0.09903060308877548,0.045010537,False,False,False,False,0.0,0,0.0,0.0,55.0,195.35,0.41855287569573285,0.0,25,223.0,0.0,0.0
0.07225291196394448,0.1203056124380007,0.032937065,False,False,False,False,0.0,0,0.0,0.0,72.0,76.32000000000001,0.41855287569573285,0.0,1,206.0,0.0,0.0
0.16170762029701896,0.18372307877660737,0.14369497,False,False,False,False,60.0,1,200.0,0.0,143.5,626.88,0.5907235621521336,0.015625,35,4.0,10.28991510855053,3.125
0.10890239450923617,0.13933445786087634,0.08400343,False,False,False,False,0.0,0,0.0,0.0,142.0,296.32,0.41855287569573285,0.0,82,59.0,0.0,0.0
0.11034082383651002,0.18052998402026987,0.052913327,False,False,False,False,0.0,0,0.0,0.0,51.0,115.65,0.41855287569573285,0.0,5,283.0,0.0,0.0
0.14525627814017172,0.1529340715823888,0.13897444,False,False,False,False,0.0,0,0.0,0.0,447.0,485.98,0.41855287569573285,0.0,37,16.0,0.0,0.0
0.19639015782489527,0.2565197776559138,0.1471932,False,False,False,False,188.0,1,335.87,0.0,407.5,357.94,0.7576994434137291,0.0037313432835820895,30,80.0,34.14137275115533,1.2532462686567165
0.10435215792959728,0.14401294372491918,0.071902424,False,False,False,False,0.0,0,0.0,0.0,11.5,27.36,0.41855287569573285,0.0,17,22.0,0.0,0.0
0.0836382704599905,0.12279763627365958,0.051598787,False,False,False,False,90.0,2,169.03,0.0,208.0,189.28,0.5487940630797774,0.015625,36,38.0,10.41899594630695,1.320546875
0.1096099026598845,0.18586055439894156,0.047223005,False,False,False,False,94.0,1,135.0,0.0,126.0,300.0,0.5042671614100186,0.00558659217877095,10,85.0,31.333333333333332,0.7541899441340782
0.8650063692913089,0.7555936043760586,0.9545259,True,False,False,False,0.0,0,0.0,0.0,1361.46111111111,3685.0121999999938,0.41855287569573285,0.0,219,39.0,0.0,0.0
0.14208475541034707,0.21051063396222874,0.086099945,False,False,False,False,72.0,2,73.38,0.0,48.333333333333336,136.95,0.437847866419295,0.02247191011235955,10,17.0,13.833150783753517,0.8244943820224718
0.10819810191963927,0.20342253005449012,0.030287204,False,False,False,False,188.0,2,218.42000000000002,0.0,120.33333333333333,298.6,0.6137291280148423,0.010101010101010102,11,10.0,38.17066936798463,1.1031313131313132
0.1939072830928228,0.27438473336185826,0.1280621,False,False,False,False,203.0,5,604.618,0.0,262.5,818.87,0.9146567717996289,0.023923444976076555,169,6.0,6.555974641704561,2.8929090909090913
0.14812603849597716,0.23270822804124142,0.07892243,False,False,False,False,36.0,1,346.6,0.0,363.5,652.61,0.7710575139146568,0.004975124378109453,71,165.0,4.156921938165305,1.7243781094527364
0.0806643809502335,0.16792254115420613,0.00927134,False,False,False,False,11.0,1,57.5,0.0,24.0,103.21000000000001,0.4319109461966605,0.009345794392523364,22,96.0,2.1821789023599236,0.5373831775700935
0.05722507729948043,0.08261441538334952,0.03645198,False,False,False,False,0.0,0,0.0,0.0,75.0,100.21000000000001,0.41855287569573285,0.0,7,36.0,0.0,0.0
0.16105596329631955,0.25040498995919025,0.08795221,False,False,False,False,69.0,3,234.34333333333333,0.0,103.8,327.98,0.6319109461966604,0.010869565217391304,14,207.0,11.776919517995074,0.8490700483091788
0.08854451192009097,0.14484491144258987,0.042480547,False,False,False,False,0.0,0,0.0,0.0,37.0,63.0,0.41855287569573285,0.0,3,234.0,0.0,0.0
0.0462722291830304,0.07507450208799105,0.022706732,False,False,False,False,0.0,0,0.0,0.0,51.0,125.65,0.41855287569573285,0.0,7,163.0,0.0,0.0
0.09142976445394092,0.14087845064837257,0.050971746,False,False,False,False,95.0,1,250.36,0.0,215.5,250.36,0.647495361781076,0.008,19,30.0,20.040867337427386,2.00288
0.07806626301973735,0.12550199124481226,0.039255213,False,False,False,False,175.0,3,328.9866666666667,0.0,165.0,659.3000000000001,0.7532467532467533,0.013636363636363636,26,45.0,16.892293504196896,1.4953939393939395
0.069819162735586,0.06427152940353781,0.074358135,False,False,False,False,0.0,0,0.0,0.0,209.0,110.49,0.41855287569573285,0.0,24,64.0,0.0,0.0
0.04984301311787893,0.07617619058085656,0.028297685,False,False,False,False,0.0,0,0.0,0.0,114.0,177.5,0.41855287569573285,0.0,10,222.0,0.0,0.0
0.11368756740505978,0.1905475805029932,0.0508021,False,False,False,False,182.0,4,179.47500000000002,0.0,48.4,418.95,0.5614100185528756,0.014184397163120567,40,100.0,14.46581986946599,0.636436170212766
0.028032451263400655,0.036385643711427273,0.021198021,False,False,False,False,0.0,0,0.0,0.0,93.0,207.15,0.41855287569573285,0.0,12,104.0,0.0,0.0
0.060689758558463425,0.08769080467663731,0.038597994,False,False,False,False,0.0,0,0.0,0.0,123.0,188.56,0.41855287569573285,0.0,27,236.0,0.0,0.0
0.15812176537065437,0.1616824020180157,0.15520851,False,False,False,False,0.0,0,0.0,0.0,386.0,311.71,0.41855287569573285,0.0,29,243.0,0.0,0.0
0.2370487703132494,0.3106780743704601,0.17680661,False,False,False,False,25.0,2,343.70000000000005,0.0,217.0,383.2,0.7669758812615955,0.03278688524590164,19,36.0,3.7405002327686057,5.634426229508198
0.07249128011929862,0.0466841776739198,0.09360618,False,False,False,False,0.0,0,0.0,0.0,246.0,177.34,0.41855287569573285,0.0,13,83.0,0.0,0.0
0.2658938347636689,0.3650782901576337,0.18474291,False,False,False,False,0.0,0,0.0,0.0,642.0,1829.04,0.41855287569573285,0.0,29,178.0,0.0,0.0
0.051423392070604375,0.08536712121251117,0.02365125,False,False,False,False,0.0,0,0.0,0.0,122.0,221.3,0.41855287569573285,0.0,36,174.0,0.0,0.0
0.08440520374887969,0.12169104779017825,0.053898603,False,False,False,False,0.0,0,0.0,0.0,238.0,300.42,0.41855287569573285,0.0,21,261.0,0.0,0.0
0.1153051183911109,0.15695295428610379,0.08122961,False,False,False,False,0.0,0,0.0,0.0,32.0,64.0,0.41855287569573285,0.0,2,4.0,0.0,0.0
0.13639062197647692,0.1312247978678942,0.1406172,False,False,False,False,0.0,0,0.0,0.0,230.0,160.09,0.41855287569573285,0.0,47,13.0,0.0,0.0
0.1209107553534577,0.1777375385877975,0.074416116,False,False,False,False,155.0,1,236.02,0.0,209.0,305.63,0.6341372912801484,0.006369426751592357,91,2.0,15.800066622111377,1.503312101910828
0.05538941129009889,0.06712020583640571,0.04579149,False,False,False,False,0.0,0,0.0,0.0,215.0,338.95,0.41855287569573285,0.0,24,25.0,0.0,0.0
0.16262383547356365,0.23627186344576406,0.10236636,False,False,False,False,253.0,1,157.18,0.0,110.5,220.32000000000002,0.535064935064935,0.0037174721189591076,52,16.0,33.22052751350982,0.5843122676579926
0.1292626677557513,0.1872900721330742,0.0817857,False,False,False,False,0.0,0,0.0,0.0,61.0,144.24,0.41855287569573285,0.0,44,276.0,0.0,0.0
0.03392811016768298,0.02774321556157716,0.03898848,False,False,False,False,0.0,0,0.0,0.0,148.0,298.48,0.41855287569573285,0.0,16,94.0,0.0,0.0
0.13607292143603067,0.18192874652588586,0.098554514,False,False,False,False,90.0,1,296.88,0.0,306.0,314.99999999999994,0.6983302411873841,0.0045871559633027525,18,128.0,21.585670628233636,1.3618348623853211
0.05216534946435937,0.0468558352098255,0.056509495,False,False,False,False,0.0,0,0.0,0.0,184.0,369.2,0.41855287569573285,0.0,20,117.0,0.0,0.0
0.04947298801569826,0.057650461773710915,0.042782325,False,False,False,False,0.0,0,0.0,0.0,152.0,394.44,0.41855287569573285,0.0,20,155.0,0.0,0.0
0.050791051759795154,0.07934786702080082,0.027426384,False,False,False,False,0.0,0,0.0,0.0,24.0,110.97,0.41855287569573285,0.0,12,153.0,0.0,0.0
0.10705296681021148,0.190153899804188,0.039061293,False,False,False,False,89.0,2,277.28,0.0,142.66666666666666,303.00000000000006,0.6771799628942486,0.007462686567164179,37,179.0,10.224785104879572,1.0346268656716417
0.06028272739211753,0.05225302789299652,0.06685248,False,False,False,False,0.0,0,0.0,0.0,181.0,449.73,0.41855287569573285,0.0,15,47.0,0.0,0.0
0.04569611748699849,0.0593297567222848,0.03454132,False,False,False,False,0.0,0,0.0,0.0,164.0,333.08,0.41855287569573285,0.0,23,184.0,0.0,0.0
0.0445938909924823,0.06799577187648481,0.025446897,False,False,False,False,0.0,0,0.0,0.0,60.0,90.12,0.41855287569573285,0.0,17,127.0,0.0,0.0
0.2389205061855803,0.16404836563333103,0.3001795,False,False,False,False,0.0,0,0.0,0.0,526.0,127.0,0.41855287569573285,0.0,18,25.0,0.0,0.0
0.10249380926936508,0.1344306222961929,0.07636369,False,False,False,False,48.0,1,185.78,0.0,347.0,440.99,0.5714285714285714,0.009433962264150943,35,58.0,7.340166808764484,1.7526415094339622
0.07017987983855849,0.05367222797944027,0.083686136,False,False,False,False,0.0,0,0.0,0.0,270.0,254.82,0.41855287569573285,0.0,19,45.0,0.0,0.0
0.043454424859237575,0.0609752937514515,0.02911917,False,False,False,False,0.0,0,0.0,0.0,90.5,99.21,0.41855287569573285,0.0,22,128.0,0.0,0.0
0.17664982493735432,0.18942273581507202,0.16619925,False,False,False,False,150.0,4,310.92,0.0,375.6,319.12,0.7280148423005566,0.02030456852791878,89,47.0,8.600221644181934,1.5782741116751269
0.10437253276841944,0.13712548073435504,0.07757466,False,False,False,False,0.0,0,0.0,0.0,93.0,126.16,0.41855287569573285,0.0,43,6.0,0.0,0.0
0.07031839897325956,0.10884182729304548,0.03879923,False,False,False,False,0.0,0,0.0,0.0,78.0,110.17999999999999,0.41855287569573285,0.0,13,244.0,0.0,0.0
0.0703743284601151,0.13562618196743043,0.016986448,False,False,False,False,106.0,2,184.32,0.0,114.0,307.85,0.5688311688311688,0.00881057268722467,22,121.0,14.253210971163854,0.8119823788546255
0.10131170538947931,0.09898128471740864,0.103218414,False,False,False,False,0.0,0,0.0,0.0,361.0,303.56,0.41855287569573285,0.0,22,22.0,0.0,0.0
0.05101812772866316,0.08246071538254568,0.025292374,False,False,False,False,0.0,0,0.0,0.0,24.0,113.5,0.41855287569573285,0.0,9,144.0,0.0,0.0
0.04608615679740731,0.060591817855831065,0.034217887,False,False,False,False,0.0,0,0.0,0.0,103.0,388.45000000000005,0.41855287569573285,0.0,17,163.0,0.0,0.0
0.18208307650355726,0.27465652816093034,0.10634116,False,False,False,False,223.0,1,185.55,0.0,75.0,185.55,0.5703153988868275,0.0036231884057971015,18,53.0,52.325901807804506,0.6722826086956523
0.044261251627898124,0.042365170716126554,0.04581259,False,False,False,False,0.0,0,0.0,0.0,147.0,349.55,0.41855287569573285,0.0,19,114.0,0.0,0.0
0.02615111461634277,0.03462792582765417,0.019215541,False,False,False,False,0.0,0,0.0,0.0,108.0,190.53,0.41855287569573285,0.0,10,81.0,0.0,0.0
0.05436022162756167,0.06195512398130015,0.04814621,False,False,False,False,0.0,0,0.0,0.0,183.0,409.57,0.41855287569573285,0.0,18,170.0,0.0,0.0
0.24251205062799172,0.3304305084531509,0.17057876,False,False,False,False,157.0,1,429.79999999999995,0.0,71.5,429.79999999999995,0.8460111317254174,0.00423728813559322,8,79.0,55.50788232314398,1.8211864406779659
0.1019904747254132,0.08589121691528928,0.115162596,False,False,False,False,0.0,0,0.0,0.0,221.0,110.3,0.41855287569573285,0.0,41,78.0,0.0,0.0
0.11496969363791709,0.20103549078003047,0.044552222,False,False,False,False,106.0,1,346.76,0.0,57.0,388.9,0.7710575139146568,0.005988023952095809,11,61.0,31.658691180665183,2.0764071856287423
0.11795363098476709,0.1663724392673347,0.07833824,False,False,False,False,0.0,0,0.0,0.0,112.0,476.42,0.41855287569573285,0.0,75,202.0,0.0,0.0
0.11426299429145106,0.14798141996521968,0.08667519,False,False,False,False,0.0,0,0.0,0.0,281.0,534.57,0.41855287569573285,0.0,35,239.0,0.0,0.0
0.12855754067872316,0.10466499506046045,0.14810598,False,False,False,False,0.0,0,0.0,0.0,496.0,300.04,0.41855287569573285,0.0,25,72.0,0.0,0.0
0.14600893184208127,0.2158674945359595,0.08885192,False,False,False,False,0.0,0,0.0,0.0,224.0,364.34,0.41855287569573285,0.0,71,275.0,0.0,0.0
0.040430268862742445,0.05344715928346638,0.029780084,False,False,False,False,0.0,0,0.0,0.0,137.0,178.5,0.41855287569573285,0.0,10,171.0,0.0,0.0
0.0404706405391041,0.04598563617903734,0.035958372,False,False,False,False,0.0,0,0.0,0.0,129.0,294.24,0.41855287569573285,0.0,31,95.0,0.0,0.0
0.07247390956925329,0.08094085557034669,0.06554641,False,False,False,False,0.0,0,0.0,0.0,312.0,406.48,0.41855287569573285,0.0,21,145.0,0.0,0.0
0.05383430981530685,0.0643071946478318,0.045265585,False,False,False,False,0.0,0,0.0,0.0,44.0,313.8,0.41855287569573285,0.0,8,151.0,0.0,0.0
0.06678254674147517,0.11364322476411198,0.02844199,False,False,False,False,99.0,2,259.89,0.0,140.0,542.97,0.6575139146567718,0.0111731843575419,36,80.0,12.6835581259011,1.451899441340782
0.07758990489099318,0.13902586781656068,0.027324116,False,False,False,False,62.0,2,140.15,0.0,61.0,181.3,0.5087198515769944,0.012658227848101266,33,96.0,7.157567270432687,0.8870253164556963
0.12866393580369162,0.24449028305062553,0.033896923,False,False,False,False,196.0,5,92.27,0.0,26.0,140.59,0.4489795918367347,0.020491803278688523,66,48.0,9.23429043045953,0.378155737704918
0.13010194547510928,0.22837283346469284,0.04969849,False,False,False,False,259.0,7,198.33571428571426,0.0,112.625,405.16,0.5884972170686457,0.025362318840579712,18,17.0,14.303576744727447,0.7186076604554864
0.07961585782468913,0.13647422691187588,0.033095375,False,False,False,False,68.0,1,176.60999999999999,0.0,120.0,176.60999999999999,0.5576994434137291,0.004524886877828055,37,153.0,11.333333333333345,0.7991402714932127
0.06282256471385161,0.12123933108359797,0.015027028,False,False,False,False,42.0,1,138.19,0.0,72.5,197.94,0.5079777365491651,0.005917159763313609,27,127.0,7.748271696689158,0.8176923076923077
0.04655273852267283,0.06528516273848256,0.031226208,False,False,False,False,0.0,0,0.0,0.0,74.0,225.9,0.41855287569573285,0.0,14,191.0,0.0,0.0
0.14782408852274145,0.2314361897639638,0.07941419,False,False,False,False,89.0,1,472.64,0.0,288.5,472.64,0.8697588126159554,0.010638297872340425,37,5.0,14.666666666666663,5.028085106382979
0.13916628679278392,0.19220988498005376,0.09576698,False,False,False,False,190.0,1,338.84,0.0,298.0,338.84,0.7606679035250464,0.0037174721189591076,34,79.0,29.883523888591164,1.259628252788104
0.1491713826400078,0.21446544363367043,0.09574897,False,False,False,False,21.0,1,193.8,0.0,118.0,193.79999999999998,0.5810760667903525,0.004032258064516129,4,227.0,10.5,0.7814516129032258
0.1790013426497145,0.2833365072706372,0.09363621,False,False,False,False,188.0,1,35.400000000000006,0.0,23.0,111.8,0.42523191094619667,0.0036496350364963502,27,86.0,36.18061686921654,0.12919708029197083
0.16865613406565655,0.28849184724284255,0.07060873,False,False,False,False,255.0,3,113.76,0.0,68.5,249.67000000000002,0.4712430426716141,0.011194029850746268,28,13.0,32.96285572504083,0.42447761194029854
0.11418155943471203,0.14414509115656238,0.08966594,False,False,False,False,35.0,2,147.05,0.0,164.66666666666666,169.5,0.5183673469387755,0.017699115044247787,10,78.0,6.436076205505722,1.3013274336283187
0.1379456069960011,0.1559282501304179,0.123232536,False,False,False,False,0.0,0,0.0,0.0,326.0,860.12,0.41855287569573285,0.0,54,110.0,0.0,0.0
0.38929072871194814,0.5310130970210175,0.27333605,False,False,False,False,148.0,1,1430.75,0.0,459.5,1430.75,0.9855287569573283,0.0048543689320388345,37,58.0,22.68259244442751,6.945388349514563
0.06855470551387349,0.115364969071103,0.030255398,False,False,False,False,98.0,2,144.515,0.0,42.666666666666664,194.7,0.5153988868274583,0.012903225806451613,33,57.0,11.017206821778652,0.9323548387096773
0.1316938719518549,0.18485661653844665,0.08819708,False,False,False,False,189.0,3,457.3233333333333,0.0,225.75,490.05000000000007,0.862708719851577,0.01060070671378092,23,94.0,19.196330605988283,1.6159835100117785
0.1633837168917101,0.25511247041160123,0.088332914,False,False,False,False,159.0,1,581.39,0.0,246.5,581.39,0.9094619666048237,0.006097560975609756,29,5.0,29.85919336772894,3.545060975609756
0.08519711166811252,0.09726014833080027,0.07532735,False,False,False,False,0.0,0,0.0,0.0,171.0,302.48,0.41855287569573285,0.0,28,4.0,0.0,0.0
0.05564948763778679,0.06385168756226417,0.048938595,False,False,False,False,0.0,0,0.0,0.0,168.0,519.68,0.41855287569573285,0.0,28,120.0,0.0,0.0
0.08362018335586022,0.1290649345346122,0.046438113,False,False,False,False,119.0,2,205.91500000000002,0.0,87.33333333333333,208.3,0.5970315398886827,0.013793103448275862,88,26.0,8.32478907109609,1.420103448275862
0.15926858743352462,0.21963520922755247,0.10987771,False,False,False,False,131.0,1,284.44000000000005,0.0,109.5,284.44000000000005,0.6849721706864564,0.0035335689045936395,17,152.0,32.5,1.005088339222615
0.04126109098657621,0.05456039288010095,0.030379845,False,False,False,False,0.0,0,0.0,0.0,134.0,105.84,0.41855287569573285,0.0,9,92.0,0.0,0.0
0.2164842995298753,0.1519226834272565,0.26930743,False,False,False,False,0.0,0,0.0,0.0,460.0,154.99,0.41855287569573285,0.0,14,194.0,0.0,0.0
0.07916815676517809,0.12167412176678633,0.044390548,False,False,False,False,0.0,0,0.0,0.0,121.0,173.55,0.41855287569573285,0.0,11,276.0,0.0,0.0
0.19274964164747663,0.25067797923648505,0.14535372,False,False,False,False,82.0,1,487.75,0.0,274.5,487.75,0.876808905380334,0.0035460992907801418,25,200.0,16.53405576378645,1.7296099290780143
0.2616547863207915,0.3372118363827816,0.19983537,False,False,False,False,27.0,1,617.45,0.0,264.5,617.4499999999999,0.9168831168831169,0.015384615384615385,52,38.0,3.640728218472825,9.49923076923077
0.07463051519636935,0.11767492425319498,0.03941236,False,False,False,False,0.0,0,0.0,0.0,12.0,51.0,0.41855287569573285,0.0,1,74.0,0.0,0.0
0.0746253016522446,0.12424041726653634,0.034031115,False,False,False,False,111.0,2,148.70999999999998,0.0,46.0,199.04,0.522077922077922,0.014084507042253521,44,31.0,14.258686648058983,1.0472535211267604
0.12022310305154836,0.173320898491288,0.07677945,False,False,False,False,48.0,1,223.0,0.0,175.5,583.41,0.6181818181818182,0.0044444444444444444,48,177.0,7.001519591898934,0.9911111111111112
0.2694432525641811,0.32510037528300556,0.22390561,False,False,False,False,35.0,1,575.18,0.0,303.0,575.18,0.9064935064935065,0.0036231884057971015,17,241.0,8.5,2.0839855072463767
0.12943142016480608,0.2144569099998086,0.05986511,False,False,False,False,104.0,1,445.2,0.0,207.0,523.86,0.8545454545454545,0.0036496350364963502,51,170.0,14.422205101855956,1.6248175182481752
0.05054358642828824,0.08351266732441853,0.023568884,False,False,False,False,0.0,0,0.0,0.0,66.0,130.26,0.41855287569573285,0.0,5,184.0,0.0,0.0
0.15529182763830585,0.16285434833137552,0.14910431,False,False,False,False,34.0,1,135.51,0.0,309.5,219.06,0.5046382189239332,0.017241379310344827,22,24.0,7.2011903777877455,2.3363793103448276
0.08081309448486146,0.13678819660358021,0.03501528,False,False,False,False,191.0,2,389.27,0.0,248.0,399.34,0.8152133580705009,0.010050251256281407,52,8.0,16.97673176447606,1.9561306532663316
0.07428272479111958,0.1517583169227399,0.010893604,False,False,False,False,163.0,3,164.01666666666665,0.0,84.75,249.60000000000002,0.5428571428571428,0.015384615384615385,36,32.0,20.80674200398786,0.841111111111111
0.20457415994130332,0.23413735884478265,0.18038608,False,False,False,False,26.0,1,445.84999999999997,0.0,244.0,445.84999999999997,0.8545454545454545,0.014084507042253521,38,45.0,3.857583749052296,6.279577464788732
0.04474774288786019,0.05211774480900422,0.03871774,False,False,False,False,0.0,0,0.0,0.0,191.0,305.1,0.41855287569573285,0.0,18,186.0,0.0,0.0
0.18921563409128736,0.21860317239847338,0.16517128,False,False,False,False,0.0,0,0.0,0.0,496.0,889.24,0.41855287569573285,0.0,30,208.0,0.0,0.0
0.1235579686565706,0.18178490018480548,0.07591775,False,False,False,False,0.0,0,0.0,0.0,28.0,85.23,0.41855287569573285,0.0,25,279.0,0.0,0.0
0.09785689804366024,0.16616206242885395,0.041970853,False,False,False,False,58.0,1,321.9,0.0,140.0,321.9,0.7447124304267161,0.00546448087431694,9,125.0,16.08630569053165,1.7590163934426228
0.24963985614212514,0.2658853317241351,0.2363481,False,False,False,False,0.0,0,0.0,0.0,668.0,809.28,0.41855287569573285,0.0,47,206.0,0.0,0.0
0.056822831852304044,0.08671607639627787,0.032364722,False,False,False,False,0.0,0,0.0,0.0,78.0,87.4,0.41855287569573285,0.0,5,47.0,0.0,0.0
0.10964164806294156,0.17333913838173975,0.05752552,False,False,False,False,160.0,1,172.24,0.0,127.0,172.24,0.5517625231910946,0.0037313432835820895,78,108.0,17.66666666666666,0.6426865671641792
0.19250389230863124,0.2509400092366861,0.14469253,False,False,False,False,139.0,6,153.00833333333333,0.0,103.42857142857143,947.65,0.5291280148423005,0.027522935779816515,86,79.0,7.445378004250185,0.7018730886850153
0.3382090741798963,0.41696382107683605,0.27377337,False,False,False,False,204.0,1,19.799999999999997,0.0,34.0,101.2,0.4230055658627087,0.0037174721189591076,7,65.0,82.87440296416419,0.07360594795539033
0.09519240814609041,0.14937515464453144,0.050861068,False,False,False,False,140.0,1,139.57999999999998,0.0,75.0,139.57999999999998,0.5083487940630798,0.0064516129032258064,54,15.0,18.708286933869708,0.900516129032258
0.13769544872505163,0.19554103884128937,0.090367235,False,False,False,False,8.0,1,160.4,0.0,93.5,160.4,0.5398886827458256,0.004545454545454545,3,212.0,3.5,0.7290909090909091
0.10650408667446601,0.2047271494428632,0.026139762,False,False,False,False,202.0,3,122.77333333333333,0.0,69.2,137.95000000000002,0.4849721706864564,0.011235955056179775,33,65.0,26.142579746583,0.45982521847690383
0.10284593183216034,0.2041539517468121,0.019957552,False,False,False,False,106.0,4,209.395,0.0,94.0,315.98,0.6018552875695733,0.03305785123966942,22,15.0,9.8235221433856,1.7305371900826447
0.1215732035893507,0.21693119856125936,0.043553025,False,False,False,False,62.0,1,234.47,0.0,79.5,304.34000000000003,0.6322820037105752,0.0035335689045936395,16,221.0,14.37783788412647,0.8285159010600707
0.15217003266550796,0.1878203957287845,0.12300155,False,False,False,False,105.0,2,215.03000000000003,0.0,283.6666666666667,718.96,0.6070500927643785,0.018018018018018018,75,6.0,8.545882357203263,1.9372072072072075
0.05654020445744175,0.049053741543380824,0.06266549,False,False,False,False,0.0,0,0.0,0.0,178.0,196.88,0.41855287569573285,0.0,28,44.0,0.0,0.0
0.7971818764670944,0.739339130821991,0.84450775,True,False,False,False,110.0,1,1752.254799999996,0.0,987.3333333333334,2736.85,0.9929499072356215,0.0036231884057971015,29,166.0,15.714285714285706,7.929347826086956
0.053208231385395766,0.10693224130316098,0.009252223,False,False,False,False,148.0,2,333.51,0.0,177.33333333333334,367.32,0.7562152133580705,0.010810810810810811,40,37.0,16.82036489867791,1.8027567567567566
0.06128009965881755,0.057419451538391675,0.06443881,False,False,False,False,0.0,0,0.0,0.0,224.0,488.55,0.41855287569573285,0.0,29,68.0,0.0,0.0
0.10049624387036397,0.16141300027261474,0.05065526,False,False,False,False,0.0,0,0.0,0.0,40.0,102.0,0.41855287569573285,0.0,3,270.0,0.0,0.0
0.18040705412439578,0.2686246967936461,0.10822898,False,False,False,False,106.0,1,482.07,0.0,209.5,482.07,0.8753246753246753,0.009259259259259259,15,2.0,28.062430400804562,4.463611111111111
0.10872574249879316,0.11618897539544537,0.10261946,False,False,False,False,0.0,0,0.0,0.0,231.0,490.37,0.41855287569573285,0.0,49,20.0,0.0,0.0
0.09101518240220774,0.12099925835149,0.06648275,False,False,False,False,0.0,0,0.0,0.0,256.0,603.42,0.41855287569573285,0.0,33,201.0,0.0,0.0
0.14502328355385563,0.23851541389522068,0.06852972,False,False,False,False,160.0,7,179.60857142857142,0.0,169.88888888888889,335.02,0.5617810760667904,0.035,122,40.0,5.46838042293682,0.8980428571428571
0.036944225743333683,0.05671007628224556,0.020772167,False,False,False,False,0.0,0,0.0,0.0,88.0,133.56,0.41855287569573285,0.0,5,101.0,0.0,0.0
0.11764783026596176,0.19424647477645052,0.05497621,False,False,False,False,0.0,0,0.0,0.0,4.0,35.8,0.41855287569573285,0.0,1,221.0,0.0,0.0
0.12480128119120469,0.201547078175224,0.062009268,False,False,False,False,106.0,1,105.45,0.0,58.0,107.16,0.45714285714285713,0.003676470588235294,57,166.0,13.80002456396734,0.3876838235294118
0.20353911522200682,0.2876635161411095,0.13471006,False,False,False,False,127.0,2,632.1800000000001,0.0,594.6666666666666,1251.48,0.9213358070500928,0.011695906432748537,55,44.0,9.56381525195143,3.6969590643274857
0.10587932878958152,0.18997972131276497,0.037069917,False,False,False,False,110.0,1,102.02,0.0,38.5,102.02,0.45380333951762525,0.004310344827586207,20,122.0,25.006314991891223,0.4397413793103448
0.10860791981026574,0.1829184921208365,0.04780836,False,False,False,False,129.0,1,508.95000000000005,0.0,183.0,508.95000000000005,0.885343228200371,0.004424778761061947,36,97.0,21.04307037508573,2.251991150442478
0.08748031312739094,0.15785227008473518,0.029903257,False,False,False,False,229.0,3,309.42333333333335,0.0,89.5,378.7,0.7235621521335807,0.012048192771084338,22,20.0,25.531881719273727,1.2426639892904954
0.060502446810286624,0.047533792742714576,0.07111316,False,False,False,False,0.0,0,0.0,0.0,228.0,331.18,0.41855287569573285,0.0,20,135.0,0.0,0.0
0.14846197373995468,0.2609783338138193,0.056403134,False,False,False,False,211.0,4,82.42,0.0,48.0,105.0,0.44304267161410016,0.017167381974248927,13,22.0,26.326708647973717,0.35373390557939915
0.1092849412254518,0.18143574837005266,0.05025246,False,False,False,False,55.0,1,97.0,0.0,78.0,117.68,0.4515769944341373,0.014084507042253521,13,16.0,14.432107063270918,1.3661971830985915
0.2255164137503411,0.34790978961982233,0.12537637,False,False,False,False,185.0,1,859.3199999999999,0.0,362.5,859.32,0.9614100185528757,0.005263157894736842,56,5.0,24.503848605703258,4.522736842105263
0.08372990206548782,0.1446954528638436,0.033848997,False,False,False,False,234.0,2,208.425,0.0,66.0,279.08,0.6003710575139146,0.007272727272727273,68,41.0,21.620535847487254,0.757909090909091
0.24925361278416408,0.33656180904445143,0.17781962,False,False,False,False,96.0,1,5.1,0.0,11.0,16.21,0.41929499072356213,0.0036363636363636364,11,179.0,30.357865537616444,0.018545454545454546
0.0769323292180814,0.14279064722191792,0.02304825,False,False,False,False,63.0,1,340.5,0.0,109.0,340.5,0.7617810760667904,0.005649717514124294,23,114.0,12.927893671538637,1.923728813559322
0.10646740257462495,0.17645702808478658,0.04920316,False,False,False,False,116.0,3,236.75,0.0,71.0,386.90000000000003,0.6352504638218924,0.011450381679389313,45,146.0,8.393271388933817,0.9036259541984732
0.05237176692847621,0.06582045420152638,0.041368295,False,False,False,False,0.0,0,0.0,0.0,120.0,323.58,0.41855287569573285,0.0,34,137.0,0.0,0.0
0.06953709544256147,0.0623863598045335,0.075387694,False,False,False,False,0.0,0,0.0,0.0,240.0,459.4,0.41855287569573285,0.0,13,124.0,0.0,0.0
0.11186635752517643,0.18068970237614185,0.055556346,False,False,False,False,75.0,1,307.36,0.0,172.0,258.35,0.7176252319109462,0.004424778761061947,77,151.0,7.6734425410051355,1.36
0.11378167050494362,0.19849014867044396,0.044474732,False,False,False,False,108.0,2,222.44,0.0,149.33333333333334,259.27,0.6178107606679035,0.009569377990430622,142,101.0,7.44997335142774,1.0643062200956939
0.09871349800558721,0.13440781873534863,0.06950905,False,False,False,False,0.0,0,0.0,0.0,61.0,115.1,0.41855287569573285,0.0,33,8.0,0.0,0.0
0.032604804361280576,0.046866043793750645,0.020936517,False,False,False,False,0.0,0,0.0,0.0,70.0,170.96,0.41855287569573285,0.0,11,128.0,0.0,0.0
0.7222365624222354,0.3827478900029032,1.0,True,False,False,False,0.0,0,0.0,0.0,1361.46111111111,676.2,0.41855287569573285,0.0,5,177.0,0.0,0.0
0.06174973361270226,0.09858409481085223,0.031612527,False,False,False,False,0.0,0,0.0,0.0,34.0,58.49,0.41855287569573285,0.0,12,163.0,0.0,0.0
0.047561900116383934,0.05581555553581957,0.04080891,False,False,False,False,0.0,0,0.0,0.0,78.0,339.3,0.41855287569573285,0.0,3,74.0,0.0,0.0
0.05618707544462999,0.06505252767176806,0.04893352,False,False,False,False,0.0,0,0.0,0.0,200.0,409.1,0.41855287569573285,0.0,24,173.0,0.0,0.0
0.1623728953708266,0.26284680772910624,0.080166966,False,False,False,False,134.0,1,791.5699999999999,0.0,237.0,779.92,0.9532467532467532,0.005208333333333333,72,58.0,15.256146302392358,4.122760416666666
0.16622249513466536,0.20896228882117135,0.13125357,False,False,False,False,274.0,4,342.6,0.0,229.0,787.4,0.7640074211502783,0.014134275618374558,80,9.0,15.330308067623827,1.210600706713781
0.04327705710314063,0.06384912098298134,0.026445368,False,False,False,False,0.0,0,0.0,0.0,100.0,158.68,0.41855287569573285,0.0,10,194.0,0.0,0.0
0.124374774122242,0.22929820920362265,0.038528327,False,False,False,False,142.0,2,527.81,0.0,307.3333333333333,705.56,0.8931354359925788,0.008130081300813009,112,104.0,9.046813769010331,2.145569105691057
0.13608808388465862,0.15667237220327546,0.119246386,False,False,False,False,0.0,0,0.0,0.0,420.0,810.6000000000001,0.41855287569573285,0.0,6,86.0,0.0,0.0
0.08692445570002656,0.15102874407659328,0.03447549,False,False,False,False,254.0,3,314.61333333333334,0.0,142.25,488.09,0.736178107606679,0.011111111111111112,71,16.0,17.454083164142244,1.1652345679012346
0.1129715720236182,0.1619344655937353,0.072911024,False,False,False,False,252.0,3,329.90333333333336,0.0,208.0,570.45,0.7536178107606679,0.010830324909747292,93,25.0,17.751552284733002,1.1909867629362216
0.04066081196816025,0.06400509097512691,0.021560946,False,False,False,False,0.0,0,0.0,0.0,70.0,150.3,0.41855287569573285,0.0,7,144.0,0.0,0.0
0.11976763485877569,0.17245965432257243,0.076655984,False,False,False,False,0.0,0,0.0,0.0,418.0,511.68,0.41855287569573285,0.0,60,136.0,0.0,0.0
0.14708292054901057,0.2088157074930388,0.09657428,False,False,False,False,176.0,2,308.14,0.0,454.0,314.96,0.7202226345083488,0.007434944237918215,57,93.0,15.717798202288673,1.1455018587360595
0.9518254676052347,0.8929454570762348,1.0,True,False,False,False,97.0,1,1752.254799999996,0.0,1361.46111111111,3685.0121999999938,1.0,0.004132231404958678,5,145.0,32.333333333333336,88.9913223140496
0.1403036944470346,0.18935133349046446,0.10017381,False,False,False,False,0.0,0,0.0,0.0,200.0,590.0,0.41855287569573285,0.0,1,276.0,0.0,0.0
0.1501350684716837,0.204463349173364,0.10568465,False,False,False,False,72.0,1,425.6,0.0,305.5,709.44,0.8426716141001855,0.011111111111111112,30,18.0,11.529227073966277,4.728888888888889
0.13673384608968936,0.22598251970045752,0.0637122,False,False,False,False,87.0,1,10.0,0.0,58.5,227.62,0.42003710575139147,0.003703703703703704,26,183.0,16.865987621883825,0.037037037037037035
0.06940584087587792,0.08047116750296396,0.060352392,False,False,False,False,0.0,0,0.0,0.0,135.0,208.65,0.41855287569573285,0.0,40,38.0,0.0,0.0
0.08355578320312142,0.14559260892840753,0.03279838,False,False,False,False,55.0,1,301.17,0.0,116.66666666666667,352.91,0.7024118738404452,0.010752688172043012,38,38.0,7.794228634059948,3.238387096774194
0.05343206571875965,0.06798818646402172,0.04152251,False,False,False,False,0.0,0,0.0,0.0,211.0,363.65,0.41855287569573285,0.0,19,198.0,0.0,0.0
0.12384061340300437,0.19089111462363922,0.06898111,False,False,False,False,191.0,1,201.69,0.0,122.0,201.69,0.5922077922077922,0.0035971223021582736,99,87.0,19.29391360094723,0.7255035971223022
0.06483832026379874,0.08377445709611686,0.049345117,False,False,False,False,0.0,0,0.0,0.0,299.0,463.38,0.41855287569573285,0.0,30,117.0,0.0,0.0
0.03739794168451793,0.042560373987960975,0.03317413,False,False,False,False,0.0,0,0.0,0.0,144.0,203.95,0.41855287569573285,0.0,10,136.0,0.0,0.0
0.046284185981198774,0.07143658539861358,0.02570495,False,False,False,False,0.0,0,0.0,0.0,22.0,134.8,0.41855287569573285,0.0,8,130.0,0.0,0.0
0.08469220698975272,0.11043718459656388,0.06362813,False,False,False,False,0.0,0,0.0,0.0,248.0,574.02,0.41855287569573285,0.0,31,200.0,0.0,0.0
0.036093810257849065,0.04998378799477543,0.024729282,False,False,False,False,0.0,0,0.0,0.0,103.0,183.85,0.41855287569573285,0.0,8,152.0,0.0,0.0
0.06367444893555699,0.12134123788579432,0.01649253,False,False,False,False,178.0,2,233.255,0.0,123.66666666666667,307.66,0.6315398886827458,0.01015228426395939,32,19.0,19.846704176428563,1.184035532994924
0.15988648464503497,0.19929145288075806,0.12764606,False,False,False,False,187.0,1,245.82,0.0,269.5,245.82,0.6426716141001856,0.003703703703703704,94,83.0,18.885438671485307,0.9104444444444444
0.030864518923192436,0.03485916771299136,0.02759617,False,False,False,False,0.0,0,0.0,0.0,134.0,222.9,0.41855287569573285,0.0,13,74.0,0.0,0.0
0.08068615420599959,0.09382255869751022,0.06993818,False,False,False,False,0.0,0,0.0,0.0,285.0,439.03,0.41855287569573285,0.0,29,178.0,0.0,0.0
0.10906785812689958,0.16490276680421162,0.06338475,False,False,False,False,51.0,2,321.545,0.0,44.0,476.29,0.7443413729128014,0.0136986301369863,15,95.0,9.024965373894794,2.2023630136986303
0.16595924764907471,0.24780415263520594,0.09899523,False,False,False,False,34.0,2,224.49,0.0,87.33333333333333,396.96000000000004,0.62152133580705,0.030303030303030304,3,32.0,12.12435565298214,3.4013636363636364
0.24234030953374192,0.320833254993551,0.17811881,False,False,False,False,40.0,2,262.79999999999995,0.0,26.666666666666668,350.4,0.6608534322820037,0.007067137809187279,1,243.0,17.67766952966369,0.9286219081272084
0.07245728028462324,0.09947130310636965,0.050354898,False,False,False,False,0.0,0,0.0,0.0,242.0,283.71,0.41855287569573285,0.0,54,165.0,0.0,0.0
0.07351306382942034,0.14208275875289866,0.017410586,False,False,False,False,121.0,1,152.63,0.0,98.0,152.63,0.5283858998144713,0.004975124378109453,14,80.0,28.51997350785742,0.7593532338308457
0.09260894773641933,0.16154406480744388,0.036207486,False,False,False,False,2.0,1,108.03999999999999,0.0,57.5,308.82,0.4601113172541744,0.006622516556291391,12,149.0,0.6030226891555271,0.7154966887417218
0.041451990794441874,0.05889899863976411,0.027177166,False,False,False,False,0.0,0,0.0,0.0,81.0,157.19,0.41855287569573285,0.0,26,137.0,0.0,0.0
0.06897682320292507,0.09828587778664771,0.044996686,False,False,False,False,0.0,0,0.0,0.0,85.0,208.92,0.41855287569573285,0.0,30,236.0,0.0,0.0
0.03448338063072483,0.05531740481679792,0.017437361,False,False,False,False,0.0,0,0.0,0.0,55.0,149.89000000000001,0.41855287569573285,0.0,14,92.0,0.0,0.0
0.06938958272679302,0.07843934232092903,0.061985232,False,False,False,False,0.0,0,0.0,0.0,280.0,441.48,0.41855287569573285,0.0,16,157.0,0.0,0.0
0.0572978256108491,0.08850917175128026,0.03176127,False,False,False,False,0.0,0,0.0,0.0,38.0,152.65,0.41855287569573285,0.0,8,205.0,0.0,0.0
0.035663522496212,0.05622348581616188,0.018841734,False,False,False,False,0.0,0,0.0,0.0,52.0,127.1,0.41855287569573285,0.0,13,72.0,0.0,0.0
0.07722715191954319,0.13505101817435566,0.029916717,False,False,False,False,67.0,1,234.59,0.0,94.0,234.59,0.6322820037105752,0.011111111111111112,23,23.0,12.894156011901638,2.6065555555555555
0.09610634814775457,0.1455384276769,0.055661917,False,False,False,False,0.0,0,0.0,0.0,67.0,121.05,0.41855287569573285,0.0,22,272.0,0.0,0.0
0.09992470818549494,0.13064319563773164,0.0747914,False,False,False,False,0.0,0,0.0,0.0,40.0,79.0,0.41855287569573285,0.0,11,5.0,0.0,0.0
0.2569968940846481,0.3375260238365681,0.19110942,False,False,False,False,97.0,1,87.7,0.0,55.0,128.8,0.4474953617810761,0.004739336492890996,3,114.0,56.00297611139369,0.4156398104265403
0.04665942523900597,0.061326863788320585,0.034658793,False,False,False,False,0.0,0,0.0,0.0,138.0,143.45999999999998,0.41855287569573285,0.0,5,128.0,0.0,0.0
0.06451493921097798,0.11127782675881481,0.026254395,False,False,False,False,118.0,2,230.945,0.0,153.0,303.49,0.6300556586270872,0.00980392156862745,38,86.0,13.242808510297136,1.1320833333333333
0.07185284835761022,0.10652916807080265,0.043481313,False,False,False,False,0.0,0,0.0,0.0,173.0,234.0,0.41855287569573285,0.0,4,242.0,0.0,0.0
0.5262027171410105,0.5265884459365257,0.52588713,True,False,False,False,69.0,1,1373.6,0.0,172.33333333333334,1155.6,0.9851576994434137,0.005780346820809248,9,104.0,18.859806671657783,7.939884393063584
0.11893490002150939,0.1971705309350315,0.05492393,False,False,False,False,86.0,1,194.55,0.0,81.5,194.55,0.5818181818181818,0.0035971223021582736,19,192.0,20.03469213361884,0.6998201438848921
0.05638863973291573,0.061474684376890076,0.05222733,False,False,False,False,0.0,0,0.0,0.0,122.0,288.18,0.41855287569573285,0.0,14,22.0,0.0,0.0
0.12146617983693,0.21596937024845275,0.044145387,False,False,False,False,270.0,7,298.95,0.0,128.875,373.27,0.7001855287569573,0.025454545454545455,93,5.0,9.621827038330899,1.087090909090909
0.0671672873700197,0.07965358937328293,0.05695122,False,False,False,False,0.0,0,0.0,0.0,5.0,271.85,0.41855287569573285,0.0,4,107.0,0.0,0.0
0.044558607990221454,0.07210522273001024,0.022020468,False,False,False,False,0.0,0,0.0,0.0,64.0,90.6,0.41855287569573285,0.0,6,125.0,0.0,0.0
0.048954615646292284,0.07703081248797644,0.02598318,False,False,False,False,0.0,0,0.0,0.0,80.0,145.92,0.41855287569573285,0.0,9,198.0,0.0,0.0
0.0930449097517907,0.16948380633940946,0.030503994,False,False,False,False,151.0,5,217.17200000000003,0.0,80.85714285714286,301.9,0.6122448979591837,0.021834061135371178,70,78.0,7.591809887806993,0.948349344978166
0.03558085547926604,0.042327200914810736,0.030061116,False,False,False,False,0.0,0,0.0,0.0,73.0,235.23000000000002,0.41855287569573285,0.0,20,100.0,0.0,0.0
0.17600030824585383,0.23675116400020263,0.12629506,False,False,False,False,21.0,2,49.394999999999996,0.0,20.0,108.94999999999999,0.42857142857142855,0.028169014084507043,10,50.0,4.0674862562084275,0.6957042253521126
0.10666166931173929,0.14510657091453621,0.07520675,False,False,False,False,105.0,1,334.85,0.0,263.5,624.67,0.7576994434137291,0.007575757575757576,94,27.0,10.552897060221742,2.5367424242424246
0.06330150766660841,0.10591640303510363,0.028434774,False,False,False,False,32.0,1,201.24,0.0,103.5,232.5,0.5918367346938775,0.009345794392523364,20,75.0,6.764754597315763,1.880747663551402
0.09626195123258097,0.12984446166760089,0.06878535,False,False,False,False,0.0,0,0.0,0.0,72.0,550.8000000000001,0.41855287569573285,0.0,1,218.0,0.0,0.0
0.039694170119936395,0.06226300081185748,0.021228762,False,False,False,False,0.0,0,0.0,0.0,35.0,110.55000000000001,0.41855287569573285,0.0,7,97.0,0.0,0.0
0.07294274013134572,0.08846228908372661,0.060244925,False,False,False,False,0.0,0,0.0,0.0,171.0,559.12,0.41855287569573285,0.0,26,193.0,0.0,0.0
0.11737850791722568,0.21388243302173154,0.03842075,False,False,False,False,91.0,1,597.8199999999999,0.0,245.0,597.8199999999999,0.9120593692022263,0.004291845493562232,49,142.0,12.602520756252096,2.565751072961373
0.8594631715363967,0.6876959102565952,1.0,True,False,False,False,1.0,1,1752.254799999996,0.0,50.970588235294116,532.01,0.997773654916512,0.0035335689045936395,21,282.0,0.0,13.752190812720848
0.07301939581132053,0.09509098042594322,0.054960825,False,False,False,False,0.0,0,0.0,0.0,361.0,448.83,0.41855287569573285,0.0,29,114.0,0.0,0.0
0.043857065689278205,0.03779076807303022,0.0488204,False,False,False,False,0.0,0,0.0,0.0,203.0,371.89,0.41855287569573285,0.0,20,79.0,0.0,0.0
0.12133796015571718,0.20350878987469417,0.05410728,False,False,False,False,169.0,2,209.78500000000003,0.0,182.0,291.84000000000003,0.6022263450834879,0.011695906432748537,21,2.0,35.81772034774256,1.2268128654970762
0.12275652160484966,0.20801330485254255,0.05300097,False,False,False,False,184.0,1,144.45,0.0,51.5,144.45,0.514656771799629,0.0035587188612099642,33,97.0,30.66666666666667,0.5140569395017793
0.053014638468594735,0.05221467590987988,0.05366915,False,False,False,False,0.0,0,0.0,0.0,117.0,383.85,0.41855287569573285,0.0,28,69.0,0.0,0.0
0.04405652948401269,0.0596014830951756,0.03133793,False,False,False,False,0.0,0,0.0,0.0,136.0,164.4,0.41855287569573285,0.0,13,190.0,0.0,0.0
0.12897553367489106,0.168572914226707,0.096577674,False,False,False,False,0.0,0,0.0,0.0,314.0,458.92,0.41855287569573285,0.0,26,274.0,0.0,0.0
0.04371443331683819,0.04869136413921127,0.039642397,False,False,False,False,0.0,0,0.0,0.0,154.0,357.98,0.41855287569573285,0.0,10,116.0,0.0,0.0
0.0598262680376944,0.11896463352339731,0.011440332,False,False,False,False,106.0,2,168.625,0.0,65.33333333333333,231.35,0.5487940630797774,0.013157894736842105,18,46.0,17.77620618955312,1.109375
0.13656586267134635,0.2252269256463998,0.06402499,False,False,False,False,269.0,3,142.57666666666668,0.0,73.75,224.07,0.5128014842300557,0.01090909090909091,59,6.0,19.117651931778003,0.5184606060606061
0.16131492436118056,0.14578075276893887,0.1740247,False,False,False,False,121.0,2,130.255,0.0,223.66666666666666,638.65,0.4975881261595547,0.0106951871657754,56,66.0,14.137525631240665,0.6965508021390374
0.04978789551097276,0.0502235850920969,0.04943142,False,False,False,False,0.0,0,0.0,0.0,182.0,114.56,0.41855287569573285,0.0,16,80.0,0.0,0.0
0.14257311057474037,0.20784421886395127,0.08916947,False,False,False,False,0.0,0,0.0,0.0,154.5,285.87,0.41855287569573285,0.0,107,190.0,0.0,0.0
0.1697329707040744,0.21083077944966527,0.13610749,False,False,False,False,0.0,0,0.0,0.0,571.0,880.85,0.41855287569573285,0.0,49,82.0,0.0,0.0
0.06385353769523841,0.1039206113122777,0.031071385,False,False,False,False,0.0,0,0.0,0.0,73.0,120.94999999999999,0.41855287569573285,0.0,7,228.0,0.0,0.0
0.09889541152655075,0.16337176900305106,0.046142027,False,False,False,False,120.0,1,328.15000000000003,0.0,123.5,328.15000000000003,0.75139146567718,0.0037313432835820895,32,148.0,21.213203435596427,1.2244402985074627
0.04211598055810664,0.04646087227598239,0.03856107,False,False,False,False,0.0,0,0.0,0.0,162.0,273.14,0.41855287569573285,0.0,16,160.0,0.0,0.0
0.11824037963362732,0.17772112641538068,0.06957431,False,False,False,False,76.0,1,203.37,0.0,211.0,231.22,0.5933209647495362,0.0037174721189591076,48,193.0,9.93399267798784,0.7560223048327138
0.06904278396393404,0.1071233608397189,0.03788595,False,False,False,False,0.0,0,0.0,0.0,36.0,155.0,0.41855287569573285,0.0,8,229.0,0.0,0.0
0.11733056895444244,0.1695533906422158,0.074602805,False,False,False,False,0.0,0,0.0,0.0,4.0,15.0,0.41855287569573285,0.0,1,30.0,0.0,0.0
0.046701644949504385,0.06529054590372829,0.031492542,False,False,False,False,0.0,0,0.0,0.0,29.0,110.92,0.41855287569573285,0.0,24,73.0,0.0,0.0
0.23085589785705085,0.33320806267813563,0.14711322,False,False,False,False,219.0,1,52.54,0.0,44.5,302.57,0.4296846011131725,0.004132231404958678,13,23.0,58.53021197882094,0.21710743801652893
0.5289400965139333,0.6156811118490306,0.45797014,True,False,False,False,21.0,1,1208.31,0.0,715.5,2042.761,0.9818181818181818,0.006756756756756757,120,127.0,1.7149858514250909,8.164256756756757
0.043300285308977324,0.05460072583494441,0.03405447,False,False,False,False,0.0,0,0.0,0.0,84.0,271.0,0.41855287569573285,0.0,17,164.0,0.0,0.0
0.13383938971501347,0.24403005514634446,0.04368339,False,False,False,False,225.0,2,103.8,0.0,52.666666666666664,170.7,0.45602968460111315,0.0070921985815602835,19,57.0,33.58494627955792,0.3680851063829787
0.06526730114189222,0.11049175836901831,0.028265473,False,False,False,False,0.0,0,0.0,0.0,127.0,243.44,0.41855287569573285,0.0,42,211.0,0.0,0.0
0.49337576519095827,0.22027218100415186,0.7168241,False,False,False,False,0.0,0,0.0,0.0,924.0,232.6,0.41855287569573285,0.0,16,61.0,0.0,0.0
0.09959552473322239,0.13874900090464148,0.06756086,False,False,False,False,0.0,0,0.0,0.0,33.0,162.04999999999998,0.41855287569573285,0.0,27,267.0,0.0,0.0
0.11417404132849814,0.20177183753399586,0.042503115,False,False,False,False,188.0,2,147.33,0.0,121.33333333333333,236.97,0.5191094619666048,0.0070921985815602835,33,94.0,30.637667448202816,0.5224468085106383
0.08025637957684724,0.14502279955993158,0.027265672,False,False,False,False,210.0,3,254.49333333333334,0.0,119.5,368.18,0.6530612244897959,0.013043478260869565,105,20.0,12.321641626706278,1.1064927536231883
0.14550197363177272,0.19828134643323625,0.102318846,False,False,False,False,139.0,1,452.39,0.0,166.0,452.39,0.8586270871985158,0.00641025641025641,116,17.0,12.905826003305133,2.8999358974358973
0.06802271139618979,0.052231968707447285,0.08094241,False,False,False,False,0.0,0,0.0,0.0,232.0,208.56,0.41855287569573285,0.0,16,122.0,0.0,0.0
0.16719355082118398,0.21802409701002717,0.12560491,False,False,False,False,0.0,0,0.0,0.0,419.0,973.1700000000001,0.41855287569573285,0.0,53,122.0,0.0,0.0
0.09828772815036153,0.1695258843008539,0.040001962,False,False,False,False,203.0,4,159.61,0.0,70.8,183.0,0.5387755102040817,0.01818181818181818,29,17.0,14.384361784437237,0.7255
0.06695383841350205,0.11169721389378723,0.03034562,False,False,False,False,0.0,0,0.0,0.0,158.0,252.95,0.41855287569573285,0.0,40,228.0,0.0,0.0
0.146138926895516,0.19126398265815858,0.109218426,False,False,False,False,0.0,0,0.0,0.0,390.0,922.1,0.41855287569573285,0.0,31,173.0,0.0,0.0
0.04006737893546523,0.053639673816382905,0.028962774,False,False,False,False,0.0,0,0.0,0.0,125.0,200.29,0.41855287569573285,0.0,11,173.0,0.0,0.0
0.1492870387483692,0.2426768617605845,0.07287718,False,False,False,False,0.0,0,0.0,0.0,5.0,39.75,0.41855287569573285,0.0,3,281.0,0.0,0.0
0.061974140711083994,0.10746824428429202,0.024751691,False,False,False,False,105.0,2,308.38,0.0,136.33333333333334,309.0,0.7209647495361781,0.010101010101010102,47,93.0,10.427592909082657,1.5574747474747475
0.16213203169551174,0.2268640354308084,0.10916948,False,False,False,False,210.0,3,613.57,0.0,180.25,986.75,0.9165120593692022,0.01090909090909091,74,65.0,14.211452000600364,2.2311636363636365
0.7274157844873744,0.3942572723698788,1.0,True,False,False,False,0.0,0,0.0,0.0,1350.0,931.4999999999999,0.41855287569573285,0.0,1,122.0,0.0,0.0
0.04792599878347398,0.06926013643292322,0.030470794,False,False,False,False,0.0,0,0.0,0.0,116.0,314.1,0.41855287569573285,0.0,11,213.0,0.0,0.0
0.09849973336086464,0.16395964010392716,0.044941626,False,False,False,False,17.0,1,96.0,0.0,64.0,101.88,0.45083487940630795,0.012048192771084338,7,66.0,6.425396041156863,1.1566265060240963
0.17190005636523548,0.16858286341716583,0.17461412,False,False,False,False,0.0,0,0.0,0.0,404.0,304.24,0.41855287569573285,0.0,17,246.0,0.0,0.0
0.08979905961966642,0.16773182499223566,0.026035888,False,False,False,False,189.0,3,148.06,0.0,86.25,173.91,0.5209647495361781,0.01485148514851485,75,13.0,11.97882493550359,0.732970297029703
0.03296003208936167,0.0398477456112904,0.02732463,False,False,False,False,0.0,0,0.0,0.0,125.0,225.95,0.41855287569573285,0.0,13,64.0,0.0,0.0
0.06535298352065089,0.1258165611353716,0.015882783,False,False,False,False,135.0,2,321.88,0.0,164.33333333333334,394.0,0.7447124304267161,0.013888888888888888,45,9.0,14.931669402020052,2.2352777777777777
0.17173782585308472,0.22186972693702733,0.13072081,False,False,False,False,182.0,3,712.6333333333333,0.0,264.5,794.75,0.9402597402597402,0.013043478260869565,53,48.0,10.513399970864251,3.0984057971014494
0.15793539878605484,0.16107581383384328,0.15536596,False,False,False,False,0.0,0,0.0,0.0,462.0,612.29,0.41855287569573285,0.0,35,22.0,0.0,0.0
0.294033435672049,0.412143811450014,0.19739766,False,False,False,False,246.0,2,162.475,0.0,331.0,218.1,0.5417439703153989,0.007380073800738007,5,25.0,72.14568594171102,0.5995387453874539
0.0781934420669592,0.15128461873741428,0.01839157,False,False,False,False,192.0,3,231.28666666666666,0.0,63.75,239.85,0.6304267161410019,0.013100436681222707,35,37.0,17.877188910928954,1.009985443959243
0.1394958590619625,0.2677516311192648,0.034559317,False,False,False,False,213.0,6,157.92,0.0,62.44444444444444,203.12,0.5369202226345083,0.027906976744186046,153,2.0,7.544657489856523,0.7345116279069767
0.07610224003489893,0.14916334306522833,0.016324973,False,False,False,False,104.0,1,228.7,0.0,46.0,228.7,0.6278293135435993,0.00546448087431694,17,79.0,24.513035081133637,1.249726775956284
0.07438970222254637,0.09968179081722639,0.053696174,False,False,False,False,0.0,0,0.0,0.0,69.0,126.39000000000001,0.41855287569573285,0.0,9,15.0,0.0,0.0
0.12993473157056717,0.13517450060598385,0.12564765,False,False,False,False,0.0,0,0.0,0.0,510.0,642.02,0.41855287569573285,0.0,22,67.0,0.0,0.0
0.09176431730009423,0.15468261191397475,0.04028571,False,False,False,False,130.0,2,74.65,0.0,106.0,310.0,0.4385899814471243,0.01092896174863388,22,53.0,21.913431076361853,0.4079234972677596
0.05256074884681715,0.07576128330824139,0.033578493,False,False,False,False,0.0,0,0.0,0.0,88.0,251.51999999999998,0.41855287569573285,0.0,2,177.0,0.0,0.0
0.2656281503245327,0.3440168306132363,0.20149195,False,False,False,False,266.0,1,667.44,0.0,284.5,667.44,0.9343228200371058,0.0036900369003690036,43,5.0,40.56461970847282,2.462878228782288
0.07100254181815246,0.08819514422048153,0.056935865,False,False,False,False,0.0,0,0.0,0.0,145.0,205.53,0.41855287569573285,0.0,57,95.0,0.0,0.0
0.05036688667399136,0.05281259360936941,0.048365854,False,False,False,False,0.0,0,0.0,0.0,182.0,155.9,0.41855287569573285,0.0,10,114.0,0.0,0.0
0.11209441292894796,0.06688189878757167,0.14908646,False,False,False,False,0.0,0,0.0,0.0,298.0,142.5,0.41855287569573285,0.0,8,79.0,0.0,0.0
0.1431090985094604,0.18327921725094254,0.110242635,False,False,False,False,224.0,3,185.48666666666668,0.0,176.75,519.25,0.5703153988868275,0.010752688172043012,101,55.0,12.902586198465828,0.6648267622461171
0.17107926135725798,0.23577335422716805,0.11814773,False,False,False,False,29.0,3,270.8933333333334,0.0,95.25,344.81,0.671243042671614,0.027777777777777776,68,79.0,1.929714292546725,2.508271604938272
0.22968448655711615,0.2452768872602561,0.21692707,False,False,False,False,1.0,1,430.98,0.0,214.0,430.98,0.8467532467532467,0.010416666666666666,22,95.0,0.1524985703326047,4.489375
0.09568379872500954,0.15691537528038152,0.045585234,False,False,False,False,0.0,0,0.0,0.0,10.0,99.5,0.41855287569573285,0.0,1,228.0,0.0,0.0
0.04898972668040811,0.08917158983458012,0.016113656,False,False,False,False,60.0,1,208.89,0.0,145.5,328.45,0.6018552875695733,0.008,28,65.0,10.270581701386176,1.67112
0.09267122899356998,0.16444821832055334,0.0339446,False,False,False,False,42.0,1,301.8,0.0,86.0,301.8,0.7057513914656772,0.005235602094240838,15,149.0,10.844353369380766,1.580104712041885
0.18367782385043166,0.2828069230117591,0.102572195,False,False,False,False,184.0,1,151.95000000000002,0.0,54.0,151.95000000000002,0.527643784786642,0.0035971223021582736,16,94.0,47.50859571347764,0.5465827338129498
0.13834909071829188,0.220941886754086,0.07077316,False,False,False,False,200.0,2,202.17000000000002,0.0,293.6666666666667,246.54,0.5925788497217068,0.00909090909090909,14,20.0,38.1494554663753,0.9189545454545456
0.0703482439661194,0.13970087860064795,0.013605179,False,False,False,False,66.0,1,174.02,0.0,114.5,259.51,0.5547309833024119,0.004524886877828055,27,155.0,12.50925583244189,0.7874208144796381
0.12207008746351915,0.18894056141566606,0.06735788,False,False,False,False,46.0,1,161.05,0.0,92.5,161.05,0.5402597402597402,0.019230769230769232,39,6.0,6.782329983125268,3.097115384615385
0.07810155500595911,0.1490491983156545,0.020053484,False,False,False,False,98.0,4,217.055,0.0,108.6,324.17,0.6122448979591837,0.024242424242424242,43,67.0,7.5220184957532314,1.3154848484848485
0.04994072469722971,0.057879249313401826,0.04344557,False,False,False,False,0.0,0,0.0,0.0,196.0,197.0,0.41855287569573285,0.0,14,186.0,0.0,0.0
0.08298556798377618,0.12057996278954841,0.052226517,False,False,False,False,0.0,0,0.0,0.0,56.0,193.64,0.41855287569573285,0.0,17,265.0,0.0,0.0
0.3714825007035165,0.3921166598165099,0.3546,False,False,False,False,98.0,5,291.406,0.0,413.5,648.53,0.6927643784786642,0.02824858757062147,206,79.0,2.637938172294003,1.646361581920904
0.6364341656512307,0.848136473617352,0.46322316,True,False,False,False,280.0,19,1619.0458064516129,0.0,486.1923076923077,3685.0121999999938,0.9873840445269016,0.10954063604240283,43,3.0,3.93055662245424,5.721009916790152
0.4538149907564035,0.6225984790534689,0.3157194,False,False,False,False,186.0,5,1253.22,0.0,774.2857142857143,3120.2200000000003,0.9825602968460111,0.020242914979757085,52,61.0,8.944822498026662,5.073765182186235
0.04745237997819056,0.0657027484454285,0.03252026,False,False,False,False,0.0,0,0.0,0.0,115.0,272.46,0.41855287569573285,0.0,35,124.0,0.0,0.0
0.17579592382763154,0.27160331586675124,0.097408056,False,False,False,False,165.0,2,659.5899999999999,0.0,501.6666666666667,970.58,0.9302411873840445,0.00980392156862745,83,39.0,13.912850107692636,3.23328431372549
0.09565150354270464,0.15636833153310364,0.0459741,False,False,False,False,52.0,2,323.70000000000005,0.0,87.0,430.00000000000006,0.7461966604823748,0.017094017094017096,18,65.0,7.692831317509417,2.766666666666667
0.2802253961031713,0.3632209366041374,0.21231996,False,False,False,False,188.0,3,807.1333333333333,0.0,564.5,1114.52,0.9551020408163265,0.014705882352941176,167,16.0,8.388678370996821,3.9565359477124185
0.13581328224821587,0.1850811172786399,0.09550323,False,False,False,False,227.0,5,285.78000000000003,0.0,211.66666666666666,378.0,0.686456400742115,0.0205761316872428,20,16.0,21.32008997539972,1.1760493827160494
0.21776837218885817,0.32004679483584114,0.13408603,False,False,False,False,210.0,9,505.99555555555554,0.0,307.92857142857144,824.02,0.8838589981447125,0.031914893617021274,81,72.0,7.0039664153498595,1.7943104806934593
0.08129397065189015,0.12490982878531637,0.045608267,False,False,False,False,70.0,1,264.66,0.0,199.0,264.66,0.6630797773654916,0.006289308176100629,70,89.0,7.91484281853439,1.6645283018867927
0.21776100274626814,0.3576331343188198,0.10332017,False,False,False,False,277.0,12,374.31583333333333,0.0,139.30769230769232,623.6800000000001,0.8018552875695732,0.04240282685512368,41,6.0,9.129362986660107,1.322670789163722
0.3464750922953274,0.41660811663450714,0.28909352,False,False,False,False,61.0,2,861.3,0.0,192.0,1128.6,0.9614100185528757,0.015748031496062992,6,66.0,21.86212205968078,6.781889763779527
0.13934055087530745,0.23990447582059732,0.05706097,False,False,False,False,258.0,8,237.0675,0.0,198.66666666666666,636.1,0.6356215213358071,0.02888086642599278,58,19.0,12.645171659584804,0.8558393501805054
0.045129369851422796,0.03290849820656355,0.055128265,False,False,False,False,0.0,0,0.0,0.0,201.0,242.09,0.41855287569573285,0.0,15,73.0,0.0,0.0
0.5313095925309734,0.6121823253584077,0.465141,True,False,False,False,71.0,2,1400.92,0.0,540.3333333333334,1715.85,0.9851576994434137,0.00823045267489712,125,172.0,3.7363710813747932,5.765102880658437
0.20003490130970264,0.2978282334819852,0.12002217,False,False,False,False,262.0,8,364.18125,0.0,198.22222222222223,834.28,0.7922077922077922,0.02962962962962963,196,8.0,5.290272212957683,1.3488194444444443
0.23280885708191776,0.3630791249508942,0.12622409,False,False,False,False,218.0,4,773.21,0.0,432.8,1263.72,0.9510204081632653,0.014760147601476014,15,53.0,24.004988516644,2.8531734317343176
0.22915295501415847,0.3628530433854553,0.119761966,False,False,False,False,103.0,1,662.3,0.0,405.5,1241.43,0.9317254174397032,0.003745318352059925,62,164.0,12.75,2.480524344569288
0.16448793422605307,0.25023854135199186,0.094328344,False,False,False,False,244.0,6,470.3183333333334,0.0,92.875,791.7,0.8686456400742115,0.02120141342756184,33,39.0,18.0752043550749,1.661902237926973
0.11755329888110283,0.1882924668445614,0.059675798,False,False,False,False,160.0,2,537.9649999999999,0.0,100.0,444.63,0.8953617810760668,0.007462686567164179,56,108.0,15.2671521236454,2.0073320895522384
0.28812349850524155,0.44702555326595766,0.15811272,False,False,False,False,269.0,14,180.405,0.0,166.3125,355.45,0.563265306122449,0.04964539007092199,227,13.0,4.4447738971225705,0.6397340425531914
0.8456606378831335,0.6570236132493433,1.0,True,False,False,False,236.0,19,408.6321739130435,0.0,77.68,2945.5,0.8315398886827459,0.0954356846473029,37,5.0,5.4045317637547585,1.6955691863611764
0.18890189729949444,0.21171524243930112,0.17023642,False,False,False,False,0.0,0,0.0,0.0,586.0,890.0699999999999,0.41855287569573285,0.0,49,50.0,0.0,0.0
0.130655847951672,0.23194619039672731,0.04778193,False,False,False,False,275.0,8,334.985,0.0,229.0,413.58,0.7576994434137291,0.02888086642599278,73,2.0,9.030976418493395,1.209332129963899
0.8413566102703337,0.9291197966911007,0.7695503,True,False,False,False,261.0,18,1752.254799999996,0.0,1289.027027027027,3685.0121999999938,0.9925788497217068,0.06666666666666667,720,9.0,1.9377407199292829,7.862026748971194
0.2278384573271011,0.30769104913652706,0.16250451,False,False,False,False,207.0,6,711.1066666666667,0.0,255.75,1141.2,0.9398886827458256,0.021897810218978103,14,67.0,14.973086967400326,2.595279805352798
0.3903687215279822,0.5018952304414653,0.29911974,False,False,False,False,249.0,11,646.2718181818182,0.0,314.77777777777777,1822.88,0.925417439703154,0.04059040590405904,205,22.0,4.311788980982745,2.3847668567594766
0.31639243691499247,0.4517927441185318,0.20561036,False,False,False,False,265.0,16,158.47875000000002,0.0,106.17647058823529,294.25,0.5380333951762524,0.05693950177935943,167,16.0,4.289684259530338,0.5639813167259787
0.20875070908268312,0.2936519167732313,0.13928609,False,False,False,False,245.0,9,417.6677777777778,0.0,324.0,508.36,0.8371057513914657,0.03260869565217391,142,31.0,5.311756907590288,1.5132890499194849
0.08700975298480858,0.1745427273124825,0.015391864,False,False,False,False,222.0,6,263.82666666666665,0.0,106.5,312.94,0.6619666048237477,0.021660649819494584,69,55.0,10.523353949574991,0.9524428399518652
0.1142701206802862,0.17691345638688782,0.06301648,False,False,False,False,170.0,5,209.67600000000002,0.0,127.66666666666667,588.22,0.6022263450834879,0.022222222222222223,107,55.0,6.187057588928188,0.9318933333333334
0.4792262047295825,0.5734783145597812,0.40211084,False,False,False,False,270.0,15,639.2733333333333,0.0,434.0,1571.32,0.9224489795918367,0.05454545454545454,254,5.0,4.225622108917738,2.324630303030303
0.07843804056029542,0.14085771876531672,0.027367394,False,False,False,False,181.0,2,417.385,0.0,158.0,424.24,0.8367346938775511,0.007246376811594203,57,95.0,16.45542081859166,1.512264492753623
0.21939931360896756,0.31311693120921824,0.14272127,False,False,False,False,253.0,8,425.625,0.0,265.1111111111111,1305.6,0.8426716141001855,0.02867383512544803,65,26.0,11.363423930057165,1.5255376344086022
0.12771045060183833,0.2211309062380753,0.051275533,False,False,False,False,184.0,7,260.7314285714286,0.0,204.75,326.75,0.6586270871985158,0.036458333333333336,76,8.0,6.978973296124244,1.3579761904761904
0.8741852356374871,0.7938205563096228,0.9399381,True,False,False,False,237.0,9,1752.254799999996,0.0,1361.46111111111,3685.0121999999938,0.9929499072356215,0.03333333333333333,93,33.0,8.552228849318297,8.15485596707819
0.6589489878321413,0.5680110059633793,0.7333528,True,False,False,False,167.0,1,1752.254799999996,0.0,276.0,1695.54,0.9899814471243042,0.0036231884057971015,92,109.0,16.517617357485843,6.530036231884058
0.9066472706352242,0.7925494638095452,1.0,True,False,False,False,1.0,1,1057.18,0.0,458.5,1057.18,0.9758812615955473,0.3333333333333333,83,2.0,0.10599978800063588,352.3933333333334
0.06729270846777904,0.0738811648804556,0.06190215,False,False,False,False,0.0,0,0.0,0.0,141.0,329.67,0.41855287569573285,0.0,9,15.0,0.0,0.0
0.23082925714849367,0.34196245091488925,0.1399021,False,False,False,False,274.0,9,457.8766666666666,0.0,211.2,879.92,0.863821892393321,0.031914893617021274,191,8.0,8.045333644091281,1.6236761229314418
0.23846485508545212,0.35738746420242107,0.14116454,False,False,False,False,269.0,5,747.046,0.0,381.2857142857143,1010.95,0.9450834879406308,0.018518518518518517,158,1.0,8.360771864516778,2.766837037037037
0.1442329380831227,0.1988876735548411,0.09951542,False,False,False,False,158.0,3,560.7033333333334,0.0,216.6,924.5400000000001,0.9046382189239333,0.016216216216216217,105,27.0,7.903103149365995,3.030828828828829
0.09275262722275562,0.16170916278940456,0.036333643,False,False,False,False,153.0,5,391.442,0.0,217.33333333333334,547.27,0.8174397031539888,0.02717391304347826,76,31.0,6.541912427173258,2.1274021739130435
0.504305117591946,0.5881780568421519,0.4356818,True,False,False,False,257.0,19,162.4426923076923,0.0,98.8,331.76,0.5417439703153989,0.09737827715355805,233,10.0,2.9652477238717982,0.6083995966580237
0.12530493915344404,0.14182143311291107,0.11179144,False,False,False,False,0.0,0,0.0,0.0,307.0,453.79,0.41855287569573285,0.0,56,19.0,0.0,0.0
0.18882150591898245,0.34073247714149246,0.06453071,False,False,False,False,235.0,8,191.64875,0.0,79.81818181818181,254.39000000000001,0.577365491651206,0.028469750889679714,212,46.0,5.040880885674946,0.6820240213523132
0.3786588983312733,0.3980883462728145,0.36276206,False,False,False,False,120.0,9,96.74222222222222,0.0,76.4,180.12,0.4515769944341373,0.07317073170731707,16,3.0,6.0328369736981555,0.7865221318879856
0.12635230705063738,0.14575243956338912,0.11047947,False,False,False,False,0.0,0,0.0,0.0,464.0,725.68,0.41855287569573285,0.0,27,111.0,0.0,0.0
0.1494587891279627,0.2598222611080649,0.0591614,False,False,False,False,280.0,5,481.5,0.0,293.5,590.4,0.874582560296846,0.01773049645390071,83,2.0,12.237833282591325,1.7074468085106382
0.3819591066587393,0.44586412583201557,0.32967317,False,False,False,False,247.0,6,723.23,0.0,326.85714285714283,1065.21,0.9413729128014843,0.02214022140221402,320,24.0,4.378626623096263,2.6687453874538747
0.6815357507806339,0.6165016363155662,0.73474544,True,False,False,False,274.0,19,646.6153846153846,0.0,256.2439024390244,1104.31,0.925417439703154,0.09187279151943463,178,9.0,3.17905006512173,2.2848600163087798
0.15471710060326335,0.2393787226034111,0.085448496,False,False,False,False,59.0,1,474.54,0.0,359.5,935.15,0.8708719851576995,0.006944444444444444,88,85.0,5.77121570321793,3.2954166666666667
0.24707162870036625,0.3577543572820351,0.15651304,False,False,False,False,260.0,12,347.84999999999997,0.0,207.07692307692307,582.68,0.7717996289424861,0.043478260869565216,211,16.0,5.1926429267731455,1.2603260869565216
0.12559205344670887,0.16660104308644652,0.09203924,False,False,False,False,79.0,2,322.2,0.0,298.0,443.72,0.7447124304267161,0.020202020202020204,31,20.0,10.597843446394444,3.2545454545454544
0.14624313690361398,0.21022888638569287,0.09389116,False,False,False,False,124.0,2,611.0699999999999,0.0,311.0,1056.3600000000001,0.9161410018552876,0.013422818791946308,46,25.0,13.170149209051473,4.101140939597315
0.23792565578535615,0.3540551985704329,0.14291057,False,False,False,False,35.0,1,762.37,0.0,226.0,980.41,0.9487940630797773,0.006134969325153374,94,128.0,3.525635762083442,4.677116564417178
0.487287251936973,0.5371022528798068,0.4465295,False,False,False,False,246.0,5,984.476,0.0,572.5714285714286,2671.27,0.9721706864564007,0.018115942028985508,157,30.0,8.176861455415736,3.5669420289855074
0.2151878997022239,0.2708665528417357,0.16963263,False,False,False,False,0.0,0,0.0,0.0,555.0,897.8,0.41855287569573285,0.0,61,193.0,0.0,0.0
0.16132565614900013,0.21332661371145029,0.11877941,False,False,False,False,200.0,2,525.37,0.0,341.0,812.25,0.8920222634508349,0.008298755186721992,125,41.0,13.333622532680792,2.1799585062240663
0.6931376730178984,0.45821586687811927,0.8853464,True,False,False,False,0.0,0,0.0,0.0,1361.46111111111,1607.04,0.41855287569573285,0.0,6,80.0,0.0,0.0
0.09093367225885088,0.1388106104281146,0.05176163,False,False,False,False,0.0,0,0.0,0.0,213.0,373.49,0.41855287569573285,0.0,15,277.0,0.0,0.0
0.06498680777935897,0.12683839748498943,0.014380962,False,False,False,False,175.0,4,273.4675,0.0,103.66666666666667,330.6,0.673469387755102,0.0182648401826484,65,44.0,9.86595538446341,1.2487100456621003
0.24136057712966366,0.28820116140962004,0.20303646,False,False,False,False,269.0,9,352.8777777777778,0.0,372.4,480.68,0.7773654916512059,0.03237410071942446,89,9.0,8.642320575371773,1.2693445243804957
0.061085545637556755,0.12815927505680552,0.0062070396,False,False,False,False,196.0,4,353.8,0.0,192.0,470.88,0.7781076066790352,0.01606425702811245,72,53.0,10.101911742381471,1.4208835341365462
0.2594948215288281,0.39332042755956104,0.15000114,False,False,False,False,201.0,2,868.0699999999999,0.0,460.6666666666667,1095.12,0.9617810760667903,0.0070921985815602835,20,81.0,27.574039155111738,3.0782624113475174
0.12143099199163807,0.1552826721453643,0.09373416,False,False,False,False,0.0,0,0.0,0.0,316.0,636.94,0.41855287569573285,0.0,24,228.0,0.0,0.0
0.647778055499998,0.5463130417378022,0.73079485,True,False,False,False,184.0,4,1048.1975,0.0,1281.2,1224.6,0.9743970315398887,0.01694915254237288,15,52.0,16.9593109117377,4.441514830508474
0.393329982238544,0.28694365703956504,0.48037332,False,False,False,False,200.0,1,142.5,0.0,448.5,764.45,0.5128014842300557,0.004273504273504274,108,34.0,19.060743075900913,0.6089743589743589
0.487866001839692,0.5724547362222816,0.41865703,False,False,False,False,279.0,12,916.2616666666667,0.0,260.2352941176471,2184.59,0.9673469387755103,0.04240282685512368,160,4.0,5.8063542745079495,3.237673733804476
0.2710155747262028,0.3698525940770103,0.19014892,False,False,False,False,121.0,1,799.94,0.0,477.0,817.47,0.9547309833024119,0.006329113924050633,166,37.0,8.824831985622597,5.062911392405064
0.04462370008032454,0.0634330823973579,0.029234206,False,False,False,False,0.0,0,0.0,0.0,122.0,175.5,0.41855287569573285,0.0,10,206.0,0.0,0.0
0.08223443267466257,0.14353439984987465,0.032079913,False,False,False,False,207.0,2,280.98,0.0,82.33333333333333,297.16,0.6831168831168831,0.007168458781362007,82,72.0,15.01716853728402,1.0070967741935484
0.3749483249866694,0.502143142904116,0.27087983,False,False,False,False,120.0,1,1110.68,0.0,612.0,1110.68,0.9799628942486085,0.005025125628140704,162,79.0,8.846517369293803,5.581306532663317
0.5662709261424992,0.7145820912272077,0.44492543,True,False,False,False,196.0,3,1752.254799999996,0.0,802.0,3376.08,0.9925788497217068,0.012295081967213115,20,48.0,25.29240492967082,8.274426229508197
0.16747032489315378,0.2696706191463759,0.0838519,False,False,False,False,111.0,2,553.85,0.0,407.0,1019.42,0.9020408163265307,0.00975609756097561,97,94.0,7.78429987939846,2.7017073170731707
0.08527090582788395,0.13795215213829515,0.042168066,False,False,False,False,144.0,4,331.4875,0.0,131.4,379.1,0.7551020408163265,0.016666666666666666,69,96.0,8.921827904521288,1.3811979166666668
0.19570210608428698,0.20846474573757873,0.18525994,False,False,False,False,265.0,3,270.1133333333333,0.0,176.75,684.26,0.6708719851576994,0.011152416356877323,119,4.0,12.423018799949395,1.0041387856257744
0.12067256300717015,0.19262831639513744,0.061799675,False,False,False,False,175.0,5,273.908,0.0,254.33333333333334,496.44,0.674582560296846,0.02824858757062147,42,2.0,9.08723157940732,1.5475028248587572
0.2643522582064761,0.4005649601112236,0.1529055,False,False,False,False,257.0,10,625.589,0.0,294.0833333333333,1142.88,0.9194805194805195,0.0364963503649635,145,17.0,5.974948708170885,2.2831715328467155
0.25321398834626563,0.3500001664568029,0.1740253,False,False,False,False,0.0,0,0.0,0.0,768.0,1580.0,0.41855287569573285,0.0,48,93.0,0.0,0.0
0.7240687807668292,0.7918513263307332,0.66861033,True,False,False,False,201.0,2,1752.254799999996,0.0,839.3333333333334,3685.0121999999938,0.9959183673469387,0.009478672985781991,156,10.0,10.731134975284064,15.350900473933649
0.19930972483096432,0.2833563658117787,0.13054429,False,False,False,False,88.0,6,293.8333333333333,0.0,80.77777777777777,519.6,0.6957328385899815,0.03870967741935484,77,67.0,4.6998793803660295,1.8956989247311826
0.4100169258400473,0.5154588525128967,0.32374626,False,False,False,False,269.0,10,668.792,0.0,649.2727272727273,1093.44,0.9346938775510204,0.0364963503649635,13,5.0,11.801262864405889,2.440846715328467
0.3366749176670111,0.4554264830856404,0.23951453,False,False,False,False,191.0,2,614.96,0.0,451.0,900.08,0.9165120593692022,0.007352941176470588,280,81.0,7.2774527380969785,2.260882352941177
0.32282942235071455,0.4805049730583252,0.19382215,False,False,False,False,257.0,11,795.9990909090909,0.0,228.42105263157896,1947.01,0.9543599257884973,0.040145985401459854,108,17.0,5.647243980396374,2.9051061712010617
0.3961783706089601,0.5311936270176801,0.28571135,False,False,False,False,272.0,13,450.3246153846154,0.0,343.64285714285717,793.36,0.8582560296846011,0.04710144927536232,338,4.0,2.8046764761546394,1.6316109253065776
0.2112837741973673,0.33018607457537885,0.11400007,False,False,False,False,237.0,4,526.09,0.0,409.6,750.0,0.8923933209647495,0.015267175572519083,8,25.0,30.699422558975687,2.0079770992366415
0.0667311192119638,0.13219499993700007,0.013169762,False,False,False,False,192.0,3,331.7066666666667,0.0,131.75,387.47,0.7554730983302412,0.011194029850746268,48,76.0,15.124877016422479,1.2377114427860698
0.07600652479391197,0.14911616131687383,0.01618955,False,False,False,False,184.0,5,336.80199999999996,0.0,237.83333333333334,569.0899999999999,0.7591836734693878,0.02262443438914027,52,37.0,10.403742951253761,1.523990950226244
0.2727862415141769,0.44333554913090506,0.1332459,False,False,False,False,160.0,4,767.0925,0.0,494.8,1654.31,0.9499072356215214,0.0223463687150838,225,19.0,6.080757039820222,4.285432960893854
0.08784929718511796,0.16292687628970093,0.026422186,False,False,False,False,150.0,1,208.5,0.0,67.5,347.15,0.6007421150278293,0.004830917874396135,19,57.0,35.119636798931865,1.0072463768115942
0.17099349508405715,0.23669112743538817,0.11724088,False,False,False,False,258.0,4,501.975,0.0,184.4,871.2,0.8831168831168831,0.014545454545454545,70,17.0,24.43418812953588,1.8253636363636365
0.3727599165619472,0.5068259949554027,0.26306948,False,False,False,False,266.0,13,210.21076923076922,0.0,139.21428571428572,302.37,0.6025974025974026,0.04659498207885305,345,13.0,3.228539891066278,0.753443617314585
0.2837228361439491,0.29380189791250777,0.27547634,False,False,False,False,0.0,0,0.0,0.0,543.0,516.8,0.41855287569573285,0.0,116,95.0,0.0,0.0
0.3418584130977348,0.3900286141975623,0.30244642,False,False,False,False,221.0,3,645.8166666666667,0.0,546.0,1547.58,0.9250463821892393,0.012552301255230125,169,18.0,9.621421106569843,2.7021617852161786
0.164457651845683,0.22089480332107314,0.118281804,False,False,False,False,133.0,1,407.52,0.0,290.0,467.95,0.8307977736549165,0.005649717514124294,174,44.0,9.310562129333505,2.3023728813559323
0.3806629021235428,0.5450514266376411,0.2461632,False,False,False,False,216.0,7,1196.1914285714286,0.0,538.9090909090909,2251.94,0.9814471243042672,0.03167420814479638,65,5.0,7.466151442808203,5.412630898513251
0.08236086562964251,0.1435940135009406,0.032261018,False,False,False,False,60.0,1,373.40000000000003,0.0,142.0,373.4,0.8007421150278293,0.005649717514124294,33,117.0,10.141851056742194,2.1096045197740114
0.2903735841026931,0.42611557128496286,0.17931196,False,False,False,False,165.0,9,515.2800000000001,0.0,279.1818181818182,1001.82,0.8886827458256029,0.05421686746987952,188,1.0,3.5729197855315586,3.104096385542169
0.09244553591910261,0.1834815913571971,0.01796149,False,False,False,False,101.0,2,438.23,0.0,235.5,516.28,0.8515769944341373,0.008888888888888889,77,124.0,8.766684347058542,1.947688888888889
0.2722861090269716,0.36797695556548604,0.1939936,False,False,False,False,261.0,15,323.8933333333333,0.0,133.0625,644.13,0.7461966604823748,0.053763440860215055,110,18.0,4.4591529387065485,1.1609080047789724
0.17596811023104253,0.27257733801444506,0.09692419,False,False,False,False,275.0,3,137.97666666666666,0.0,71.85714285714286,326.4,0.5076066790352505,0.010869565217391304,83,1.0,24.82029192670919,0.499915458937198
0.1163013936276018,0.18307750946830365,0.06166639,False,False,False,False,136.0,2,280.74,0.0,161.66666666666666,510.95,0.6820037105751392,0.007194244604316547,20,142.0,24.430434990931982,1.0098561151079137
0.10882617089395769,0.1907156350600509,0.0418257,False,False,False,False,165.0,3,168.09333333333333,0.0,152.75,208.2,0.548051948051948,0.010638297872340425,69,117.0,12.958099616803871,0.5960756501182033
0.12274937463529494,0.1387959582436435,0.10962035,False,False,False,False,0.0,0,0.0,0.0,399.0,683.64,0.41855287569573285,0.0,40,64.0,0.0,0.0
0.9297541676234113,0.8438981237832942,1.0,True,False,False,False,279.0,19,723.0487301587301,0.0,453.0,2764.29,0.9413729128014843,0.2226148409893993,470,4.0,0.9674078030213835,2.554942509394806
0.3032873394702723,0.4820819635335715,0.15700082,False,False,False,False,167.0,14,409.74285714285713,0.0,145.52941176470588,1175.44,0.8315398886827459,0.07954545454545454,22,9.0,4.641663738286948,2.3280844155844154
0.43592956775442077,0.49336397237281693,0.38893777,False,False,False,False,260.0,19,515.8520000000001,0.0,260.1818181818182,840.38,0.8890538033395177,0.07168458781362007,97,19.0,4.6782555001167205,1.8489318996415773
0.44642878321471746,0.5593671235257373,0.35402468,False,False,False,False,44.0,4,489.9525,0.0,315.0,819.26,0.8779220779220779,0.08,112,6.0,2.131301490443215,9.79905
0.13066117076207018,0.19298341501926525,0.07967024,False,False,False,False,196.0,6,326.82,0.0,330.85714285714283,487.9,0.750278293135436,0.02531645569620253,52,41.0,7.990115230204217,1.3789873417721519
0.3697526790729218,0.5083497780409242,0.25635505,False,False,False,False,267.0,19,498.0455,0.0,277.3809523809524,974.62,0.8812615955473099,0.07246376811594203,67,9.0,5.265808165152224,1.8045126811594203
0.2606427352615188,0.3131206953940548,0.21770622,False,False,False,False,238.0,6,712.4266666666667,0.0,229.25,878.02,0.9402597402597402,0.022222222222222223,181,32.0,5.667013250401754,2.6386172839506177
0.04923595238926497,0.0500635374851246,0.048558835,False,False,False,False,0.0,0,0.0,0.0,123.0,385.83,0.41855287569573285,0.0,22,76.0,0.0,0.0
0.2574444961186534,0.31379582741443435,0.21133886,False,False,False,False,0.0,0,0.0,0.0,643.0,1177.8400000000001,0.41855287569573285,0.0,41,219.0,0.0,0.0
0.10900978972004753,0.17563665585356514,0.0544969,False,False,False,False,0.0,0,0.0,0.0,123.0,263.87,0.41855287569573285,0.0,49,279.0,0.0,0.0
0.1179598807742918,0.19061400149723434,0.0585156,False,False,False,False,155.0,2,489.65000000000003,0.0,180.0,593.72,0.8779220779220779,0.007067137809187279,65,128.0,17.348599743018983,1.7302120141342758
0.08002901010103451,0.06824360804176832,0.08967161,False,False,False,False,0.0,0,0.0,0.0,274.0,532.98,0.41855287569573285,0.0,19,44.0,0.0,0.0
0.2550290032594984,0.3081105548738518,0.21159863,False,False,False,False,37.0,1,328.54,0.0,289.0,939.59,0.7525046382189239,0.0035335689045936395,33,246.0,5.778429189878422,1.1609187279151945
0.5093329525110912,0.7362285865937761,0.32369107,True,False,False,False,277.0,19,536.0457575757576,0.0,221.05263157894737,874.72,0.8949907235621521,0.11870503597122302,377,1.0,1.3589861486735062,1.9282221495530851
0.1429139031646413,0.21515178816798936,0.08381018,False,False,False,False,137.0,5,498.254,0.0,244.83333333333334,811.36,0.8812615955473099,0.02617801047120419,101,54.0,5.563303314926579,2.6086596858638744
0.10409320026076822,0.11969465910145505,0.09132837,False,False,False,False,0.0,0,0.0,0.0,413.0,634.74,0.41855287569573285,0.0,31,78.0,0.0,0.0
0.11712073926653331,0.19691060029855184,0.051838126,False,False,False,False,161.0,1,340.56,0.0,106.0,356.84000000000003,0.7617810760667904,0.006060606060606061,22,4.0,34.112114616897664,2.064
0.4636927257373201,0.48754483690841705,0.44417736,False,False,False,False,275.0,14,697.2192857142857,0.0,252.125,678.15,0.9391465677179963,0.04946996466431095,173,8.0,4.123817181248348,2.4636723876829882
0.2963783883754122,0.4565083304386907,0.16536298,False,False,False,False,260.0,9,721.3955555555556,0.0,452.1,1489.18,0.9410018552875695,0.03345724907063197,201,9.0,5.164464247009993,2.681767864518794
0.2107633843383916,0.38799656913495234,0.06575441,False,False,False,False,278.0,12,271.9841666666667,0.0,90.0,664.83,0.6723562152133581,0.043010752688172046,46,1.0,12.43859598494647,0.9748536439665473
0.6433405443332192,0.5871457886478629,0.68931806,True,False,False,False,266.0,8,943.70875,0.0,254.08333333333334,2662.17,0.9680890538033395,0.028985507246376812,246,10.0,7.654381441860569,3.4192346014492756
0.14690670238071155,0.20270330742848075,0.10125493,False,False,False,False,88.0,1,312.49,0.0,371.5,585.3199999999999,0.7317254174397032,0.010752688172043012,53,5.0,11.360751148875092,3.3601075268817207
0.8951881640491685,0.7670847825071989,1.0,True,False,False,False,282.0,19,298.9001333333333,0.0,152.9506172839506,733.05,0.7001855287569573,0.26501766784452296,1053,1.0,0.49369735194253966,1.0561842167255595
0.21552008433624234,0.3778304003672274,0.082720734,False,False,False,False,227.0,11,262.6027272727273,0.0,181.0,444.73,0.6608534322820037,0.039568345323741004,228,51.0,4.637715717855714,0.944614126880314
0.0925214022189734,0.1348175091413122,0.057915498,False,False,False,False,59.0,1,136.7,0.0,278.0,514.9300000000001,0.5053803339517625,0.006578947368421052,46,93.0,8.646129512999188,0.8993421052631578
0.06633151211942707,0.1255354736658263,0.017891906,False,False,False,False,120.0,1,185.61,0.0,90.0,243.69,0.5706864564007421,0.006666666666666667,18,30.0,26.609208932247498,1.2374
0.15717692180833795,0.17711134982024251,0.14086694,False,False,False,False,0.0,0,0.0,0.0,534.0,797.65,0.41855287569573285,0.0,29,111.0,0.0,0.0
0.26729142858107546,0.34873876733955766,0.20065269,False,False,False,False,263.0,13,479.0338461538462,0.0,153.95454545454547,590.03,0.8716141001855288,0.046762589928057555,83,15.0,4.4376813782808,1.7231433314886553
0.8194834923752006,0.8097722212490894,0.82742906,True,False,False,False,106.0,1,1752.254799999996,0.0,1361.46111111111,2919.5099999999998,0.9936920222634509,0.004273504273504274,162,128.0,7.610356481348039,10.206452991452991
0.23645626697273373,0.37090360993216037,0.12645389,False,False,False,False,239.0,7,722.6228571428571,0.0,402.75,895.0,0.9413729128014843,0.028225806451612902,27,9.0,13.762378472651076,2.913801843317972
0.1610952966606705,0.23169667703047692,0.10333053,False,False,False,False,145.0,1,300.29999999999995,0.0,95.0,307.8,0.701669758812616,0.0037174721189591076,12,124.0,40.215764226329114,1.1163568773234198
0.09508066044825664,0.1608163444880722,0.041296918,False,False,False,False,107.0,1,472.54,0.0,262.3333333333333,472.54,0.8697588126159554,0.008130081300813009,59,16.0,12.881286280177308,3.841788617886179
0.05463866279233582,0.07360444186371978,0.039121207,False,False,False,False,0.0,0,0.0,0.0,40.0,155.8,0.41855287569573285,0.0,9,36.0,0.0,0.0
0.07215321094913171,0.12710331490465637,0.027194034,False,False,False,False,97.0,2,307.8,0.0,214.0,522.29,0.7198515769944341,0.01282051282051282,77,59.0,8.431790368553214,1.9730769230769232
0.08416500046752605,0.15059054957281026,0.029816823,False,False,False,False,235.0,3,299.52666666666664,0.0,186.0,414.3,0.700556586270872,0.011152416356877323,34,34.0,24.73489669899293,1.1134820322180916
0.1441292015972859,0.2798433473845602,0.033090353,False,False,False,False,280.0,7,190.72142857142856,0.0,116.875,310.2,0.5758812615955473,0.024822695035460994,37,2.0,17.231397291908127,0.6763171225937183
0.08919853353086148,0.15576140767077679,0.034738,False,False,False,False,175.0,3,204.83333333333334,0.0,78.6,342.61,0.5948051948051948,0.010869565217391304,64,101.0,12.614175659473043,0.7421497584541064
0.06771284822133083,0.10104772356940417,0.040438857,False,False,False,False,157.0,2,337.69,0.0,262.6666666666667,375.26,0.7595547309833024,0.009615384615384616,32,51.0,17.57362147917006,1.6235096153846154
0.2611506464157773,0.3253840974247616,0.208596,False,False,False,False,252.0,10,360.59000000000003,0.0,123.0,765.85,0.788126159554731,0.036231884057971016,170,24.0,5.504679813300154,1.306485507246377
0.07551329933303408,0.1271880992628427,0.03323392,False,False,False,False,113.0,3,168.25333333333333,0.0,97.5,203.78,0.548051948051948,0.02,27,37.0,10.97537350295705,1.121688888888889
0.21379799780319103,0.28663247022518334,0.15420616,False,False,False,False,158.0,8,269.17375,0.0,95.4,499.95,0.6705009276437848,0.034782608695652174,163,72.0,4.197501647447112,1.170320652173913
0.09198405098433254,0.13374793588044376,0.0578136,False,False,False,False,0.0,0,0.0,0.0,215.0,331.28,0.41855287569573285,0.0,73,170.0,0.0,0.0
0.4086219963736073,0.516963401835657,0.319979,False,False,False,False,96.0,2,1227.3,0.0,444.6666666666667,1444.8,0.9821892393320965,0.007547169811320755,104,169.0,6.1539874974648745,4.631320754716981
0.0894263890574839,0.14465507554576712,0.044239283,False,False,False,False,131.0,1,184.73,0.0,68.0,184.73,0.5695732838589982,0.004016064257028112,52,118.0,18.027756377319946,0.7418875502008032
0.08411530363117856,0.1344874574642535,0.04290172,False,False,False,False,66.0,2,317.61,0.0,192.33333333333334,350.57,0.7417439703153988,0.013245033112582781,51,85.0,5.889639471762649,2.1033774834437087
0.09294500144613371,0.15606608114402792,0.04130048,False,False,False,False,158.0,3,254.25333333333333,0.0,263.75,402.41999999999996,0.6530612244897959,0.013043478260869565,110,72.0,7.856077183808005,1.1054492753623189
0.16945831045822884,0.1926521033118519,0.15048157,False,False,False,False,118.0,2,310.345,0.0,468.0,313.8,0.7257884972170686,0.010050251256281407,49,81.0,11.161033701699559,1.5595226130653268
0.10234757207185367,0.16640072630181002,0.049940445,False,False,False,False,202.0,4,344.37,0.0,268.2,366.31,0.7680890538033395,0.01932367149758454,95,5.0,10.807675714355785,1.663623188405797
0.14458624636760806,0.2125192265959019,0.08900472,False,False,False,False,147.0,1,322.13,0.0,134.5,322.13,0.7447124304267161,0.003676470588235294,140,125.0,11.513928614823026,1.1843014705882353
0.09791572673609615,0.17630936996783947,0.03377547,False,False,False,False,202.0,6,199.33833333333334,0.0,91.5,387.71,0.5892393320964749,0.02702702702702703,76,20.0,8.286944269670087,0.8979204204204204
0.1632295954750102,0.2038034374020985,0.13003281,False,False,False,False,192.0,1,532.22,0.0,203.5,532.22,0.8938775510204081,0.0035460992907801418,66,90.0,22.319546638813357,1.8873049645390072
0.0839305772858276,0.13046694535401443,0.045855366,False,False,False,False,0.0,0,0.0,0.0,116.0,165.86,0.41855287569573285,0.0,11,279.0,0.0,0.0
0.17694879893620777,0.2733455311183569,0.09807874,False,False,False,False,279.0,5,361.524,0.0,273.6666666666667,480.52,0.7896103896103897,0.01773049645390071,207,3.0,7.945918828734182,1.282
0.1453284467848438,0.18365629747891826,0.113969296,False,False,False,False,0.0,0,0.0,0.0,331.0,478.89,0.41855287569573285,0.0,30,276.0,0.0,0.0
0.07928362702128183,0.15800701721502436,0.014873581,False,False,False,False,131.0,3,166.8133333333333,0.0,77.75,283.03,0.5473098330241187,0.012295081967213115,37,113.0,13.866191079771278,0.6836612021857922
0.16653607256776967,0.25588671846669864,0.093430996,False,False,False,False,95.0,3,168.47,0.0,89.0,221.84,0.5487940630797774,0.030927835051546393,102,2.0,4.695362158175421,1.7368041237113403
0.23248309613046958,0.33627115953361353,0.14756559,False,False,False,False,239.0,9,146.89333333333335,0.0,135.6,228.96000000000004,0.5183673469387755,0.03237410071942446,4,39.0,19.788353831696586,0.5283932853717027
0.04157817124717242,0.05841501353830775,0.027802572,False,False,False,False,0.0,0,0.0,0.0,87.0,216.95000000000002,0.41855287569573285,0.0,12,171.0,0.0,0.0
0.10650121983482846,0.1855199660767981,0.041849516,False,False,False,False,255.0,5,449.104,0.0,223.66666666666666,640.14,0.8571428571428571,0.018518518518518517,111,15.0,8.97697609625958,1.663348148148148
0.1130820450950236,0.18637209170804442,0.05311746,False,False,False,False,172.0,1,110.96000000000001,0.0,57.5,150.83,0.46307977736549166,0.005208333333333333,42,20.0,26.540176193479812,0.5779166666666667
0.04880302328548962,0.048976675585069795,0.04866094,False,False,False,False,0.0,0,0.0,0.0,260.0,369.85,0.41855287569573285,0.0,24,67.0,0.0,0.0
0.13054633026671017,0.19157473158729527,0.080614,False,False,False,False,0.0,0,0.0,0.0,39.0,110.35000000000001,0.41855287569573285,0.0,34,281.0,0.0,0.0
0.09912636537066452,0.1321383241969425,0.072116576,False,False,False,False,109.0,3,343.6933333333333,0.0,262.5,456.84,0.7669758812615955,0.018404907975460124,15,54.0,11.675375537403237,2.1085480572597137
0.07844176689805024,0.0825324941569221,0.075094804,False,False,False,False,0.0,0,0.0,0.0,277.0,366.45,0.41855287569573285,0.0,24,17.0,0.0,0.0
0.057399319445473065,0.05400134862657413,0.06017948,False,False,False,False,0.0,0,0.0,0.0,212.0,333.0,0.41855287569573285,0.0,12,170.0,0.0,0.0
0.13600069516416186,0.24859139176465395,0.043881033,False,False,False,False,245.0,7,134.6642857142857,0.0,35.375,231.9,0.5031539888682746,0.02527075812274368,65,32.0,11.038187539556278,0.48615265600825164
0.10539545173462261,0.09478933402820933,0.11407318,False,False,False,False,0.0,0,0.0,0.0,172.0,759.56,0.41855287569573285,0.0,13,40.0,0.0,0.0
0.03268170987278187,0.03182077732814603,0.033386108,False,False,False,False,0.0,0,0.0,0.0,99.0,300.55,0.41855287569573285,0.0,14,93.0,0.0,0.0
0.23633533027742146,0.35569239119630913,0.13867955,False,False,False,False,116.0,1,835.08,0.0,232.0,835.08,0.9588126159554731,0.00819672131147541,37,6.0,17.292259025998383,6.844918032786886
0.07214641084994573,0.14541450325208016,0.012199789,False,False,False,False,231.0,3,347.6166666666666,0.0,128.75,408.0,0.7714285714285715,0.010752688172043012,57,48.0,20.690300253746017,1.245937873357228
0.12050670928853201,0.18591351359193958,0.06699205,False,False,False,False,84.0,1,515.7,0.0,296.0,515.7,0.8886827458256029,0.0048543689320388345,32,122.0,13.464377953853287,2.5033980582524276
0.03608116445400856,0.04801493000009638,0.026317174,False,False,False,False,0.0,0,0.0,0.0,72.0,236.0,0.41855287569573285,0.0,10,115.0,0.0,0.0
0.09895714716253756,0.1993993787553151,0.01677714,False,False,False,False,185.0,5,152.034,0.0,104.16666666666667,322.01,0.527643784786642,0.018656716417910446,51,83.0,10.436808504634676,0.5672910447761194
0.11322474349830836,0.10675966451111302,0.11851435,False,False,False,False,0.0,0,0.0,0.0,430.0,304.09999999999997,0.41855287569573285,0.0,21,58.0,0.0,0.0
0.12027462115495911,0.16143509724867589,0.08659787,False,False,False,False,149.0,1,161.02,0.0,269.5,320.21999999999997,0.5402597402597402,0.004098360655737705,37,95.0,24.83333333333334,0.6599180327868853
0.1256131073213863,0.17826778808727256,0.082532,False,False,False,False,13.0,1,174.64,0.0,223.5,242.91,0.5554730983302412,0.018867924528301886,33,40.0,2.028370211348441,3.2950943396226413
0.8993531985684226,0.7763404147722079,1.0,True,False,False,False,80.0,3,1397.493333333333,0.0,1361.46111111111,2221.84,0.9851576994434137,0.037037037037037035,13,1.0,8.17127578161205,17.253004115226336
0.08712714777426141,0.12624693945682086,0.055120043,False,False,False,False,0.0,0,0.0,0.0,102.0,169.64999999999998,0.41855287569573285,0.0,27,278.0,0.0,0.0
0.10121641754618785,0.193322430871405,0.025856951,False,False,False,False,219.0,6,192.82333333333335,0.0,74.5,227.62,0.5799628942486086,0.02158273381294964,49,59.0,11.410987945580805,0.6936091127098322
0.12675323623846568,0.200525255411435,0.06639431,False,False,False,False,112.0,1,251.56,0.0,123.5,363.17,0.6489795918367347,0.0035842293906810036,101,167.0,10.827448677311425,0.9016487455197133
0.09899379650566122,0.1837769722455771,0.029625742,False,False,False,False,176.0,3,170.84,0.0,89.5,250.46,0.5495361781076067,0.010638297872340425,30,106.0,20.34569771056693,0.6058156028368794
0.09735501204670263,0.13255770879190926,0.06855281,False,False,False,False,0.0,0,0.0,0.0,346.0,628.15,0.41855287569573285,0.0,34,169.0,0.0,0.0
0.2940062004575995,0.38662381045241423,0.21822815,False,False,False,False,256.0,4,850.8425,0.0,655.8,1220.4,0.9606679035250464,0.014184397163120567,51,26.0,13.58081447618316,3.0171719858156028
0.13874023649992107,0.22426243995961342,0.068767525,False,False,False,False,90.0,2,571.61,0.0,375.3333333333333,817.44,0.9061224489795918,0.01092896174863388,44,93.0,8.609202145490658,3.123551912568306
0.10236584186829042,0.1732778958209557,0.044346888,False,False,False,False,142.0,3,206.76666666666665,0.0,104.25,366.44,0.5974025974025974,0.01079136690647482,67,136.0,12.998835937128183,0.7437649880095922
0.08724180750004196,0.1487408651124933,0.036924396,False,False,False,False,63.0,1,320.58,0.0,176.0,320.58,0.7439703153988868,0.004807692307692308,24,145.0,12.859821149611685,1.54125
0.1326360889406281,0.1793898146751362,0.09438304,False,False,False,False,131.0,3,352.80999999999995,0.0,274.75,987.42,0.7773654916512059,0.01639344262295082,104,52.0,7.613106051638941,1.9279234972677592
0.2390480674309804,0.3545811191760332,0.14452103,False,False,False,False,243.0,1,602.21,0.0,167.5,602.21,0.913543599257885,0.0036101083032490976,26,34.0,48.40000000000002,2.174043321299639
0.07802547493667017,0.1399885610097119,0.027328404,False,False,False,False,235.0,4,288.175,0.0,208.4,335.3,0.689795918367347,0.014388489208633094,50,43.0,15.778713143394757,1.0366007194244604
0.10548345055687801,0.16304945077075728,0.058383998,False,False,False,False,73.0,1,116.56,0.0,140.0,151.63,0.47346938775510206,0.012048192771084338,24,10.0,14.696938456699069,1.4043373493975904
0.036636943807279346,0.05671200211969851,0.020211896,False,False,False,False,0.0,0,0.0,0.0,77.0,102.97999999999999,0.41855287569573285,0.0,20,93.0,0.0,0.0
0.06090169359298773,0.09922330901693915,0.029547645,False,False,False,False,0.0,0,0.0,0.0,78.0,153.78,0.41855287569573285,0.0,7,228.0,0.0,0.0
0.11994817023379904,0.16883674407233357,0.079948425,False,False,False,False,188.0,3,162.85,0.0,123.5,509.5,0.5417439703153989,0.013574660633484163,21,33.0,19.42295630245544,0.7368778280542986
0.06005790534048934,0.06656618338888792,0.05473295,False,False,False,False,0.0,0,0.0,0.0,192.0,306.64,0.41855287569573285,0.0,3,178.0,0.0,0.0
0.16679584230070887,0.251205290248782,0.097733565,False,False,False,False,190.0,1,258.12,0.0,77.0,258.12,0.6567717996289425,0.0038022813688212928,16,73.0,49.05778905196062,0.9814448669201521
0.15091947584106025,0.19156211214492708,0.11766641,False,False,False,False,98.0,2,449.485,0.0,350.3333333333333,563.64,0.8571428571428571,0.017241379310344827,46,18.0,9.223977504650001,3.8748706896551726
0.0943206855518072,0.1831433569087914,0.021647591,False,False,False,False,190.0,2,267.83000000000004,0.0,149.0,398.97999999999996,0.6697588126159555,0.00966183574879227,18,17.0,32.282709510407166,1.293864734299517
0.04913433345961512,0.07480919946802855,0.028127624,False,False,False,False,0.0,0,0.0,0.0,122.0,195.9,0.41855287569573285,0.0,11,219.0,0.0,0.0
0.08705147587229745,0.07213083920589058,0.099259265,False,False,False,False,0.0,0,0.0,0.0,358.0,318.7,0.41855287569573285,0.0,11,95.0,0.0,0.0
0.24202524473038237,0.3267928704016059,0.17266992,False,False,False,False,138.0,3,638.3733333333333,0.0,292.57142857142856,1534.3,0.9224489795918367,0.018518518518518517,144,24.0,6.677204741699347,3.940576131687243
0.1858986401080555,0.24969169023290083,0.13370432,False,False,False,False,144.0,5,307.668,0.0,93.42857142857143,555.27,0.7194805194805195,0.022123893805309734,188,82.0,5.394643875148989,1.361362831858407
0.067273214593012,0.08933076043808652,0.04922613,False,False,False,False,0.0,0,0.0,0.0,102.0,115.72,0.41855287569573285,0.0,7,22.0,0.0,0.0
0.0652753134843081,0.12906973387386395,0.013079878,False,False,False,False,180.0,4,265.58,0.0,194.6,431.78,0.6656771799628942,0.020512820512820513,49,15.0,12.395962528406164,1.361948717948718
0.08398562999084097,0.11504235270982544,0.058575585,False,False,False,False,0.0,0,0.0,0.0,51.5,160.1,0.41855287569573285,0.0,52,156.0,0.0,0.0
0.06160587087446399,0.06447263095497968,0.05926034,False,False,False,False,0.0,0,0.0,0.0,140.0,285.16,0.41855287569573285,0.0,16,15.0,0.0,0.0
0.09316004125170987,0.13682229779148725,0.057436377,False,False,False,False,29.0,1,205.84,0.0,93.0,205.84,0.5970315398886827,0.006944444444444444,19,115.0,6.423640548375729,1.4294444444444445
0.0803613043225708,0.12390865940670226,0.04473165,False,False,False,False,120.0,1,453.75,0.0,254.5,453.75,0.8586270871985158,0.0056179775280898875,42,58.0,17.88854381999832,2.5491573033707864
0.04811986367122509,0.07066623657315257,0.02967283,False,False,False,False,0.0,0,0.0,0.0,157.0,310.73,0.41855287569573285,0.0,14,218.0,0.0,0.0
0.05160003031589442,0.08039952497897002,0.028036807,False,False,False,False,0.0,0,0.0,0.0,66.0,187.50000000000003,0.41855287569573285,0.0,8,208.0,0.0,0.0
0.17784462384130081,0.3165062326357435,0.06439421,False,False,False,False,231.0,7,120.41285714285716,0.0,32.125,385.47,0.47977736549165123,0.028688524590163935,17,13.0,20.307419933310737,0.4934953161592507
0.10239899272285001,0.1342250845953733,0.07635946,False,False,False,False,0.0,0,0.0,0.0,24.0,118.80000000000001,0.41855287569573285,0.0,1,9.0,0.0,0.0
0.12383215188725998,0.2388154894057073,0.029754875,False,False,False,False,259.0,3,226.82000000000002,0.0,139.5,310.8,0.6244897959183674,0.010638297872340425,25,23.0,34.09682209988085,0.8043262411347518
0.19573579195694962,0.3037964930922199,0.10732249,False,False,False,False,262.0,7,325.4814285714286,0.0,146.88888888888889,614.38,0.7487940630797774,0.025830258302583026,245,9.0,6.447441710052185,1.2010384818133897
0.12217589313297965,0.17067660544778457,0.08249349,False,False,False,False,250.0,4,306.8075,0.0,166.6,676.1,0.7172541743970315,0.014492753623188406,54,26.0,16.8030948900706,1.1116213768115941
0.1179039011244922,0.19143782111118218,0.057739787,False,False,False,False,0.0,0,0.0,0.0,4.0,17.2,0.41855287569573285,0.0,8,232.0,0.0,0.0
0.0845926702687021,0.16612276656624914,0.017886227,False,False,False,False,195.0,5,166.34,0.0,91.83333333333333,308.2,0.5450834879406308,0.023696682464454975,42,16.0,11.38509284033515,0.7883412322274882
0.06792297517407521,0.1035443926331861,0.03877818,False,False,False,False,0.0,0,0.0,0.0,37.0,131.7,0.41855287569573285,0.0,15,222.0,0.0,0.0
0.03992126435436291,0.06231006898035568,0.02160315,False,False,False,False,0.0,0,0.0,0.0,40.0,114.04,0.41855287569573285,0.0,11,129.0,0.0,0.0
0.08151756656289949,0.13988564537897935,0.033761866,False,False,False,False,202.0,2,348.605,0.0,136.66666666666666,366.6,0.7732838589981447,0.007462686567164179,45,66.0,25.50063937817347,1.3007649253731344
0.08529776605130089,0.16345902843410998,0.021347642,False,False,False,False,121.0,1,110.38,0.0,91.0,201.94,0.4623376623376623,0.004016064257028112,35,128.0,19.466570535691513,0.443293172690763
0.1807171775013446,0.23162618237739124,0.13906436,False,False,False,False,23.0,1,14.95,0.0,367.5,856.63,0.42115027829313545,0.00684931506849315,32,123.0,3.9513166445890477,0.1023972602739726
0.09314893181454723,0.1544535034857764,0.042990644,False,False,False,False,253.0,4,376.9625,0.0,197.8,429.12,0.8048237476808905,0.014388489208633094,39,25.0,15.080275442412075,1.355980215827338
0.12647680227316827,0.2383794187805699,0.034920115,False,False,False,False,222.0,8,215.16125,0.0,89.22222222222223,430.5,0.6074211502782931,0.035398230088495575,71,4.0,10.074974868541744,0.9520409292035398
0.062205018898841134,0.09575112506415312,0.034758203,False,False,False,False,0.0,0,0.0,0.0,171.0,220.9,0.41855287569573285,0.0,23,236.0,0.0,0.0
0.2178804894212949,0.2705659347384214,0.17477421,False,False,False,False,195.0,3,701.9,0.0,334.5,1388.92,0.939517625231911,0.013157894736842105,84,33.0,14.007956333863012,3.0785087719298243
0.04064991520918429,0.04148403410728374,0.039967455,False,False,False,False,0.0,0,0.0,0.0,164.0,252.1,0.41855287569573285,0.0,16,129.0,0.0,0.0
0.15900266774703253,0.17537830291432782,0.14560442,False,False,False,False,0.0,0,0.0,0.0,410.0,556.46,0.41855287569573285,0.0,24,226.0,0.0,0.0
0.08101087910237821,0.13891883006367223,0.033631645,False,False,False,False,208.0,2,352.18499999999995,0.0,174.66666666666666,394.18,0.776252319109462,0.007272727272727273,38,67.0,24.654040346895602,1.2806727272727272
0.04072419741720805,0.04350587314965215,0.03844828,False,False,False,False,0.0,0,0.0,0.0,127.0,302.85,0.41855287569573285,0.0,18,146.0,0.0,0.0
0.07793287524583373,0.13397591316043078,0.03207948,False,False,False,False,59.0,1,379.22,0.0,220.5,424.64,0.8059369202226345,0.006944444444444444,33,85.0,10.429825022501577,2.633472222222222
0.08060973367185939,0.13903519027965044,0.032807086,False,False,False,False,80.0,2,304.385,0.0,91.33333333333333,423.55,0.7090909090909091,0.010101010101010102,40,118.0,8.113612777513033,1.5372979797979798
0.2170221392923642,0.23797825742961054,0.19987622,False,False,False,False,25.0,1,307.8,0.0,418.0,576.4,0.7198515769944341,0.0136986301369863,12,48.0,6.25,4.2164383561643834
0.05407865750534595,0.07235426941940654,0.039125882,False,False,False,False,0.0,0,0.0,0.0,156.0,152.76,0.41855287569573285,0.0,3,178.0,0.0,0.0
0.08906858606258532,0.08832987410314658,0.08967298,False,False,False,False,0.0,0,0.0,0.0,281.0,511.03,0.41855287569573285,0.0,34,37.0,0.0,0.0
0.1348517080360634,0.21045851822561307,0.07299159,False,False,False,False,174.0,2,632.9200000000001,0.0,286.0,846.69,0.9217068645640074,0.00904977375565611,110,47.0,11.02245996390615,2.8638914027149323
0.06258520919083058,0.13241083914203772,0.0054551484,False,False,False,False,131.0,3,273.10999999999996,0.0,96.5,388.0,0.673469387755102,0.01327433628318584,32,95.0,13.68556259917414,1.2084513274336282
0.1173713163015708,0.10366741826743209,0.1285836,False,False,False,False,0.0,0,0.0,0.0,245.0,749.45,0.41855287569573285,0.0,16,37.0,0.0,0.0
0.06033514474722039,0.06153735926619924,0.059351515,False,False,False,False,0.0,0,0.0,0.0,230.0,285.68,0.41855287569573285,0.0,18,30.0,0.0,0.0
0.32169765207011425,0.39085785487932023,0.265112,False,False,False,False,83.0,1,817.89,0.0,449.5,817.89,0.9565862708719851,0.00980392156862745,113,19.0,7.247844507162112,8.018529411764705
0.26554691615849335,0.2362941663165798,0.28948098,False,False,False,False,0.0,0,0.0,0.0,554.0,905.6,0.41855287569573285,0.0,25,2.0,0.0,0.0
0.06230454268926926,0.0634328220260264,0.061381407,False,False,False,False,0.0,0,0.0,0.0,238.0,227.32,0.41855287569573285,0.0,16,170.0,0.0,0.0
0.03886326229168302,0.04476459518832909,0.034034897,False,False,False,False,0.0,0,0.0,0.0,115.0,257.89,0.41855287569573285,0.0,18,142.0,0.0,0.0
0.11405483724313432,0.1893425421943809,0.052455805,False,False,False,False,246.0,5,463.076,0.0,145.5,562.4,0.8653061224489796,0.0176678445229682,84,37.0,9.346457698215708,1.6363109540636043
0.0918629541116944,0.15401795073085162,0.041008864,False,False,False,False,112.0,2,148.875,0.0,95.5,272.21,0.5224489795918368,0.013333333333333334,116,38.0,6.585750281211174,0.9925
0.18426221887544045,0.3374722579071974,0.05890855,False,False,False,False,256.0,11,268.92727272727274,0.0,45.61538461538461,388.05,0.6701298701298701,0.040145985401459854,37,18.0,10.785256205228944,0.981486396814864
0.24531751476743666,0.29955824995524016,0.20093873,False,False,False,False,253.0,1,662.5600000000001,0.0,220.0,662.5600000000001,0.9320964749536178,0.0037174721189591076,66,16.0,31.14214721777119,2.4630483271375465
0.10080718264698078,0.1851160951945316,0.031827163,False,False,False,False,87.0,2,299.3,0.0,174.0,462.5,0.700556586270872,0.008264462809917356,33,155.0,13.46001929745678,1.2367768595041322
0.07837704126698862,0.15273028001549266,0.017542573,False,False,False,False,51.0,1,120.05000000000001,0.0,27.5,137.9,0.4790352504638219,0.008130081300813009,9,72.0,15.377078573465944,0.9760162601626017
0.04959383318895752,0.05497728558766962,0.04518919,False,False,False,False,0.0,0,0.0,0.0,166.0,136.29,0.41855287569573285,0.0,13,46.0,0.0,0.0
0.13483205305987384,0.22028584154565656,0.064915314,False,False,False,False,193.0,5,425.154,0.0,310.6666666666667,769.24,0.8426716141001855,0.025252525252525252,119,5.0,7.72508360554312,2.147242424242424
0.08193442257358681,0.14559765313762318,0.029846324,False,False,False,False,230.0,3,225.01333333333332,0.0,96.33333333333333,358.22,0.6226345083487941,0.01090909090909091,35,45.0,18.11778456785097,0.818230303030303
0.14894811823365844,0.2076207601228855,0.10094323,False,False,False,False,166.0,1,556.93,0.0,119.0,556.93,0.9038961038961039,0.004166666666666667,82,74.0,18.2208671582886,2.3205416666666663
0.18290942878662686,0.21839941477641223,0.15387216,False,False,False,False,227.0,2,430.345,0.0,123.33333333333333,536.59,0.8467532467532467,0.007462686567164179,165,41.0,13.775082002357221,1.6057649253731345
0.05459862367138741,0.08331564103730249,0.031102883,False,False,False,False,0.0,0,0.0,0.0,34.0,118.05,0.41855287569573285,0.0,19,180.0,0.0,0.0
0.14180892818717572,0.234685410251185,0.06581908,False,False,False,False,162.0,6,451.13500000000005,0.0,149.85714285714286,809.9200000000001,0.8586270871985158,0.03508771929824561,43,9.0,6.799509786251751,2.6382163742690063
0.12391275952959092,0.12731351876046992,0.12113032,False,False,False,False,0.0,0,0.0,0.0,384.0,292.68,0.41855287569573285,0.0,23,10.0,0.0,0.0
0.13233666563329596,0.13331627833175436,0.13153516,False,False,False,False,0.0,0,0.0,0.0,158.0,186.31,0.41855287569573285,0.0,63,10.0,0.0,0.0
0.1350857536433493,0.1345178474846493,0.1355504,False,False,False,False,0.0,0,0.0,0.0,445.0,482.78999999999996,0.41855287569573285,0.0,14,156.0,0.0,0.0
0.13725547411965922,0.2250776504792018,0.065400966,False,False,False,False,252.0,6,472.7266666666667,0.0,269.0,691.21,0.8697588126159554,0.022388059701492536,150,16.0,8.10255318356347,1.763905472636816
0.11123441831090722,0.20098889289782385,0.037798937,False,False,False,False,178.0,1,142.05,0.0,100.0,145.25,0.5120593692022264,0.0045045045045045045,26,44.0,34.25611597191779,0.6398648648648649
0.08393267001069948,0.16255395319411853,0.019606166,False,False,False,False,256.0,5,347.998,0.0,189.0,402.08000000000004,0.7717996289424861,0.01824817518248175,71,18.0,13.667749874403853,1.270065693430657
0.09264848471263495,0.16843134116418818,0.03064433,False,False,False,False,198.0,3,433.8166666666666,0.0,194.2,522.08,0.8482374768089054,0.011029411764705883,51,74.0,20.706673561108992,1.5949142156862743
0.09186864346818305,0.15349377941326248,0.041448075,False,False,False,False,44.0,1,305.56,0.0,132.5,305.56,0.7142857142857143,0.00558659217877095,18,135.0,9.838699100999072,1.7070391061452515
0.05747247136128163,0.04465522912900127,0.0679593,False,False,False,False,0.0,0,0.0,0.0,211.0,459.84,0.41855287569573285,0.0,20,80.0,0.0,0.0
0.05871396923043558,0.05550183441855794,0.061342075,False,False,False,False,0.0,0,0.0,0.0,252.0,344.86,0.41855287569573285,0.0,22,123.0,0.0,0.0
